# Blender 5.0.1
# www.blender.org
mtllib laba3.mtl
o Cylinder002
v 0.305101 1.061953 0.013978
v 0.338467 1.033215 0.006255
v 0.346031 1.046662 0.004504
v 0.348657 1.061953 0.003895
v 0.312664 1.017924 0.012227
v 0.326879 1.023234 0.008937
v 0.283322 1.023234 0.019020
v 0.297537 1.017924 0.015729
v 0.264171 1.046662 0.023453
v 0.271734 1.033215 0.021702
v 0.264171 1.077244 0.023453
v 0.261544 1.061953 0.024062
v 0.283322 1.100672 0.019020
v 0.271734 1.090691 0.021702
v 0.312664 1.105982 0.012227
v 0.297537 1.105982 0.015729
v 0.338467 1.090691 0.006255
v 0.326879 1.100672 0.008937
v 0.346031 1.077244 0.004504
v 0.342333 1.046662 -0.011470
v 0.344960 1.061953 -0.012077
v 0.334769 1.033215 -0.009718
v 0.323181 1.023234 -0.007036
v 0.308967 1.017924 -0.003746
v 0.293840 1.017924 -0.000244
v 0.279625 1.023234 0.003046
v 0.268037 1.033215 0.005729
v 0.260473 1.046662 0.007480
v 0.257847 1.061953 0.008087
v 0.260473 1.077244 0.007480
v 0.268037 1.090691 0.005729
v 0.279625 1.100672 0.003046
v 0.293840 1.105982 -0.000244
v 0.308967 1.105982 -0.003746
v 0.323181 1.100672 -0.007036
v 0.334769 1.090691 -0.009718
v 0.342333 1.077244 -0.011470
v 0.338635 1.046662 -0.027443
v 0.341262 1.061953 -0.028051
v 0.331072 1.033215 -0.025692
v 0.319484 1.023234 -0.023010
v 0.305269 1.017924 -0.019719
v 0.290142 1.017924 -0.016217
v 0.275927 1.023234 -0.012927
v 0.264339 1.033215 -0.010244
v 0.256776 1.046662 -0.008493
v 0.254149 1.061953 -0.007885
v 0.256776 1.077244 -0.008493
v 0.264339 1.090691 -0.010244
v 0.275927 1.100672 -0.012927
v 0.290142 1.105982 -0.016217
v 0.305269 1.105982 -0.019719
v 0.319484 1.100672 -0.023010
v 0.331072 1.090691 -0.025692
v 0.338635 1.077244 -0.027443
v 0.334938 1.046662 -0.043416
v 0.337565 1.061953 -0.044024
v 0.327374 1.033215 -0.041665
v 0.315786 1.023234 -0.038982
v 0.301571 1.017924 -0.035692
v 0.286444 1.017924 -0.032190
v 0.272230 1.023234 -0.028900
v 0.260642 1.033215 -0.026218
v 0.253078 1.046662 -0.024467
v 0.250451 1.061953 -0.023859
v 0.253078 1.077244 -0.024467
v 0.260642 1.090691 -0.026218
v 0.272230 1.100672 -0.028900
v 0.286444 1.105982 -0.032191
v 0.301571 1.105982 -0.035692
v 0.315786 1.100672 -0.038982
v 0.327374 1.090691 -0.041665
v 0.334938 1.077244 -0.043416
v 0.331240 1.046662 -0.059390
v 0.333867 1.061953 -0.059997
v 0.323677 1.033215 -0.057639
v 0.312089 1.023234 -0.054956
v 0.297874 1.017924 -0.051666
v 0.282747 1.017924 -0.048164
v 0.268532 1.023234 -0.044873
v 0.256944 1.033215 -0.042190
v 0.249381 1.046662 -0.040439
v 0.246754 1.061953 -0.039832
v 0.249381 1.077244 -0.040439
v 0.256944 1.090691 -0.042190
v 0.268532 1.100672 -0.044873
v 0.282747 1.105982 -0.048164
v 0.297874 1.105982 -0.051666
v 0.312089 1.100672 -0.054956
v 0.323677 1.090691 -0.057639
v 0.331240 1.077244 -0.059390
v 0.327543 1.046662 -0.075363
v 0.330169 1.061953 -0.075970
v 0.319979 1.033215 -0.073612
v 0.308391 1.023234 -0.070929
v 0.294176 1.017924 -0.067638
v 0.279049 1.017924 -0.064136
v 0.264834 1.023234 -0.060846
v 0.253246 1.033215 -0.058163
v 0.245683 1.046662 -0.056413
v 0.243056 1.061953 -0.055805
v 0.245683 1.077244 -0.056413
v 0.253246 1.090691 -0.058163
v 0.264834 1.100672 -0.060846
v 0.279049 1.105982 -0.064136
v 0.294176 1.105982 -0.067638
v 0.308391 1.100672 -0.070929
v 0.319979 1.090691 -0.073612
v 0.327543 1.077244 -0.075363
v 0.286613 1.061953 -0.065887
v 0.314164 1.061953 0.053132
v 0.353551 1.028030 0.044014
v 0.362479 1.043903 0.041948
v 0.365579 1.061953 0.041231
v 0.323092 1.009980 0.051066
v 0.339872 1.016249 0.047182
v 0.288457 1.016249 0.059083
v 0.305236 1.009980 0.055199
v 0.265850 1.043903 0.064316
v 0.274778 1.028030 0.062251
v 0.265850 1.080003 0.064316
v 0.262749 1.061953 0.065034
v 0.288457 1.107657 0.059083
v 0.274778 1.095876 0.062251
v 0.323092 1.113926 0.051066
v 0.305236 1.113926 0.055199
v 0.353551 1.095876 0.044014
v 0.339872 1.107657 0.047182
v 0.362479 1.080003 0.041948
v 0.360558 1.043903 0.033650
v 0.363659 1.061953 0.032933
v 0.351630 1.028030 0.035717
v 0.337951 1.016249 0.038884
v 0.321172 1.009980 0.042768
v 0.303315 1.009980 0.046902
v 0.286536 1.016249 0.050785
v 0.272857 1.028030 0.053952
v 0.263929 1.043903 0.056019
v 0.260828 1.061953 0.056736
v 0.263929 1.080003 0.056019
v 0.272857 1.095876 0.053952
v 0.286536 1.107657 0.050785
v 0.303315 1.113926 0.046902
v 0.321172 1.113926 0.042768
v 0.337951 1.107657 0.038884
v 0.351630 1.095876 0.035717
v 0.360558 1.080003 0.033650
v 0.358637 1.043903 0.025353
v 0.361738 1.061953 0.024636
v 0.349709 1.028030 0.027420
v 0.336030 1.016249 0.030587
v 0.319251 1.009980 0.034470
v 0.301395 1.009980 0.038604
v 0.284615 1.016249 0.042489
v 0.270936 1.028030 0.045655
v 0.262008 1.043903 0.047721
v 0.258908 1.061953 0.048439
v 0.262008 1.080003 0.047721
v 0.270936 1.095876 0.045655
v 0.284615 1.107657 0.042489
v 0.301395 1.113926 0.038604
v 0.319251 1.113926 0.034470
v 0.336030 1.107657 0.030587
v 0.349709 1.095876 0.027420
v 0.358637 1.080003 0.025353
v 0.356716 1.043903 0.017055
v 0.359817 1.061953 0.016338
v 0.347788 1.028030 0.019123
v 0.334109 1.016249 0.022289
v 0.317330 1.009980 0.026173
v 0.299474 1.009980 0.030306
v 0.282694 1.016249 0.034192
v 0.269016 1.028030 0.037357
v 0.260087 1.043903 0.039423
v 0.256987 1.061953 0.040142
v 0.260087 1.080003 0.039423
v 0.269016 1.095876 0.037357
v 0.282694 1.107657 0.034192
v 0.299474 1.113926 0.030306
v 0.317330 1.113926 0.026173
v 0.334109 1.107657 0.022289
v 0.347788 1.095876 0.019123
v 0.356716 1.080003 0.017055
v 0.354795 1.043903 0.008757
v 0.357896 1.061953 0.008040
v 0.345867 1.028030 0.010824
v 0.332189 1.016249 0.013991
v 0.315409 1.009980 0.017875
v 0.297553 1.009980 0.022008
v 0.280774 1.016249 0.025893
v 0.267095 1.028030 0.029059
v 0.258167 1.043903 0.031125
v 0.255066 1.061953 0.031844
v 0.258167 1.080003 0.031125
v 0.267095 1.095876 0.029059
v 0.280774 1.107657 0.025893
v 0.297553 1.113926 0.022008
v 0.315409 1.113926 0.017875
v 0.332189 1.107657 0.013991
v 0.345867 1.095876 0.010824
v 0.354795 1.080003 0.008757
v 0.352875 1.043903 0.000460
v 0.355975 1.061953 -0.000258
v 0.343947 1.028030 0.002526
v 0.330268 1.016249 0.005693
v 0.313488 1.009980 0.009577
v 0.295632 1.009980 0.013710
v 0.278853 1.016249 0.017595
v 0.265174 1.028030 0.020761
v 0.256246 1.043903 0.022827
v 0.253145 1.061953 0.023546
v 0.256246 1.080003 0.022827
v 0.265174 1.095876 0.020761
v 0.278853 1.107657 0.017595
v 0.295632 1.113926 0.013710
v 0.313488 1.113926 0.009577
v 0.330268 1.107657 0.005693
v 0.343947 1.095876 0.002526
v 0.352875 1.080003 0.000460
v 0.304560 1.061953 0.011644
vn 0.2255 -0.0000 0.9742
vn 0.7051 -0.4772 0.5245
vn 0.8307 -0.2539 0.4955
vn 0.8743 -0.0000 0.4854
vn 0.2767 -0.7311 0.6237
vn 0.5127 -0.6429 0.5691
vn -0.2105 -0.6429 0.7365
vn 0.0255 -0.7311 0.6818
vn -0.5285 -0.2539 0.8101
vn -0.4029 -0.4772 0.7810
vn -0.5285 0.2539 0.8101
vn -0.5721 -0.0000 0.8202
vn -0.2105 0.6429 0.7365
vn -0.4029 0.4772 0.7810
vn 0.2767 0.7311 0.6237
vn 0.0255 0.7311 0.6818
vn 0.7051 0.4772 0.5245
vn 0.5127 0.6429 0.5691
vn 0.8307 0.2539 0.4955
vn 0.9155 -0.3420 -0.2119
vn 0.9742 -0.0000 -0.2255
vn 0.7463 -0.6428 -0.1728
vn 0.4871 -0.8660 -0.1128
vn 0.1692 -0.9848 -0.0392
vn -0.1692 -0.9848 0.0392
vn -0.4871 -0.8660 0.1128
vn -0.7463 -0.6428 0.1728
vn -0.9155 -0.3420 0.2119
vn -0.9742 -0.0000 0.2255
vn -0.9155 0.3420 0.2119
vn -0.7463 0.6428 0.1728
vn -0.4871 0.8660 0.1128
vn -0.1692 0.9848 0.0392
vn 0.1692 0.9848 -0.0392
vn 0.4871 0.8660 -0.1128
vn 0.7463 0.6428 -0.1728
vn 0.9155 0.3420 -0.2119
vn 0.5285 -0.2539 -0.8101
vn 0.5721 -0.0000 -0.8202
vn 0.4029 -0.4771 -0.7810
vn 0.2105 -0.6429 -0.7365
vn -0.0256 -0.7311 -0.6818
vn -0.2767 -0.7311 -0.6237
vn -0.5127 -0.6429 -0.5691
vn -0.7051 -0.4772 -0.5245
vn -0.8307 -0.2539 -0.4955
vn -0.8743 -0.0000 -0.4854
vn -0.8307 0.2539 -0.4955
vn -0.7051 0.4772 -0.5245
vn -0.5127 0.6429 -0.5691
vn -0.2767 0.7311 -0.6237
vn -0.0256 0.7311 -0.6818
vn 0.2105 0.6429 -0.7365
vn 0.4029 0.4771 -0.7810
vn 0.5285 0.2539 -0.8101
vn -0.2255 -0.0000 -0.9742
vn 0.2767 -0.7310 0.6237
vn 0.2767 0.7310 0.6237
vn 0.9742 -0.0000 -0.2256
vn -0.4871 -0.8660 0.1127
vn -0.7463 -0.6428 0.1727
vn -0.7463 0.6428 0.1727
vn -0.4871 0.8660 0.1127
vn 0.7463 -0.6428 -0.1727
vn 0.4871 -0.8660 -0.1127
vn 0.4871 0.8660 -0.1127
vn 0.7463 0.6428 -0.1727
vn 0.4029 -0.4772 -0.7810
vn -0.0255 -0.7311 -0.6818
vn -0.8743 -0.0000 -0.4853
vn -0.0255 0.7311 -0.6818
vn 0.4029 0.4772 -0.7810
vt 0.500000 0.000000
vt 0.861111 0.000000
vt 0.805556 0.000000
vt 0.750000 0.000000
vt 0.972222 0.000000
vt 0.916667 0.000000
vt 0.083333 0.000000
vt 0.027778 0.000000
vt -0.027778 0.000000
vt 0.194444 0.000000
vt 0.138889 0.000000
vt 0.305556 0.000000
vt 0.250000 0.000000
vt 0.416667 0.000000
vt 0.361111 0.000000
vt 0.527778 0.000000
vt 0.472222 0.000000
vt 0.638889 0.000000
vt 0.583333 0.000000
vt 0.694444 0.000000
vt 0.805556 0.200000
vt 0.750000 0.200000
vt 0.861111 0.200000
vt 0.916667 0.200000
vt 0.972222 0.200000
vt 0.027778 0.200000
vt -0.027778 0.200000
vt 0.083333 0.200000
vt 0.138889 0.200000
vt 0.194444 0.200000
vt 0.250000 0.200000
vt 0.305556 0.200000
vt 0.361111 0.200000
vt 0.416667 0.200000
vt 0.472222 0.200000
vt 0.527778 0.200000
vt 0.583333 0.200000
vt 0.638889 0.200000
vt 0.694444 0.200000
vt 0.805556 0.400000
vt 0.750000 0.400000
vt 0.861111 0.400000
vt 0.916667 0.400000
vt 0.972222 0.400000
vt 0.027778 0.400000
vt -0.027778 0.400000
vt 0.083333 0.400000
vt 0.138889 0.400000
vt 0.194444 0.400000
vt 0.250000 0.400000
vt 0.305556 0.400000
vt 0.361111 0.400000
vt 0.416667 0.400000
vt 0.472222 0.400000
vt 0.527778 0.400000
vt 0.583333 0.400000
vt 0.638889 0.400000
vt 0.694444 0.400000
vt 0.805556 0.600000
vt 0.750000 0.600000
vt 0.861111 0.600000
vt 0.916667 0.600000
vt 0.972222 0.600000
vt 0.027778 0.600000
vt -0.027778 0.600000
vt 0.083333 0.600000
vt 0.138889 0.600000
vt 0.194444 0.600000
vt 0.250000 0.600000
vt 0.305556 0.600000
vt 0.361111 0.600000
vt 0.416667 0.600000
vt 0.472222 0.600000
vt 0.527778 0.600000
vt 0.583333 0.600000
vt 0.638889 0.600000
vt 0.694444 0.600000
vt 0.805556 0.800000
vt 0.750000 0.800000
vt 0.861111 0.800000
vt 0.916667 0.800000
vt 0.972222 0.800000
vt 0.027778 0.800000
vt -0.027778 0.800000
vt 0.083333 0.800000
vt 0.138889 0.800000
vt 0.194444 0.800000
vt 0.250000 0.800000
vt 0.305556 0.800000
vt 0.361111 0.800000
vt 0.416667 0.800000
vt 0.472222 0.800000
vt 0.527778 0.800000
vt 0.583333 0.800000
vt 0.638889 0.800000
vt 0.694444 0.800000
vt 0.805556 1.000000
vt 0.750000 1.000000
vt 0.861111 1.000000
vt 0.916667 1.000000
vt 0.972222 1.000000
vt 0.027778 1.000000
vt -0.027778 1.000000
vt 0.083333 1.000000
vt 0.138889 1.000000
vt 0.194444 1.000000
vt 0.250000 1.000000
vt 0.305556 1.000000
vt 0.361111 1.000000
vt 0.416667 1.000000
vt 0.472222 1.000000
vt 0.527778 1.000000
vt 0.583333 1.000000
vt 0.638889 1.000000
vt 0.694444 1.000000
vt 0.500000 1.000000
vt 0.970821 1.000000
vt -0.019676 1.000000
s 1
usemtl wire_000000000
f 1/1/1 2/2/2 3/3/3 4/4/4
f 1/1/1 5/5/5 6/6/6 2/2/2
f 1/1/1 7/7/7 8/8/8 5/9/5
f 1/1/1 9/10/9 10/11/10 7/7/7
f 1/1/1 11/12/11 12/13/12 9/10/9
f 1/1/1 13/14/13 14/15/14 11/12/11
f 1/1/1 15/16/15 16/17/16 13/14/13
f 1/1/1 17/18/17 18/19/18 15/16/15
f 1/1/1 4/4/4 19/20/19 17/18/17
f 4/4/4 3/3/3 20/21/20 21/22/21
f 3/3/3 2/2/2 22/23/22 20/21/20
f 2/2/2 6/6/6 23/24/23 22/23/22
f 6/6/6 5/5/5 24/25/24 23/24/23
f 5/9/5 8/8/8 25/26/25 24/27/24
f 8/8/8 7/7/7 26/28/26 25/26/25
f 7/7/7 10/11/10 27/29/27 26/28/26
f 10/11/10 9/10/9 28/30/28 27/29/27
f 9/10/9 12/13/12 29/31/29 28/30/28
f 12/13/12 11/12/11 30/32/30 29/31/29
f 11/12/11 14/15/14 31/33/31 30/32/30
f 14/15/14 13/14/13 32/34/32 31/33/31
f 13/14/13 16/17/16 33/35/33 32/34/32
f 16/17/16 15/16/15 34/36/34 33/35/33
f 15/16/15 18/19/18 35/37/35 34/36/34
f 18/19/18 17/18/17 36/38/36 35/37/35
f 17/18/17 19/20/19 37/39/37 36/38/36
f 19/20/19 4/4/4 21/22/21 37/39/37
f 21/22/21 20/21/20 38/40/20 39/41/21
f 20/21/20 22/23/22 40/42/22 38/40/20
f 22/23/22 23/24/23 41/43/23 40/42/22
f 23/24/23 24/25/24 42/44/24 41/43/23
f 24/27/24 25/26/25 43/45/25 42/46/24
f 25/26/25 26/28/26 44/47/26 43/45/25
f 26/28/26 27/29/27 45/48/27 44/47/26
f 27/29/27 28/30/28 46/49/28 45/48/27
f 28/30/28 29/31/29 47/50/29 46/49/28
f 29/31/29 30/32/30 48/51/30 47/50/29
f 30/32/30 31/33/31 49/52/31 48/51/30
f 31/33/31 32/34/32 50/53/32 49/52/31
f 32/34/32 33/35/33 51/54/33 50/53/32
f 33/35/33 34/36/34 52/55/34 51/54/33
f 34/36/34 35/37/35 53/56/35 52/55/34
f 35/37/35 36/38/36 54/57/36 53/56/35
f 36/38/36 37/39/37 55/58/37 54/57/36
f 37/39/37 21/22/21 39/41/21 55/58/37
f 39/41/21 38/40/20 56/59/20 57/60/21
f 38/40/20 40/42/22 58/61/22 56/59/20
f 40/42/22 41/43/23 59/62/23 58/61/22
f 41/43/23 42/44/24 60/63/24 59/62/23
f 42/46/24 43/45/25 61/64/25 60/65/24
f 43/45/25 44/47/26 62/66/26 61/64/25
f 44/47/26 45/48/27 63/67/27 62/66/26
f 45/48/27 46/49/28 64/68/28 63/67/27
f 46/49/28 47/50/29 65/69/29 64/68/28
f 47/50/29 48/51/30 66/70/30 65/69/29
f 48/51/30 49/52/31 67/71/31 66/70/30
f 49/52/31 50/53/32 68/72/32 67/71/31
f 50/53/32 51/54/33 69/73/33 68/72/32
f 51/54/33 52/55/34 70/74/34 69/73/33
f 52/55/34 53/56/35 71/75/35 70/74/34
f 53/56/35 54/57/36 72/76/36 71/75/35
f 54/57/36 55/58/37 73/77/37 72/76/36
f 55/58/37 39/41/21 57/60/21 73/77/37
f 57/60/21 56/59/20 74/78/20 75/79/21
f 56/59/20 58/61/22 76/80/22 74/78/20
f 58/61/22 59/62/23 77/81/23 76/80/22
f 59/62/23 60/63/24 78/82/24 77/81/23
f 60/65/24 61/64/25 79/83/25 78/84/24
f 61/64/25 62/66/26 80/85/26 79/83/25
f 62/66/26 63/67/27 81/86/27 80/85/26
f 63/67/27 64/68/28 82/87/28 81/86/27
f 64/68/28 65/69/29 83/88/29 82/87/28
f 65/69/29 66/70/30 84/89/30 83/88/29
f 66/70/30 67/71/31 85/90/31 84/89/30
f 67/71/31 68/72/32 86/91/32 85/90/31
f 68/72/32 69/73/33 87/92/33 86/91/32
f 69/73/33 70/74/34 88/93/34 87/92/33
f 70/74/34 71/75/35 89/94/35 88/93/34
f 71/75/35 72/76/36 90/95/36 89/94/35
f 72/76/36 73/77/37 91/96/37 90/95/36
f 73/77/37 57/60/21 75/79/21 91/96/37
f 75/79/21 74/78/20 92/97/38 93/98/39
f 74/78/20 76/80/22 94/99/40 92/97/38
f 76/80/22 77/81/23 95/100/41 94/99/40
f 77/81/23 78/82/24 96/101/42 95/100/41
f 78/84/24 79/83/25 97/102/43 96/103/42
f 79/83/25 80/85/26 98/104/44 97/102/43
f 80/85/26 81/86/27 99/105/45 98/104/44
f 81/86/27 82/87/28 100/106/46 99/105/45
f 82/87/28 83/88/29 101/107/47 100/106/46
f 83/88/29 84/89/30 102/108/48 101/107/47
f 84/89/30 85/90/31 103/109/49 102/108/48
f 85/90/31 86/91/32 104/110/50 103/109/49
f 86/91/32 87/92/33 105/111/51 104/110/50
f 87/92/33 88/93/34 106/112/52 105/111/51
f 88/93/34 89/94/35 107/113/53 106/112/52
f 89/94/35 90/95/36 108/114/54 107/113/53
f 90/95/36 91/96/37 109/115/55 108/114/54
f 91/96/37 75/79/21 93/98/39 109/115/55
f 110/116/56 109/115/55 93/98/39 92/97/38
f 110/116/56 92/97/38 94/99/40 95/100/41
f 110/116/56 95/100/41 96/101/42 97/117/43
f 110/116/56 97/102/43 98/104/44 99/105/45
f 110/116/56 99/105/45 100/106/46 101/107/47
f 110/116/56 101/107/47 102/108/48 103/109/49
f 110/116/56 103/109/49 104/110/50 105/111/51
f 110/116/56 105/111/51 106/112/52 107/113/53
f 110/116/56 107/113/53 108/114/54 109/115/55
f 111/1/1 112/2/2 113/3/3 114/4/4
f 111/1/1 115/5/57 116/6/6 112/2/2
f 111/1/1 117/7/7 118/8/8 115/9/57
f 111/1/1 119/10/9 120/11/10 117/7/7
f 111/1/1 121/12/11 122/13/12 119/10/9
f 111/1/1 123/14/13 124/15/14 121/12/11
f 111/1/1 125/16/58 126/17/16 123/14/13
f 111/1/1 127/18/17 128/19/18 125/16/58
f 111/1/1 114/4/4 129/20/19 127/18/17
f 114/4/4 113/3/3 130/21/20 131/22/21
f 113/3/3 112/2/2 132/23/22 130/21/20
f 112/2/2 116/6/6 133/24/23 132/23/22
f 116/6/6 115/5/57 134/25/24 133/24/23
f 115/9/57 118/8/8 135/26/25 134/27/24
f 118/8/8 117/7/7 136/28/26 135/26/25
f 117/7/7 120/11/10 137/29/27 136/28/26
f 120/11/10 119/10/9 138/30/28 137/29/27
f 119/10/9 122/13/12 139/31/29 138/30/28
f 122/13/12 121/12/11 140/32/30 139/31/29
f 121/12/11 124/15/14 141/33/31 140/32/30
f 124/15/14 123/14/13 142/34/32 141/33/31
f 123/14/13 126/17/16 143/35/33 142/34/32
f 126/17/16 125/16/58 144/36/34 143/35/33
f 125/16/58 128/19/18 145/37/35 144/36/34
f 128/19/18 127/18/17 146/38/36 145/37/35
f 127/18/17 129/20/19 147/39/37 146/38/36
f 129/20/19 114/4/4 131/22/21 147/39/37
f 131/22/21 130/21/20 148/40/20 149/41/59
f 130/21/20 132/23/22 150/42/22 148/40/20
f 132/23/22 133/24/23 151/43/23 150/42/22
f 133/24/23 134/25/24 152/44/24 151/43/23
f 134/27/24 135/26/25 153/45/25 152/46/24
f 135/26/25 136/28/26 154/47/26 153/45/25
f 136/28/26 137/29/27 155/48/27 154/47/26
f 137/29/27 138/30/28 156/49/28 155/48/27
f 138/30/28 139/31/29 157/50/29 156/49/28
f 139/31/29 140/32/30 158/51/30 157/50/29
f 140/32/30 141/33/31 159/52/31 158/51/30
f 141/33/31 142/34/32 160/53/32 159/52/31
f 142/34/32 143/35/33 161/54/33 160/53/32
f 143/35/33 144/36/34 162/55/34 161/54/33
f 144/36/34 145/37/35 163/56/35 162/55/34
f 145/37/35 146/38/36 164/57/36 163/56/35
f 146/38/36 147/39/37 165/58/37 164/57/36
f 147/39/37 131/22/21 149/41/59 165/58/37
f 149/41/59 148/40/20 166/59/20 167/60/21
f 148/40/20 150/42/22 168/61/22 166/59/20
f 150/42/22 151/43/23 169/62/23 168/61/22
f 151/43/23 152/44/24 170/63/24 169/62/23
f 152/46/24 153/45/25 171/64/25 170/65/24
f 153/45/25 154/47/26 172/66/60 171/64/25
f 154/47/26 155/48/27 173/67/61 172/66/60
f 155/48/27 156/49/28 174/68/28 173/67/61
f 156/49/28 157/50/29 175/69/29 174/68/28
f 157/50/29 158/51/30 176/70/30 175/69/29
f 158/51/30 159/52/31 177/71/62 176/70/30
f 159/52/31 160/53/32 178/72/63 177/71/62
f 160/53/32 161/54/33 179/73/33 178/72/63
f 161/54/33 162/55/34 180/74/34 179/73/33
f 162/55/34 163/56/35 181/75/35 180/74/34
f 163/56/35 164/57/36 182/76/36 181/75/35
f 164/57/36 165/58/37 183/77/37 182/76/36
f 165/58/37 149/41/59 167/60/21 183/77/37
f 167/60/21 166/59/20 184/78/20 185/79/21
f 166/59/20 168/61/22 186/80/64 184/78/20
f 168/61/22 169/62/23 187/81/65 186/80/64
f 169/62/23 170/63/24 188/82/24 187/81/65
f 170/65/24 171/64/25 189/83/25 188/84/24
f 171/64/25 172/66/60 190/85/26 189/83/25
f 172/66/60 173/67/61 191/86/61 190/85/26
f 173/67/61 174/68/28 192/87/28 191/86/61
f 174/68/28 175/69/29 193/88/29 192/87/28
f 175/69/29 176/70/30 194/89/30 193/88/29
f 176/70/30 177/71/62 195/90/62 194/89/30
f 177/71/62 178/72/63 196/91/32 195/90/62
f 178/72/63 179/73/33 197/92/33 196/91/32
f 179/73/33 180/74/34 198/93/34 197/92/33
f 180/74/34 181/75/35 199/94/66 198/93/34
f 181/75/35 182/76/36 200/95/67 199/94/66
f 182/76/36 183/77/37 201/96/37 200/95/67
f 183/77/37 167/60/21 185/79/21 201/96/37
f 185/79/21 184/78/20 202/97/38 203/98/39
f 184/78/20 186/80/64 204/99/68 202/97/38
f 186/80/64 187/81/65 205/100/41 204/99/68
f 187/81/65 188/82/24 206/101/69 205/100/41
f 188/84/24 189/83/25 207/102/43 206/103/69
f 189/83/25 190/85/26 208/104/44 207/102/43
f 190/85/26 191/86/61 209/105/45 208/104/44
f 191/86/61 192/87/28 210/106/46 209/105/45
f 192/87/28 193/88/29 211/107/70 210/106/46
f 193/88/29 194/89/30 212/108/48 211/107/70
f 194/89/30 195/90/62 213/109/49 212/108/48
f 195/90/62 196/91/32 214/110/50 213/109/49
f 196/91/32 197/92/33 215/111/51 214/110/50
f 197/92/33 198/93/34 216/112/71 215/111/51
f 198/93/34 199/94/66 217/113/53 216/112/71
f 199/94/66 200/95/67 218/114/72 217/113/53
f 200/95/67 201/96/37 219/115/55 218/114/72
f 201/96/37 185/79/21 203/98/39 219/115/55
f 220/116/56 219/115/55 203/98/39 202/97/38
f 220/116/56 202/97/38 204/99/68 205/100/41
f 220/116/56 205/118/41 206/103/69 207/102/43
f 220/116/56 207/102/43 208/104/44 209/105/45
f 220/116/56 209/105/45 210/106/46 211/107/70
f 220/116/56 211/107/70 212/108/48 213/109/49
f 220/116/56 213/109/49 214/110/50 215/111/51
f 220/116/56 215/111/51 216/112/71 217/113/53
f 220/116/56 217/113/53 218/114/72 219/115/55
o Cylinder003
v 0.797012 1.103488 -0.107438
v 0.802446 1.132935 -0.072537
v 0.805421 1.119156 -0.065030
v 0.807382 1.103488 -0.062637
v 0.794967 1.148603 -0.098768
v 0.798815 1.143161 -0.084255
v 0.788445 1.143161 -0.129056
v 0.791365 1.148603 -0.114327
v 0.785931 1.119156 -0.149228
v 0.786557 1.132935 -0.141177
v 0.788602 1.087820 -0.149846
v 0.786641 1.103488 -0.152239
v 0.795208 1.063815 -0.130621
v 0.791577 1.074042 -0.142338
v 0.802658 1.058374 -0.100548
v 0.799056 1.058374 -0.116108
v 0.807466 1.074042 -0.073700
v 0.805578 1.063815 -0.085820
v 0.808092 1.087820 -0.065648
v 0.710070 1.110594 -0.042957
v 0.712031 1.094926 -0.040565
v 0.707095 1.124372 -0.050465
v 0.703464 1.134599 -0.062183
v 0.699616 1.140040 -0.076696
v 0.696014 1.140040 -0.092254
v 0.693094 1.134599 -0.106983
v 0.691206 1.124372 -0.119104
v 0.690580 1.110594 -0.127155
v 0.691290 1.094926 -0.130166
v 0.693251 1.079257 -0.127773
v 0.696226 1.065479 -0.120266
v 0.699857 1.055253 -0.108549
v 0.703705 1.049811 -0.094036
v 0.707307 1.049811 -0.078476
v 0.710227 1.055253 -0.063748
v 0.712115 1.065479 -0.051628
v 0.712741 1.079257 -0.043575
v 0.614719 1.102031 -0.020885
v 0.616680 1.086363 -0.018492
v 0.611744 1.115809 -0.028392
v 0.608113 1.126036 -0.040110
v 0.604265 1.131477 -0.054623
v 0.600663 1.131477 -0.070182
v 0.597742 1.126036 -0.084911
v 0.595855 1.115809 -0.097031
v 0.595229 1.102031 -0.105083
v 0.595939 1.086363 -0.108094
v 0.597900 1.070695 -0.105701
v 0.600875 1.056917 -0.098194
v 0.604506 1.046690 -0.086476
v 0.608354 1.041248 -0.071963
v 0.611956 1.041248 -0.056404
v 0.614876 1.046690 -0.041675
v 0.616764 1.056916 -0.029555
v 0.617390 1.070695 -0.021503
v 0.519368 1.093468 0.001188
v 0.521329 1.077800 0.003581
v 0.516393 1.107247 -0.006321
v 0.512762 1.117473 -0.018037
v 0.508914 1.122915 -0.032550
v 0.505312 1.122915 -0.048111
v 0.502391 1.117473 -0.062838
v 0.500504 1.107247 -0.074958
v 0.499878 1.093468 -0.083010
v 0.500588 1.077800 -0.086021
v 0.502549 1.062132 -0.083629
v 0.505524 1.048354 -0.076121
v 0.509154 1.038127 -0.064403
v 0.513003 1.032686 -0.049890
v 0.516605 1.032686 -0.034331
v 0.519525 1.038127 -0.019603
v 0.521413 1.048354 -0.007482
v 0.522039 1.062132 0.000569
v 0.424017 1.084906 0.023261
v 0.425978 1.069237 0.025653
v 0.421042 1.098684 0.015752
v 0.417411 1.108911 0.004035
v 0.413563 1.114352 -0.010479
v 0.409961 1.114352 -0.026038
v 0.407040 1.108911 -0.040765
v 0.405153 1.098684 -0.052887
v 0.404527 1.084906 -0.060937
v 0.405237 1.069237 -0.063949
v 0.407197 1.053569 -0.061556
v 0.410173 1.039791 -0.054048
v 0.413803 1.029564 -0.042331
v 0.417652 1.024123 -0.027817
v 0.421253 1.024123 -0.012259
v 0.424174 1.029564 0.002469
v 0.426062 1.039791 0.014591
v 0.426688 1.053569 0.022643
v 0.328666 1.076343 0.045332
v 0.330627 1.060675 0.047725
v 0.325691 1.090121 0.037825
v 0.322060 1.100348 0.026108
v 0.318212 1.105789 0.011594
v 0.314610 1.105789 -0.003965
v 0.311689 1.100348 -0.018694
v 0.309802 1.090121 -0.030814
v 0.309175 1.076343 -0.038866
v 0.309885 1.060675 -0.041876
v 0.311846 1.045007 -0.039484
v 0.314822 1.031228 -0.031976
v 0.318452 1.021002 -0.020260
v 0.322301 1.015560 -0.005745
v 0.325902 1.015560 0.009814
v 0.328823 1.021002 0.024542
v 0.330711 1.031228 0.036663
v 0.331337 1.045007 0.044714
v 0.320256 1.060675 0.002924
vn 0.9705 0.0872 -0.2247
vn 0.7380 0.5338 0.4129
vn 0.7860 0.3113 0.5341
vn 0.8177 0.0584 0.5727
vn 0.6173 0.7867 -0.0106
vn 0.6794 0.6988 0.2237
vn 0.5120 0.6988 -0.4995
vn 0.5591 0.7867 -0.2617
vn 0.4714 0.3113 -0.8251
vn 0.4815 0.5337 -0.6952
vn 0.5145 -0.1945 -0.8351
vn 0.4829 0.0584 -0.8737
vn 0.6212 -0.5820 -0.5248
vn 0.5626 -0.4169 -0.7139
vn 0.7414 -0.6699 -0.0393
vn 0.6833 -0.6699 -0.2905
vn 0.8191 -0.4169 0.3941
vn 0.7886 -0.5821 0.1985
vn 0.8292 -0.1945 0.5241
vn 0.1829 0.3407 0.9222
vn 0.2255 -0.0000 0.9742
vn 0.1182 0.6404 0.7589
vn 0.0392 0.8627 0.5041
vn -0.0445 0.9811 0.1885
vn -0.1228 0.9811 -0.1498
vn -0.1863 0.8627 -0.4701
vn -0.2273 0.6403 -0.7337
vn -0.2410 0.3407 -0.9088
vn -0.2255 -0.0000 -0.9742
vn -0.1829 -0.3407 -0.9222
vn -0.1182 -0.6403 -0.7589
vn -0.0392 -0.8627 -0.5041
vn 0.0445 -0.9811 -0.1885
vn 0.1228 -0.9811 0.1498
vn 0.1863 -0.8627 0.4701
vn 0.2273 -0.6404 0.7337
vn 0.2410 -0.3407 0.9088
vn 0.1182 0.6403 0.7589
vn 0.2273 -0.6403 0.7337
vn -0.5145 0.1945 0.8351
vn -0.4829 -0.0584 0.8737
vn -0.5626 0.4169 0.7139
vn -0.6212 0.5820 0.5248
vn -0.6833 0.6699 0.2905
vn -0.7414 0.6699 0.0393
vn -0.7886 0.5820 -0.1984
vn -0.8191 0.4169 -0.3941
vn -0.8292 0.1945 -0.5241
vn -0.8177 -0.0584 -0.5727
vn -0.7861 -0.3113 -0.5340
vn -0.7380 -0.5337 -0.4129
vn -0.6794 -0.6988 -0.2237
vn -0.6173 -0.7867 0.0106
vn -0.5592 -0.7867 0.2617
vn -0.5120 -0.6988 0.4995
vn -0.4815 -0.5338 0.6952
vn -0.4714 -0.3113 0.8251
vn -0.9705 -0.0872 0.2247
vt 0.500000 0.000000
vt 0.861111 0.000000
vt 0.805556 0.000000
vt 0.750000 0.000000
vt 0.972222 0.000000
vt 0.916667 0.000000
vt 0.083333 0.000000
vt 0.027778 0.000000
vt -0.027778 0.000000
vt 0.194444 0.000000
vt 0.138889 0.000000
vt 0.305556 0.000000
vt 0.250000 0.000000
vt 0.416667 0.000000
vt 0.361111 0.000000
vt 0.527778 0.000000
vt 0.472222 0.000000
vt 0.638889 0.000000
vt 0.583333 0.000000
vt 0.694444 0.000000
vt 0.805556 0.200000
vt 0.750000 0.200000
vt 0.861111 0.200000
vt 0.916667 0.200000
vt 0.972222 0.200000
vt 0.027778 0.200000
vt -0.027778 0.200000
vt 0.083333 0.200000
vt 0.138889 0.200000
vt 0.194444 0.200000
vt 0.250000 0.200000
vt 0.305556 0.200000
vt 0.361111 0.200000
vt 0.416667 0.200000
vt 0.472222 0.200000
vt 0.527778 0.200000
vt 0.583333 0.200000
vt 0.638889 0.200000
vt 0.694444 0.200000
vt 0.805556 0.400000
vt 0.750000 0.400000
vt 0.861111 0.400000
vt 0.916667 0.400000
vt 0.972222 0.400000
vt 0.027778 0.400000
vt -0.027778 0.400000
vt 0.083333 0.400000
vt 0.138889 0.400000
vt 0.194444 0.400000
vt 0.250000 0.400000
vt 0.305556 0.400000
vt 0.361111 0.400000
vt 0.416667 0.400000
vt 0.472222 0.400000
vt 0.527778 0.400000
vt 0.583333 0.400000
vt 0.638889 0.400000
vt 0.694444 0.400000
vt 0.805556 0.600000
vt 0.750000 0.600000
vt 0.861111 0.600000
vt 0.916667 0.600000
vt 0.972222 0.600000
vt 0.027778 0.600000
vt -0.027778 0.600000
vt 0.083333 0.600000
vt 0.138889 0.600000
vt 0.194444 0.600000
vt 0.250000 0.600000
vt 0.305556 0.600000
vt 0.361111 0.600000
vt 0.416667 0.600000
vt 0.472222 0.600000
vt 0.527778 0.600000
vt 0.583333 0.600000
vt 0.638889 0.600000
vt 0.694444 0.600000
vt 0.805556 0.800000
vt 0.750000 0.800000
vt 0.861111 0.800000
vt 0.916667 0.800000
vt 0.972222 0.800000
vt 0.027778 0.800000
vt -0.027778 0.800000
vt 0.083333 0.800000
vt 0.138889 0.800000
vt 0.194444 0.800000
vt 0.250000 0.800000
vt 0.305556 0.800000
vt 0.361111 0.800000
vt 0.416667 0.800000
vt 0.472222 0.800000
vt 0.527778 0.800000
vt 0.583333 0.800000
vt 0.638889 0.800000
vt 0.694444 0.800000
vt 0.805556 1.000000
vt 0.750000 1.000000
vt 0.861111 1.000000
vt 0.916667 1.000000
vt 0.972222 1.000000
vt 0.027778 1.000000
vt -0.027778 1.000000
vt 0.083333 1.000000
vt 0.138889 1.000000
vt 0.194444 1.000000
vt 0.250000 1.000000
vt 0.305556 1.000000
vt 0.361111 1.000000
vt 0.416667 1.000000
vt 0.472222 1.000000
vt 0.527778 1.000000
vt 0.583333 1.000000
vt 0.638889 1.000000
vt 0.694444 1.000000
vt 0.500000 1.000000
vt 0.970821 1.000000
s 1
usemtl wire_000000000
f 221/119/73 222/120/74 223/121/75 224/122/76
f 221/119/73 225/123/77 226/124/78 222/120/74
f 221/119/73 227/125/79 228/126/80 225/127/77
f 221/119/73 229/128/81 230/129/82 227/125/79
f 221/119/73 231/130/83 232/131/84 229/128/81
f 221/119/73 233/132/85 234/133/86 231/130/83
f 221/119/73 235/134/87 236/135/88 233/132/85
f 221/119/73 237/136/89 238/137/90 235/134/87
f 221/119/73 224/122/76 239/138/91 237/136/89
f 224/122/76 223/121/75 240/139/92 241/140/93
f 223/121/75 222/120/74 242/141/94 240/139/92
f 222/120/74 226/124/78 243/142/95 242/141/94
f 226/124/78 225/123/77 244/143/96 243/142/95
f 225/127/77 228/126/80 245/144/97 244/145/96
f 228/126/80 227/125/79 246/146/98 245/144/97
f 227/125/79 230/129/82 247/147/99 246/146/98
f 230/129/82 229/128/81 248/148/100 247/147/99
f 229/128/81 232/131/84 249/149/101 248/148/100
f 232/131/84 231/130/83 250/150/102 249/149/101
f 231/130/83 234/133/86 251/151/103 250/150/102
f 234/133/86 233/132/85 252/152/104 251/151/103
f 233/132/85 236/135/88 253/153/105 252/152/104
f 236/135/88 235/134/87 254/154/106 253/153/105
f 235/134/87 238/137/90 255/155/107 254/154/106
f 238/137/90 237/136/89 256/156/108 255/155/107
f 237/136/89 239/138/91 257/157/109 256/156/108
f 239/138/91 224/122/76 241/140/93 257/157/109
f 241/140/93 240/139/92 258/158/92 259/159/93
f 240/139/92 242/141/94 260/160/110 258/158/92
f 242/141/94 243/142/95 261/161/95 260/160/110
f 243/142/95 244/143/96 262/162/96 261/161/95
f 244/145/96 245/144/97 263/163/97 262/164/96
f 245/144/97 246/146/98 264/165/98 263/163/97
f 246/146/98 247/147/99 265/166/99 264/165/98
f 247/147/99 248/148/100 266/167/100 265/166/99
f 248/148/100 249/149/101 267/168/101 266/167/100
f 249/149/101 250/150/102 268/169/102 267/168/101
f 250/150/102 251/151/103 269/170/103 268/169/102
f 251/151/103 252/152/104 270/171/104 269/170/103
f 252/152/104 253/153/105 271/172/105 270/171/104
f 253/153/105 254/154/106 272/173/106 271/172/105
f 254/154/106 255/155/107 273/174/107 272/173/106
f 255/155/107 256/156/108 274/175/108 273/174/107
f 256/156/108 257/157/109 275/176/109 274/175/108
f 257/157/109 241/140/93 259/159/93 275/176/109
f 259/159/93 258/158/92 276/177/92 277/178/93
f 258/158/92 260/160/110 278/179/110 276/177/92
f 260/160/110 261/161/95 279/180/95 278/179/110
f 261/161/95 262/162/96 280/181/96 279/180/95
f 262/164/96 263/163/97 281/182/97 280/183/96
f 263/163/97 264/165/98 282/184/98 281/182/97
f 264/165/98 265/166/99 283/185/99 282/184/98
f 265/166/99 266/167/100 284/186/100 283/185/99
f 266/167/100 267/168/101 285/187/101 284/186/100
f 267/168/101 268/169/102 286/188/102 285/187/101
f 268/169/102 269/170/103 287/189/103 286/188/102
f 269/170/103 270/171/104 288/190/104 287/189/103
f 270/171/104 271/172/105 289/191/105 288/190/104
f 271/172/105 272/173/106 290/192/106 289/191/105
f 272/173/106 273/174/107 291/193/107 290/192/106
f 273/174/107 274/175/108 292/194/111 291/193/107
f 274/175/108 275/176/109 293/195/109 292/194/111
f 275/176/109 259/159/93 277/178/93 293/195/109
f 277/178/93 276/177/92 294/196/92 295/197/93
f 276/177/92 278/179/110 296/198/110 294/196/92
f 278/179/110 279/180/95 297/199/95 296/198/110
f 279/180/95 280/181/96 298/200/96 297/199/95
f 280/183/96 281/182/97 299/201/97 298/202/96
f 281/182/97 282/184/98 300/203/98 299/201/97
f 282/184/98 283/185/99 301/204/99 300/203/98
f 283/185/99 284/186/100 302/205/100 301/204/99
f 284/186/100 285/187/101 303/206/101 302/205/100
f 285/187/101 286/188/102 304/207/102 303/206/101
f 286/188/102 287/189/103 305/208/103 304/207/102
f 287/189/103 288/190/104 306/209/104 305/208/103
f 288/190/104 289/191/105 307/210/105 306/209/104
f 289/191/105 290/192/106 308/211/106 307/210/105
f 290/192/106 291/193/107 309/212/107 308/211/106
f 291/193/107 292/194/111 310/213/111 309/212/107
f 292/194/111 293/195/109 311/214/109 310/213/111
f 293/195/109 277/178/93 295/197/93 311/214/109
f 295/197/93 294/196/92 312/215/112 313/216/113
f 294/196/92 296/198/110 314/217/114 312/215/112
f 296/198/110 297/199/95 315/218/115 314/217/114
f 297/199/95 298/200/96 316/219/116 315/218/115
f 298/202/96 299/201/97 317/220/117 316/221/116
f 299/201/97 300/203/98 318/222/118 317/220/117
f 300/203/98 301/204/99 319/223/119 318/222/118
f 301/204/99 302/205/100 320/224/120 319/223/119
f 302/205/100 303/206/101 321/225/121 320/224/120
f 303/206/101 304/207/102 322/226/122 321/225/121
f 304/207/102 305/208/103 323/227/123 322/226/122
f 305/208/103 306/209/104 324/228/124 323/227/123
f 306/209/104 307/210/105 325/229/125 324/228/124
f 307/210/105 308/211/106 326/230/126 325/229/125
f 308/211/106 309/212/107 327/231/127 326/230/126
f 309/212/107 310/213/111 328/232/128 327/231/127
f 310/213/111 311/214/109 329/233/129 328/232/128
f 311/214/109 295/197/93 313/216/113 329/233/129
f 330/234/130 329/233/129 313/216/113 312/215/112
f 330/234/130 312/215/112 314/217/114 315/218/115
f 330/234/130 315/218/115 316/219/116 317/235/117
f 330/234/130 317/220/117 318/222/118 319/223/119
f 330/234/130 319/223/119 320/224/120 321/225/121
f 330/234/130 321/225/121 322/226/122 323/227/123
f 330/234/130 323/227/123 324/228/124 325/229/125
f 330/234/130 325/229/125 326/230/126 327/231/127
f 330/234/130 327/231/127 328/232/128 329/233/129
o Cylinder007
v 0.065519 0.168141 -0.023086
v 0.078502 0.179323 -0.026092
v 0.081445 0.174091 -0.026773
v 0.082467 0.168141 -0.027010
v 0.068462 0.185273 -0.023768
v 0.073993 0.183206 -0.025048
v 0.057046 0.183206 -0.021125
v 0.062577 0.185273 -0.022405
v 0.049594 0.174091 -0.019400
v 0.052537 0.179323 -0.020081
v 0.049594 0.162192 -0.019400
v 0.048572 0.168141 -0.019164
v 0.057046 0.153077 -0.021125
v 0.052537 0.156960 -0.020081
v 0.068462 0.151010 -0.023768
v 0.062577 0.151010 -0.022405
v 0.078502 0.156960 -0.026092
v 0.073993 0.153077 -0.025048
v 0.081445 0.162192 -0.026773
v 0.088661 0.174091 0.004404
v 0.089683 0.168141 0.004166
v 0.085719 0.179323 0.005084
v 0.081210 0.183206 0.006127
v 0.075679 0.185273 0.007408
v 0.069793 0.185273 0.008770
v 0.064263 0.183206 0.010051
v 0.059754 0.179323 0.011095
v 0.056811 0.174091 0.011775
v 0.055789 0.168141 0.012013
v 0.056811 0.162192 0.011775
v 0.059754 0.156960 0.011095
v 0.064263 0.153077 0.010051
v 0.069793 0.151010 0.008770
v 0.075679 0.151010 0.007408
v 0.081210 0.153077 0.006127
v 0.085719 0.156960 0.005084
v 0.088661 0.162192 0.004404
v 0.095878 0.174091 0.035578
v 0.096900 0.168141 0.035342
v 0.092935 0.179323 0.036259
v 0.088427 0.183206 0.037303
v 0.082896 0.185273 0.038583
v 0.077010 0.185273 0.039946
v 0.071479 0.183206 0.041226
v 0.066971 0.179323 0.042270
v 0.064028 0.174091 0.042951
v 0.063006 0.168141 0.043187
v 0.064028 0.162192 0.042951
v 0.066971 0.156960 0.042270
v 0.071479 0.153077 0.041226
v 0.077010 0.151010 0.039946
v 0.082896 0.151010 0.038583
v 0.088427 0.153077 0.037303
v 0.092935 0.156960 0.036259
v 0.095878 0.162192 0.035578
v 0.103095 0.174091 0.066754
v 0.104117 0.168141 0.066517
v 0.100152 0.179323 0.067435
v 0.095643 0.183206 0.068478
v 0.090113 0.185273 0.069759
v 0.084227 0.185273 0.071121
v 0.078696 0.183206 0.072402
v 0.074187 0.179323 0.073446
v 0.071244 0.174091 0.074127
v 0.070222 0.168141 0.074364
v 0.071244 0.162192 0.074127
v 0.074187 0.156960 0.073446
v 0.078696 0.153077 0.072402
v 0.084227 0.151010 0.071121
v 0.090113 0.151010 0.069759
v 0.095643 0.153077 0.068478
v 0.100152 0.156960 0.067435
v 0.103095 0.162192 0.066754
v 0.110312 0.174091 0.097929
v 0.111334 0.168141 0.097693
v 0.107369 0.179323 0.098611
v 0.102860 0.183206 0.099655
v 0.097329 0.185273 0.100935
v 0.091444 0.185273 0.102297
v 0.085913 0.183206 0.103577
v 0.081404 0.179323 0.104621
v 0.078461 0.174091 0.105303
v 0.077439 0.168141 0.105539
v 0.078461 0.162192 0.105303
v 0.081404 0.156960 0.104621
v 0.085913 0.153077 0.103577
v 0.091444 0.151010 0.102297
v 0.097329 0.151010 0.100935
v 0.102860 0.153077 0.099655
v 0.107369 0.156960 0.098611
v 0.110312 0.162192 0.097929
v 0.117528 0.174091 0.129105
v 0.118550 0.168141 0.128868
v 0.114586 0.179323 0.129786
v 0.110077 0.183206 0.130830
v 0.104546 0.185273 0.132110
v 0.098660 0.185273 0.133472
v 0.093130 0.183206 0.134753
v 0.088621 0.179323 0.135797
v 0.085678 0.174091 0.136478
v 0.084656 0.168141 0.136715
v 0.085678 0.162192 0.136478
v 0.088621 0.156960 0.135797
v 0.093130 0.153077 0.134753
v 0.098660 0.151010 0.133472
v 0.104546 0.151010 0.132110
v 0.110077 0.153077 0.130830
v 0.114586 0.156960 0.129786
v 0.117528 0.162192 0.129105
v 0.101603 0.168141 0.132791
v 0.773661 1.060975 -0.187011
v 0.786643 1.072156 -0.190017
v 0.789586 1.066924 -0.190698
v 0.790608 1.060975 -0.190935
v 0.776604 1.078106 -0.187693
v 0.782135 1.076039 -0.188973
v 0.765188 1.076039 -0.185051
v 0.770718 1.078106 -0.186330
v 0.757736 1.066924 -0.183325
v 0.760679 1.072156 -0.184006
v 0.757736 1.055025 -0.183325
v 0.756714 1.060975 -0.183089
v 0.765188 1.045910 -0.185051
v 0.760679 1.049793 -0.184006
v 0.776604 1.043843 -0.187693
v 0.770718 1.043843 -0.186330
v 0.786643 1.049793 -0.190017
v 0.782135 1.045910 -0.188973
v 0.789586 1.055025 -0.190698
v 0.796803 1.066924 -0.159523
v 0.797825 1.060975 -0.159759
v 0.793860 1.072156 -0.158841
v 0.789351 1.076039 -0.157797
v 0.783821 1.078106 -0.156517
v 0.777935 1.078106 -0.155155
v 0.772404 1.076039 -0.153874
v 0.767896 1.072156 -0.152831
v 0.764953 1.066924 -0.152149
v 0.763931 1.060975 -0.151912
v 0.764953 1.055025 -0.152149
v 0.767896 1.049793 -0.152831
v 0.772404 1.045910 -0.153874
v 0.777935 1.043843 -0.155155
v 0.783821 1.043843 -0.156517
v 0.789351 1.045910 -0.157797
v 0.793860 1.049793 -0.158841
v 0.796803 1.055025 -0.159523
v 0.804020 1.066924 -0.128347
v 0.805042 1.060975 -0.128583
v 0.801077 1.072156 -0.127666
v 0.796568 1.076039 -0.126622
v 0.791038 1.078106 -0.125342
v 0.785152 1.078106 -0.123979
v 0.779621 1.076039 -0.122699
v 0.775112 1.072156 -0.121655
v 0.772169 1.066924 -0.120974
v 0.771147 1.060975 -0.120738
v 0.772169 1.055025 -0.120974
v 0.775112 1.049793 -0.121655
v 0.779621 1.045910 -0.122699
v 0.785152 1.043843 -0.123979
v 0.791038 1.043843 -0.125342
v 0.796568 1.045910 -0.126622
v 0.801077 1.049793 -0.127666
v 0.804020 1.055025 -0.128347
v 0.811237 1.066924 -0.097171
v 0.812259 1.060975 -0.097408
v 0.808294 1.072156 -0.096489
v 0.803785 1.076039 -0.095446
v 0.798254 1.078106 -0.094165
v 0.792369 1.078106 -0.092804
v 0.786838 1.076039 -0.091523
v 0.782329 1.072156 -0.090480
v 0.779386 1.066924 -0.089798
v 0.778364 1.060975 -0.089561
v 0.779386 1.055025 -0.089798
v 0.782329 1.049793 -0.090480
v 0.786838 1.045910 -0.091523
v 0.792369 1.043843 -0.092804
v 0.798254 1.043843 -0.094165
v 0.803785 1.045910 -0.095446
v 0.808294 1.049793 -0.096489
v 0.811237 1.055025 -0.097171
v 0.818453 1.066924 -0.065996
v 0.819475 1.060975 -0.066232
v 0.815510 1.072156 -0.065315
v 0.811002 1.076039 -0.064271
v 0.805471 1.078106 -0.062991
v 0.799585 1.078106 -0.061628
v 0.794054 1.076039 -0.060348
v 0.789546 1.072156 -0.059304
v 0.786603 1.066924 -0.058623
v 0.785581 1.060975 -0.058386
v 0.786603 1.055025 -0.058623
v 0.789546 1.049793 -0.059304
v 0.794054 1.045910 -0.060348
v 0.799585 1.043843 -0.061628
v 0.805471 1.043843 -0.062991
v 0.811002 1.045910 -0.064271
v 0.815510 1.049793 -0.065315
v 0.818453 1.055025 -0.065996
v 0.825670 1.066924 -0.034820
v 0.826692 1.060975 -0.035057
v 0.822727 1.072156 -0.034138
v 0.818218 1.076039 -0.033095
v 0.812688 1.078106 -0.031814
v 0.806802 1.078106 -0.030452
v 0.801271 1.076039 -0.029172
v 0.796762 1.072156 -0.028128
v 0.793820 1.066924 -0.027446
v 0.792798 1.060975 -0.027210
v 0.793820 1.055025 -0.027446
v 0.796762 1.049793 -0.028128
v 0.801271 1.045910 -0.029172
v 0.806802 1.043843 -0.030452
v 0.812688 1.043843 -0.031814
v 0.818218 1.045910 -0.033095
v 0.822727 1.049793 -0.034138
v 0.825670 1.055025 -0.034820
v 0.809745 1.060975 -0.031133
v 0.093430 0.164686 0.119873
v 0.096674 0.161047 0.114174
v 0.098165 0.160222 0.116144
v 0.099084 0.159936 0.118564
v 0.092746 0.163861 0.112450
v 0.094792 0.162311 0.112891
v 0.089138 0.167061 0.114200
v 0.090782 0.165511 0.112904
v 0.087538 0.169150 0.118605
v 0.088011 0.168325 0.116179
v 0.088695 0.169150 0.123602
v 0.087776 0.169436 0.121182
v 0.092068 0.167061 0.126856
v 0.090186 0.168325 0.125572
v 0.096078 0.163861 0.126842
v 0.094114 0.165511 0.127296
v 0.098849 0.161047 0.123567
v 0.097722 0.162311 0.125546
v 0.099322 0.160222 0.121142
v 0.240087 0.338208 0.083291
v 0.241006 0.337921 0.085711
v 0.238596 0.339033 0.081321
v 0.236714 0.340297 0.080038
v 0.234668 0.341847 0.079597
v 0.232704 0.343497 0.080051
v 0.231060 0.345047 0.081347
v 0.229933 0.346311 0.083326
v 0.229460 0.347135 0.085751
v 0.229697 0.347422 0.088329
v 0.230617 0.347135 0.090750
v 0.232108 0.346311 0.092719
v 0.233989 0.345047 0.094003
v 0.236036 0.343497 0.094444
v 0.237999 0.341847 0.093989
v 0.239644 0.340297 0.092693
v 0.240771 0.339033 0.090714
v 0.241244 0.338208 0.088289
v 0.382008 0.516193 0.050438
v 0.382928 0.515907 0.052858
v 0.380518 0.517018 0.048468
v 0.378636 0.518282 0.047184
v 0.376590 0.519832 0.046744
v 0.374626 0.521482 0.047199
v 0.372981 0.523032 0.048494
v 0.371855 0.524296 0.050473
v 0.371382 0.525121 0.052899
v 0.371619 0.525408 0.055477
v 0.372539 0.525121 0.057896
v 0.374029 0.524296 0.059866
v 0.375911 0.523032 0.061150
v 0.377957 0.521482 0.061591
v 0.379921 0.519832 0.061136
v 0.381565 0.518282 0.059841
v 0.382692 0.517018 0.057862
v 0.383165 0.516193 0.055437
v 0.523930 0.694179 0.017585
v 0.524850 0.693893 0.020005
v 0.522439 0.695004 0.015615
v 0.520558 0.696268 0.014332
v 0.518511 0.697818 0.013891
v 0.516548 0.699468 0.014347
v 0.514903 0.701018 0.015641
v 0.513777 0.702282 0.017621
v 0.513303 0.703107 0.020046
v 0.513541 0.703393 0.022623
v 0.514460 0.703107 0.025044
v 0.515951 0.702282 0.027013
v 0.517833 0.701018 0.028297
v 0.519879 0.699468 0.028737
v 0.521843 0.697818 0.028284
v 0.523487 0.696268 0.026987
v 0.524614 0.695004 0.025009
v 0.525087 0.694179 0.022583
v 0.665852 0.872165 -0.015268
v 0.666771 0.871878 -0.012847
v 0.664361 0.872990 -0.017238
v 0.662479 0.874254 -0.018521
v 0.660433 0.875804 -0.018963
v 0.658469 0.877454 -0.018508
v 0.656825 0.879004 -0.017211
v 0.655698 0.880268 -0.015233
v 0.655225 0.881092 -0.012808
v 0.655463 0.881379 -0.010230
v 0.656382 0.881092 -0.007809
v 0.657873 0.880268 -0.005840
v 0.659755 0.879004 -0.004556
v 0.661801 0.877454 -0.004116
v 0.663765 0.875804 -0.004570
v 0.665409 0.874254 -0.005866
v 0.666536 0.872990 -0.007845
v 0.667009 0.872165 -0.010270
v 0.807774 1.050151 -0.048121
v 0.808693 1.049864 -0.045701
v 0.806283 1.050976 -0.050090
v 0.804401 1.052239 -0.051374
v 0.802355 1.053790 -0.051815
v 0.800391 1.055439 -0.051361
v 0.798747 1.056990 -0.050065
v 0.797620 1.058253 -0.048086
v 0.797147 1.059078 -0.045661
v 0.797384 1.059365 -0.043083
v 0.798304 1.059078 -0.040662
v 0.799794 1.058253 -0.038692
v 0.801676 1.056990 -0.037409
v 0.803723 1.055439 -0.036968
v 0.805686 1.053790 -0.037423
v 0.807331 1.052239 -0.038719
v 0.808457 1.050976 -0.040698
v 0.808931 1.050151 -0.043123
v 0.803039 1.054614 -0.044391
v 0.062609 0.164686 -0.013270
v 0.065853 0.161047 -0.018970
v 0.067344 0.160222 -0.016999
v 0.068264 0.159936 -0.014579
v 0.061925 0.163861 -0.020693
v 0.063972 0.162311 -0.020252
v 0.058317 0.167061 -0.018943
v 0.059962 0.165511 -0.020238
v 0.056717 0.169150 -0.014539
v 0.057190 0.168325 -0.016964
v 0.057874 0.169150 -0.009541
v 0.056955 0.169436 -0.011962
v 0.061247 0.167061 -0.006287
v 0.059365 0.168325 -0.007571
v 0.065257 0.163861 -0.006301
v 0.063293 0.165511 -0.005848
v 0.068028 0.161047 -0.009576
v 0.066901 0.162311 -0.007597
v 0.068501 0.160222 -0.012001
v 0.209266 0.338208 -0.049852
v 0.210185 0.337921 -0.047432
v 0.207775 0.339033 -0.051822
v 0.205893 0.340297 -0.053105
v 0.203847 0.341847 -0.053546
v 0.201883 0.343497 -0.053092
v 0.200239 0.345047 -0.051796
v 0.199112 0.346311 -0.049817
v 0.198639 0.347135 -0.047393
v 0.198877 0.347422 -0.044815
v 0.199796 0.347135 -0.042394
v 0.201287 0.346311 -0.040424
v 0.203169 0.345047 -0.039140
v 0.205215 0.343497 -0.038700
v 0.207179 0.341847 -0.039155
v 0.208823 0.340297 -0.040450
v 0.209950 0.339033 -0.042429
v 0.210423 0.338208 -0.044854
v 0.351188 0.516194 -0.082705
v 0.352107 0.515907 -0.080285
v 0.349697 0.517018 -0.084675
v 0.347815 0.518282 -0.085958
v 0.345769 0.519832 -0.086399
v 0.343805 0.521482 -0.085945
v 0.342161 0.523032 -0.084650
v 0.341034 0.524296 -0.082670
v 0.340561 0.525121 -0.080246
v 0.340798 0.525408 -0.077667
v 0.341718 0.525121 -0.075247
v 0.343208 0.524296 -0.073276
v 0.345090 0.523032 -0.071992
v 0.347137 0.521482 -0.071553
v 0.349100 0.519832 -0.072008
v 0.350745 0.518282 -0.073303
v 0.351871 0.517018 -0.075282
v 0.352344 0.516194 -0.077707
v 0.493109 0.694179 -0.115558
v 0.494029 0.693893 -0.113138
v 0.491619 0.695004 -0.117528
v 0.489737 0.696268 -0.118811
v 0.487691 0.697818 -0.119252
v 0.485727 0.699468 -0.118797
v 0.484082 0.701018 -0.117503
v 0.482956 0.702282 -0.115523
v 0.482483 0.703107 -0.113098
v 0.482720 0.703393 -0.110520
v 0.483640 0.703107 -0.108100
v 0.485130 0.702282 -0.106129
v 0.487012 0.701018 -0.104847
v 0.489058 0.699468 -0.104406
v 0.491022 0.697818 -0.104861
v 0.492666 0.696268 -0.106155
v 0.493793 0.695004 -0.108135
v 0.494266 0.694179 -0.110560
v 0.635031 0.872165 -0.148410
v 0.635950 0.871878 -0.145991
v 0.633540 0.872990 -0.150382
v 0.631659 0.874254 -0.151664
v 0.629612 0.875804 -0.152105
v 0.627649 0.877454 -0.151650
v 0.626004 0.879004 -0.150356
v 0.624877 0.880268 -0.148376
v 0.624404 0.881092 -0.145951
v 0.624642 0.881379 -0.143373
v 0.625561 0.881092 -0.140953
v 0.627052 0.880268 -0.138982
v 0.628934 0.879004 -0.137699
v 0.630980 0.877454 -0.137259
v 0.632944 0.875804 -0.137714
v 0.634588 0.874254 -0.139008
v 0.635715 0.872990 -0.140987
v 0.636188 0.872165 -0.143413
v 0.776953 1.050151 -0.181264
v 0.777872 1.049864 -0.178844
v 0.775462 1.050976 -0.183235
v 0.773580 1.052239 -0.184516
v 0.771534 1.053789 -0.184958
v 0.769570 1.055439 -0.184503
v 0.767926 1.056990 -0.183208
v 0.766799 1.058253 -0.181228
v 0.766326 1.059078 -0.178804
v 0.766564 1.059365 -0.176226
v 0.767483 1.059078 -0.173806
v 0.768974 1.058253 -0.171835
v 0.770856 1.056990 -0.170552
v 0.772902 1.055439 -0.170112
v 0.774865 1.053789 -0.170566
v 0.776510 1.052239 -0.171861
v 0.777637 1.050976 -0.173840
v 0.778110 1.050151 -0.176265
v 0.772218 1.054614 -0.177535
vn -0.2255 -0.0000 -0.9742
vn 0.4029 0.4771 -0.7810
vn 0.5285 0.2538 -0.8101
vn 0.5721 -0.0000 -0.8202
vn -0.0255 0.7310 -0.6819
vn 0.2105 0.6429 -0.7365
vn -0.5127 0.6428 -0.5691
vn -0.2767 0.7311 -0.6237
vn -0.8307 0.2539 -0.4955
vn -0.7051 0.4772 -0.5245
vn -0.8307 -0.2539 -0.4955
vn -0.8743 -0.0000 -0.4854
vn -0.5127 -0.6428 -0.5691
vn -0.7051 -0.4772 -0.5245
vn -0.0255 -0.7310 -0.6819
vn -0.2767 -0.7311 -0.6237
vn 0.4029 -0.4771 -0.7810
vn 0.2105 -0.6429 -0.7365
vn 0.5285 -0.2539 -0.8101
vn 0.9155 0.3420 -0.2119
vn 0.9742 -0.0000 -0.2255
vn 0.7463 0.6428 -0.1728
vn 0.4871 0.8660 -0.1128
vn 0.1692 0.9848 -0.0392
vn -0.1692 0.9848 0.0392
vn -0.4872 0.8660 0.1128
vn -0.7463 0.6428 0.1728
vn -0.9155 0.3420 0.2119
vn -0.9742 -0.0000 0.2255
vn -0.9155 -0.3420 0.2119
vn -0.7463 -0.6428 0.1728
vn -0.4872 -0.8660 0.1128
vn -0.1692 -0.9848 0.0392
vn 0.1692 -0.9848 -0.0392
vn 0.4871 -0.8660 -0.1128
vn 0.7463 -0.6428 -0.1728
vn 0.9155 -0.3420 -0.2119
vn 0.4872 0.8660 -0.1128
vn 0.4872 -0.8660 -0.1128
vn -0.4871 0.8660 0.1128
vn -0.4871 -0.8660 0.1128
vn 0.8307 0.2539 0.4955
vn 0.8743 -0.0000 0.4854
vn 0.7051 0.4772 0.5245
vn 0.5127 0.6428 0.5691
vn 0.2767 0.7311 0.6237
vn 0.0255 0.7311 0.6818
vn -0.2104 0.6428 0.7365
vn -0.4028 0.4772 0.7810
vn -0.5285 0.2539 0.8101
vn -0.5721 -0.0000 0.8202
vn -0.5285 -0.2539 0.8101
vn -0.4028 -0.4772 0.7810
vn -0.2104 -0.6428 0.7365
vn 0.0255 -0.7311 0.6818
vn 0.2767 -0.7311 0.6237
vn 0.5127 -0.6428 0.5691
vn 0.7051 -0.4772 0.5245
vn 0.8307 -0.2539 0.4955
vn 0.2255 -0.0000 0.9742
vn 0.4029 0.4772 -0.7810
vn 0.5285 0.2539 -0.8101
vn 0.4029 -0.4772 -0.7810
vn 0.1693 0.9848 -0.0392
vn 0.8307 0.2539 0.4954
vn 0.7051 0.4772 0.5246
vn 0.5128 0.6428 0.5691
vn 0.2767 0.7310 0.6237
vn -0.2105 0.6428 0.7365
vn -0.4029 0.4772 0.7810
vn -0.5284 0.2539 0.8101
vn -0.5284 -0.2539 0.8101
vn -0.4029 -0.4772 0.7810
vn -0.2105 -0.6428 0.7365
vn 0.2767 -0.7310 0.6237
vn 0.7051 -0.4772 0.5246
vn 0.8307 -0.2539 0.4954
vn -0.6170 -0.7738 0.1429
vn -0.0924 -0.8787 -0.4684
vn 0.0553 -0.9603 -0.2734
vn 0.1461 -0.9887 -0.0338
vn -0.4812 -0.5999 -0.6392
vn -0.2786 -0.7536 -0.5953
vn -0.8383 -0.2834 -0.4657
vn -0.6755 -0.4371 -0.5939
vn -0.9966 -0.0767 -0.0298
vn -0.9498 -0.1583 -0.2699
vn -0.8821 -0.0767 0.4649
vn -0.9731 -0.0484 0.2253
vn -0.5482 -0.2836 0.7868
vn -0.7346 -0.1583 0.6598
vn -0.1512 -0.6002 0.7854
vn -0.3458 -0.4369 0.8304
vn 0.1229 -0.8786 0.4614
vn 0.0113 -0.7536 0.6572
vn 0.1697 -0.9603 0.2213
vn 0.6313 -0.5952 -0.4973
vn 0.7539 -0.6334 -0.1745
vn 0.4325 -0.4852 -0.7599
vn 0.1817 -0.3167 -0.9309
vn -0.0911 -0.1101 -0.9897
vn -0.3531 0.1100 -0.9291
vn -0.5723 0.3167 -0.7564
vn -0.7225 0.4852 -0.4925
vn -0.7856 0.5952 -0.1692
vn -0.7539 0.6334 0.1745
vn -0.6313 0.5951 0.4973
vn -0.4326 0.4852 0.7598
vn -0.1818 0.3168 0.9309
vn 0.0912 0.1100 0.9897
vn 0.3531 -0.1101 0.9291
vn 0.5723 -0.3167 0.7564
vn 0.7225 -0.4852 0.4926
vn 0.7856 -0.5952 0.1692
vn 0.7539 -0.6334 -0.1746
vn 0.4326 -0.4852 -0.7599
vn -0.0912 -0.1100 -0.9897
vn -0.3530 0.1100 -0.9291
vn -0.5723 0.3167 -0.7565
vn -0.4326 0.4852 0.7599
vn 0.5723 -0.3167 0.7565
vn 0.1818 -0.3168 -0.9309
vn -0.3531 0.1101 -0.9291
vn -0.6313 0.5952 0.4973
vn -0.1817 0.3167 0.9309
vn 0.0911 0.1100 0.9897
vn 0.3531 -0.1100 0.9291
vn 0.4325 -0.4852 -0.7600
vn -0.0911 -0.1100 -0.9897
vn -0.3529 0.1099 -0.9292
vn -0.7225 0.4852 -0.4926
vn -0.6313 0.5952 0.4972
vn 0.8820 0.0767 -0.4649
vn 0.9731 0.0483 -0.2252
vn 0.7345 0.1585 -0.6598
vn 0.5483 0.2833 -0.7868
vn 0.3459 0.4370 -0.8303
vn 0.1512 0.6002 -0.7854
vn -0.0112 0.7537 -0.6571
vn -0.1229 0.8787 -0.4614
vn -0.1700 0.9603 -0.2213
vn -0.1462 0.9887 0.0339
vn -0.0551 0.9603 0.2735
vn 0.0923 0.8787 0.4684
vn 0.2786 0.7537 0.5953
vn 0.4810 0.6002 0.6391
vn 0.6756 0.4368 0.5940
vn 0.8383 0.2834 0.4658
vn 0.9497 0.1584 0.2700
vn 0.9966 0.0768 0.0300
vn 0.6170 0.7739 -0.1428
vn -0.6170 -0.7739 0.1428
vn -0.0923 -0.8787 -0.4684
vn 0.0552 -0.9604 -0.2733
vn 0.1463 -0.9887 -0.0339
vn -0.4811 -0.6002 -0.6390
vn -0.2786 -0.7536 -0.5954
vn -0.8383 -0.2834 -0.4658
vn -0.6755 -0.4368 -0.5940
vn -0.9966 -0.0766 -0.0299
vn -0.9498 -0.1584 -0.2699
vn -0.8821 -0.0766 0.4648
vn -0.9731 -0.0484 0.2252
vn -0.5483 -0.2834 0.7868
vn -0.1513 -0.6001 0.7855
vn 0.1229 -0.8787 0.4613
vn 0.0114 -0.7536 0.6572
vn 0.1700 -0.9603 0.2213
vn 0.6313 -0.5952 -0.4972
vn 0.1817 -0.3167 -0.9310
vn -0.4327 0.4852 0.7598
vn -0.1816 0.3167 0.9310
vn 0.0910 0.1101 0.9897
vn 0.3530 -0.1100 0.9291
vn 0.5722 -0.3167 0.7565
vn 0.7225 -0.4852 0.4925
vn 0.7539 -0.6334 -0.1744
vn 0.1816 -0.3167 -0.9310
vn -0.3530 0.1100 -0.9292
vn -0.7856 0.5952 -0.1693
vn -0.4324 0.4851 0.7600
vn 0.0913 0.1099 0.9897
vn 0.1816 -0.3166 -0.9310
vn -0.5722 0.3166 -0.7565
vn -0.7225 0.4852 -0.4924
vn -0.6313 0.5952 0.4971
vn -0.1816 0.3166 0.9310
vn 0.0911 0.1101 0.9897
vn 0.5722 -0.3166 0.7565
vn -0.3530 0.1099 -0.9292
vn -0.7856 0.5952 -0.1691
vn 0.3530 -0.1099 0.9292
vn 0.5722 -0.3166 0.7566
vn 0.7856 -0.5952 0.1691
vn 0.8821 0.0768 -0.4648
vn 0.9731 0.0483 -0.2253
vn 0.7345 0.1584 -0.6599
vn 0.5483 0.2835 -0.7868
vn 0.3457 0.4368 -0.8305
vn 0.1514 0.6001 -0.7855
vn -0.0112 0.7536 -0.6572
vn -0.1229 0.8787 -0.4613
vn -0.1697 0.9603 -0.2214
vn -0.1461 0.9887 0.0338
vn -0.0556 0.9603 0.2734
vn 0.0924 0.8787 0.4683
vn 0.2787 0.7536 0.5954
vn 0.4813 0.6001 0.6389
vn 0.6754 0.4368 0.5941
vn 0.8382 0.2835 0.4659
vn 0.9497 0.1585 0.2699
vn 0.9966 0.0767 0.0299
vn 0.6170 0.7739 -0.1429
vt 0.500000 0.000000
vt 0.861111 0.000000
vt 0.805556 0.000000
vt 0.750000 0.000000
vt 0.972222 0.000000
vt 0.916667 0.000000
vt 0.083333 0.000000
vt 0.027778 0.000000
vt -0.027778 0.000000
vt 0.194444 0.000000
vt 0.138889 0.000000
vt 0.305556 0.000000
vt 0.250000 0.000000
vt 0.416667 0.000000
vt 0.361111 0.000000
vt 0.527778 0.000000
vt 0.472222 0.000000
vt 0.638889 0.000000
vt 0.583333 0.000000
vt 0.694444 0.000000
vt 0.805556 0.200000
vt 0.750000 0.200000
vt 0.861111 0.200000
vt 0.916667 0.200000
vt 0.972222 0.200000
vt 0.027778 0.200000
vt -0.027778 0.200000
vt 0.083333 0.200000
vt 0.138889 0.200000
vt 0.194444 0.200000
vt 0.250000 0.200000
vt 0.305556 0.200000
vt 0.361111 0.200000
vt 0.416667 0.200000
vt 0.472222 0.200000
vt 0.527778 0.200000
vt 0.583333 0.200000
vt 0.638889 0.200000
vt 0.694444 0.200000
vt 0.805556 0.400000
vt 0.750000 0.400000
vt 0.861111 0.400000
vt 0.916667 0.400000
vt 0.972222 0.400000
vt 0.027778 0.400000
vt -0.027778 0.400000
vt 0.083333 0.400000
vt 0.138889 0.400000
vt 0.194444 0.400000
vt 0.250000 0.400000
vt 0.305556 0.400000
vt 0.361111 0.400000
vt 0.416667 0.400000
vt 0.472222 0.400000
vt 0.527778 0.400000
vt 0.583333 0.400000
vt 0.638889 0.400000
vt 0.694444 0.400000
vt 0.805556 0.600000
vt 0.750000 0.600000
vt 0.861111 0.600000
vt 0.916667 0.600000
vt 0.972222 0.600000
vt 0.027778 0.600000
vt -0.027778 0.600000
vt 0.083333 0.600000
vt 0.138889 0.600000
vt 0.194444 0.600000
vt 0.250000 0.600000
vt 0.305556 0.600000
vt 0.361111 0.600000
vt 0.416667 0.600000
vt 0.472222 0.600000
vt 0.527778 0.600000
vt 0.583333 0.600000
vt 0.638889 0.600000
vt 0.694444 0.600000
vt 0.805556 0.800000
vt 0.750000 0.800000
vt 0.861111 0.800000
vt 0.916667 0.800000
vt 0.972222 0.800000
vt 0.027778 0.800000
vt -0.027778 0.800000
vt 0.083333 0.800000
vt 0.138889 0.800000
vt 0.194444 0.800000
vt 0.250000 0.800000
vt 0.305556 0.800000
vt 0.361111 0.800000
vt 0.416667 0.800000
vt 0.472222 0.800000
vt 0.527778 0.800000
vt 0.583333 0.800000
vt 0.638889 0.800000
vt 0.694444 0.800000
vt 0.805556 1.000000
vt 0.750000 1.000000
vt 0.861111 1.000000
vt 0.916667 1.000000
vt 0.972222 1.000000
vt 0.027778 1.000000
vt -0.027778 1.000000
vt 0.083333 1.000000
vt 0.138889 1.000000
vt 0.194444 1.000000
vt 0.250000 1.000000
vt 0.305556 1.000000
vt 0.361111 1.000000
vt 0.416667 1.000000
vt 0.472222 1.000000
vt 0.527778 1.000000
vt 0.583333 1.000000
vt 0.638889 1.000000
vt 0.694444 1.000000
vt 0.500000 1.000000
vt -0.019676 1.000000
vt 0.970822 1.000000
vt 0.970820 1.000000
vt -0.019671 1.000000
s 1
usemtl wire_000000000
f 331/236/131 332/237/132 333/238/133 334/239/134
f 331/236/131 335/240/135 336/241/136 332/237/132
f 331/236/131 337/242/137 338/243/138 335/244/135
f 331/236/131 339/245/139 340/246/140 337/242/137
f 331/236/131 341/247/141 342/248/142 339/245/139
f 331/236/131 343/249/143 344/250/144 341/247/141
f 331/236/131 345/251/145 346/252/146 343/249/143
f 331/236/131 347/253/147 348/254/148 345/251/145
f 331/236/131 334/239/134 349/255/149 347/253/147
f 334/239/134 333/238/133 350/256/150 351/257/151
f 333/238/133 332/237/132 352/258/152 350/256/150
f 332/237/132 336/241/136 353/259/153 352/258/152
f 336/241/136 335/240/135 354/260/154 353/259/153
f 335/244/135 338/243/138 355/261/155 354/262/154
f 338/243/138 337/242/137 356/263/156 355/261/155
f 337/242/137 340/246/140 357/264/157 356/263/156
f 340/246/140 339/245/139 358/265/158 357/264/157
f 339/245/139 342/248/142 359/266/159 358/265/158
f 342/248/142 341/247/141 360/267/160 359/266/159
f 341/247/141 344/250/144 361/268/161 360/267/160
f 344/250/144 343/249/143 362/269/162 361/268/161
f 343/249/143 346/252/146 363/270/163 362/269/162
f 346/252/146 345/251/145 364/271/164 363/270/163
f 345/251/145 348/254/148 365/272/165 364/271/164
f 348/254/148 347/253/147 366/273/166 365/272/165
f 347/253/147 349/255/149 367/274/167 366/273/166
f 349/255/149 334/239/134 351/257/151 367/274/167
f 351/257/151 350/256/150 368/275/150 369/276/151
f 350/256/150 352/258/152 370/277/152 368/275/150
f 352/258/152 353/259/153 371/278/168 370/277/152
f 353/259/153 354/260/154 372/279/154 371/278/168
f 354/262/154 355/261/155 373/280/155 372/281/154
f 355/261/155 356/263/156 374/282/156 373/280/155
f 356/263/156 357/264/157 375/283/157 374/282/156
f 357/264/157 358/265/158 376/284/158 375/283/157
f 358/265/158 359/266/159 377/285/159 376/284/158
f 359/266/159 360/267/160 378/286/160 377/285/159
f 360/267/160 361/268/161 379/287/161 378/286/160
f 361/268/161 362/269/162 380/288/162 379/287/161
f 362/269/162 363/270/163 381/289/163 380/288/162
f 363/270/163 364/271/164 382/290/164 381/289/163
f 364/271/164 365/272/165 383/291/169 382/290/164
f 365/272/165 366/273/166 384/292/166 383/291/169
f 366/273/166 367/274/167 385/293/167 384/292/166
f 367/274/167 351/257/151 369/276/151 385/293/167
f 369/276/151 368/275/150 386/294/150 387/295/151
f 368/275/150 370/277/152 388/296/152 386/294/150
f 370/277/152 371/278/168 389/297/168 388/296/152
f 371/278/168 372/279/154 390/298/154 389/297/168
f 372/281/154 373/280/155 391/299/155 390/300/154
f 373/280/155 374/282/156 392/301/170 391/299/155
f 374/282/156 375/283/157 393/302/157 392/301/170
f 375/283/157 376/284/158 394/303/158 393/302/157
f 376/284/158 377/285/159 395/304/159 394/303/158
f 377/285/159 378/286/160 396/305/160 395/304/159
f 378/286/160 379/287/161 397/306/161 396/305/160
f 379/287/161 380/288/162 398/307/171 397/306/161
f 380/288/162 381/289/163 399/308/163 398/307/171
f 381/289/163 382/290/164 400/309/164 399/308/163
f 382/290/164 383/291/169 401/310/169 400/309/164
f 383/291/169 384/292/166 402/311/166 401/310/169
f 384/292/166 385/293/167 403/312/167 402/311/166
f 385/293/167 369/276/151 387/295/151 403/312/167
f 387/295/151 386/294/150 404/313/150 405/314/151
f 386/294/150 388/296/152 406/315/152 404/313/150
f 388/296/152 389/297/168 407/316/153 406/315/152
f 389/297/168 390/298/154 408/317/154 407/316/153
f 390/300/154 391/299/155 409/318/155 408/319/154
f 391/299/155 392/301/170 410/320/170 409/318/155
f 392/301/170 393/302/157 411/321/157 410/320/170
f 393/302/157 394/303/158 412/322/158 411/321/157
f 394/303/158 395/304/159 413/323/159 412/322/158
f 395/304/159 396/305/160 414/324/160 413/323/159
f 396/305/160 397/306/161 415/325/161 414/324/160
f 397/306/161 398/307/171 416/326/171 415/325/161
f 398/307/171 399/308/163 417/327/163 416/326/171
f 399/308/163 400/309/164 418/328/164 417/327/163
f 400/309/164 401/310/169 419/329/165 418/328/164
f 401/310/169 402/311/166 420/330/166 419/329/165
f 402/311/166 403/312/167 421/331/167 420/330/166
f 403/312/167 387/295/151 405/314/151 421/331/167
f 405/314/151 404/313/150 422/332/172 423/333/173
f 404/313/150 406/315/152 424/334/174 422/332/172
f 406/315/152 407/316/153 425/335/175 424/334/174
f 407/316/153 408/317/154 426/336/176 425/335/175
f 408/319/154 409/318/155 427/337/177 426/338/176
f 409/318/155 410/320/170 428/339/178 427/337/177
f 410/320/170 411/321/157 429/340/179 428/339/178
f 411/321/157 412/322/158 430/341/180 429/340/179
f 412/322/158 413/323/159 431/342/181 430/341/180
f 413/323/159 414/324/160 432/343/182 431/342/181
f 414/324/160 415/325/161 433/344/183 432/343/182
f 415/325/161 416/326/171 434/345/184 433/344/183
f 416/326/171 417/327/163 435/346/185 434/345/184
f 417/327/163 418/328/164 436/347/186 435/346/185
f 418/328/164 419/329/165 437/348/187 436/347/186
f 419/329/165 420/330/166 438/349/188 437/348/187
f 420/330/166 421/331/167 439/350/189 438/349/188
f 421/331/167 405/314/151 423/333/173 439/350/189
f 440/351/190 439/350/189 423/333/173 422/332/172
f 440/351/190 422/332/172 424/334/174 425/335/175
f 440/351/190 425/352/175 426/338/176 427/337/177
f 440/351/190 427/337/177 428/339/178 429/340/179
f 440/351/190 429/340/179 430/341/180 431/342/181
f 440/351/190 431/342/181 432/343/182 433/344/183
f 440/351/190 433/344/183 434/345/184 435/346/185
f 440/351/190 435/346/185 436/347/186 437/348/187
f 440/351/190 437/348/187 438/349/188 439/350/189
f 441/236/131 442/237/191 443/238/192 444/239/134
f 441/236/131 445/240/135 446/241/136 442/237/191
f 441/236/131 447/242/137 448/243/138 445/244/135
f 441/236/131 449/245/139 450/246/140 447/242/137
f 441/236/131 451/247/141 452/248/142 449/245/139
f 441/236/131 453/249/143 454/250/144 451/247/141
f 441/236/131 455/251/145 456/252/146 453/249/143
f 441/236/131 457/253/193 458/254/148 455/251/145
f 441/236/131 444/239/134 459/255/149 457/253/193
f 444/239/134 443/238/192 460/256/150 461/257/151
f 443/238/192 442/237/191 462/258/152 460/256/150
f 442/237/191 446/241/136 463/259/168 462/258/152
f 446/241/136 445/240/135 464/260/154 463/259/168
f 445/244/135 448/243/138 465/261/155 464/262/154
f 448/243/138 447/242/137 466/263/156 465/261/155
f 447/242/137 450/246/140 467/264/157 466/263/156
f 450/246/140 449/245/139 468/265/158 467/264/157
f 449/245/139 452/248/142 469/266/159 468/265/158
f 452/248/142 451/247/141 470/267/160 469/266/159
f 451/247/141 454/250/144 471/268/161 470/267/160
f 454/250/144 453/249/143 472/269/162 471/268/161
f 453/249/143 456/252/146 473/270/163 472/269/162
f 456/252/146 455/251/145 474/271/164 473/270/163
f 455/251/145 458/254/148 475/272/169 474/271/164
f 458/254/148 457/253/193 476/273/166 475/272/169
f 457/253/193 459/255/149 477/274/167 476/273/166
f 459/255/149 444/239/134 461/257/151 477/274/167
f 461/257/151 460/256/150 478/275/150 479/276/151
f 460/256/150 462/258/152 480/277/152 478/275/150
f 462/258/152 463/259/168 481/278/168 480/277/152
f 463/259/168 464/260/154 482/279/194 481/278/168
f 464/262/154 465/261/155 483/280/155 482/281/194
f 465/261/155 466/263/156 484/282/156 483/280/155
f 466/263/156 467/264/157 485/283/157 484/282/156
f 467/264/157 468/265/158 486/284/158 485/283/157
f 468/265/158 469/266/159 487/285/159 486/284/158
f 469/266/159 470/267/160 488/286/160 487/285/159
f 470/267/160 471/268/161 489/287/161 488/286/160
f 471/268/161 472/269/162 490/288/171 489/287/161
f 472/269/162 473/270/163 491/289/163 490/288/171
f 473/270/163 474/271/164 492/290/164 491/289/163
f 474/271/164 475/272/169 493/291/165 492/290/164
f 475/272/169 476/273/166 494/292/166 493/291/165
f 476/273/166 477/274/167 495/293/167 494/292/166
f 477/274/167 461/257/151 479/276/151 495/293/167
f 479/276/151 478/275/150 496/294/150 497/295/151
f 478/275/150 480/277/152 498/296/152 496/294/150
f 480/277/152 481/278/168 499/297/168 498/296/152
f 481/278/168 482/279/194 500/298/154 499/297/168
f 482/281/194 483/280/155 501/299/155 500/300/154
f 483/280/155 484/282/156 502/301/156 501/299/155
f 484/282/156 485/283/157 503/302/157 502/301/156
f 485/283/157 486/284/158 504/303/158 503/302/157
f 486/284/158 487/285/159 505/304/159 504/303/158
f 487/285/159 488/286/160 506/305/160 505/304/159
f 488/286/160 489/287/161 507/306/161 506/305/160
f 489/287/161 490/288/171 508/307/171 507/306/161
f 490/288/171 491/289/163 509/308/163 508/307/171
f 491/289/163 492/290/164 510/309/164 509/308/163
f 492/290/164 493/291/165 511/310/165 510/309/164
f 493/291/165 494/292/166 512/311/166 511/310/165
f 494/292/166 495/293/167 513/312/167 512/311/166
f 495/293/167 479/276/151 497/295/151 513/312/167
f 497/295/151 496/294/150 514/313/150 515/314/151
f 496/294/150 498/296/152 516/315/152 514/313/150
f 498/296/152 499/297/168 517/316/168 516/315/152
f 499/297/168 500/298/154 518/317/154 517/316/168
f 500/300/154 501/299/155 519/318/155 518/319/154
f 501/299/155 502/301/156 520/320/156 519/318/155
f 502/301/156 503/302/157 521/321/157 520/320/156
f 503/302/157 504/303/158 522/322/158 521/321/157
f 504/303/158 505/304/159 523/323/159 522/322/158
f 505/304/159 506/305/160 524/324/160 523/323/159
f 506/305/160 507/306/161 525/325/161 524/324/160
f 507/306/161 508/307/171 526/326/162 525/325/161
f 508/307/171 509/308/163 527/327/163 526/326/162
f 509/308/163 510/309/164 528/328/164 527/327/163
f 510/309/164 511/310/165 529/329/169 528/328/164
f 511/310/165 512/311/166 530/330/166 529/329/169
f 512/311/166 513/312/167 531/331/167 530/330/166
f 513/312/167 497/295/151 515/314/151 531/331/167
f 515/314/151 514/313/150 532/332/195 533/333/173
f 514/313/150 516/315/152 534/334/196 532/332/195
f 516/315/152 517/316/168 535/335/197 534/334/196
f 517/316/168 518/317/154 536/336/198 535/335/197
f 518/319/154 519/318/155 537/337/177 536/338/198
f 519/318/155 520/320/156 538/339/199 537/337/177
f 520/320/156 521/321/157 539/340/200 538/339/199
f 521/321/157 522/322/158 540/341/201 539/340/200
f 522/322/158 523/323/159 541/342/181 540/341/201
f 523/323/159 524/324/160 542/343/202 541/342/181
f 524/324/160 525/325/161 543/344/203 542/343/202
f 525/325/161 526/326/162 544/345/204 543/344/203
f 526/326/162 527/327/163 545/346/185 544/345/204
f 527/327/163 528/328/164 546/347/205 545/346/185
f 528/328/164 529/329/169 547/348/187 546/347/205
f 529/329/169 530/330/166 548/349/206 547/348/187
f 530/330/166 531/331/167 549/350/207 548/349/206
f 531/331/167 515/314/151 533/333/173 549/350/207
f 550/351/190 549/350/207 533/333/173 532/332/195
f 550/351/190 532/332/195 534/334/196 535/335/197
f 550/351/190 535/335/197 536/336/198 537/353/177
f 550/351/190 537/337/177 538/339/199 539/340/200
f 550/351/190 539/340/200 540/341/201 541/342/181
f 550/351/190 541/342/181 542/343/202 543/344/203
f 550/351/190 543/344/203 544/345/204 545/346/185
f 550/351/190 545/346/185 546/347/205 547/348/187
f 550/351/190 547/348/187 548/349/206 549/350/207
f 551/236/208 552/237/209 553/238/210 554/239/211
f 551/236/208 555/240/212 556/241/213 552/237/209
f 551/236/208 557/242/214 558/243/215 555/244/212
f 551/236/208 559/245/216 560/246/217 557/242/214
f 551/236/208 561/247/218 562/248/219 559/245/216
f 551/236/208 563/249/220 564/250/221 561/247/218
f 551/236/208 565/251/222 566/252/223 563/249/220
f 551/236/208 567/253/224 568/254/225 565/251/222
f 551/236/208 554/239/211 569/255/226 567/253/224
f 554/239/211 553/238/210 570/256/227 571/257/228
f 553/238/210 552/237/209 572/258/229 570/256/227
f 552/237/209 556/241/213 573/259/230 572/258/229
f 556/241/213 555/240/212 574/260/231 573/259/230
f 555/244/212 558/243/215 575/261/232 574/262/231
f 558/243/215 557/242/214 576/263/233 575/261/232
f 557/242/214 560/246/217 577/264/234 576/263/233
f 560/246/217 559/245/216 578/265/235 577/264/234
f 559/245/216 562/248/219 579/266/236 578/265/235
f 562/248/219 561/247/218 580/267/237 579/266/236
f 561/247/218 564/250/221 581/268/238 580/267/237
f 564/250/221 563/249/220 582/269/239 581/268/238
f 563/249/220 566/252/223 583/270/240 582/269/239
f 566/252/223 565/251/222 584/271/241 583/270/240
f 565/251/222 568/254/225 585/272/242 584/271/241
f 568/254/225 567/253/224 586/273/243 585/272/242
f 567/253/224 569/255/226 587/274/244 586/273/243
f 569/255/226 554/239/211 571/257/228 587/274/244
f 571/257/228 570/256/227 588/275/227 589/276/245
f 570/256/227 572/258/229 590/277/246 588/275/227
f 572/258/229 573/259/230 591/278/230 590/277/246
f 573/259/230 574/260/231 592/279/247 591/278/230
f 574/262/231 575/261/232 593/280/248 592/281/247
f 575/261/232 576/263/233 594/282/249 593/280/248
f 576/263/233 577/264/234 595/283/234 594/282/249
f 577/264/234 578/265/235 596/284/235 595/283/234
f 578/265/235 579/266/236 597/285/236 596/284/235
f 579/266/236 580/267/237 598/286/237 597/285/236
f 580/267/237 581/268/238 599/287/250 598/286/237
f 581/268/238 582/269/239 600/288/239 599/287/250
f 582/269/239 583/270/240 601/289/240 600/288/239
f 583/270/240 584/271/241 602/290/241 601/289/240
f 584/271/241 585/272/242 603/291/251 602/290/241
f 585/272/242 586/273/243 604/292/243 603/291/251
f 586/273/243 587/274/244 605/293/244 604/292/243
f 587/274/244 571/257/228 589/276/245 605/293/244
f 589/276/245 588/275/227 606/294/227 607/295/228
f 588/275/227 590/277/246 608/296/229 606/294/227
f 590/277/246 591/278/230 609/297/252 608/296/229
f 591/278/230 592/279/247 610/298/247 609/297/252
f 592/281/247 593/280/248 611/299/253 610/300/247
f 593/280/248 594/282/249 612/301/249 611/299/253
f 594/282/249 595/283/234 613/302/234 612/301/249
f 595/283/234 596/284/235 614/303/235 613/302/234
f 596/284/235 597/285/236 615/304/236 614/303/235
f 597/285/236 598/286/237 616/305/254 615/304/236
f 598/286/237 599/287/250 617/306/250 616/305/254
f 599/287/250 600/288/239 618/307/255 617/306/250
f 600/288/239 601/289/240 619/308/256 618/307/255
f 601/289/240 602/290/241 620/309/257 619/308/256
f 602/290/241 603/291/251 621/310/242 620/309/257
f 603/291/251 604/292/243 622/311/243 621/310/242
f 604/292/243 605/293/244 623/312/244 622/311/243
f 605/293/244 589/276/245 607/295/228 623/312/244
f 607/295/228 606/294/227 624/313/227 625/314/228
f 606/294/227 608/296/229 626/315/258 624/313/227
f 608/296/229 609/297/252 627/316/252 626/315/258
f 609/297/252 610/298/247 628/317/259 627/316/252
f 610/300/247 611/299/253 629/318/260 628/319/259
f 611/299/253 612/301/249 630/320/233 629/318/260
f 612/301/249 613/302/234 631/321/261 630/320/233
f 613/302/234 614/303/235 632/322/235 631/321/261
f 614/303/235 615/304/236 633/323/236 632/322/235
f 615/304/236 616/305/254 634/324/262 633/323/236
f 616/305/254 617/306/250 635/325/250 634/324/262
f 617/306/250 618/307/255 636/326/255 635/325/250
f 618/307/255 619/308/256 637/327/256 636/326/255
f 619/308/256 620/309/257 638/328/257 637/327/256
f 620/309/257 621/310/242 639/329/242 638/328/257
f 621/310/242 622/311/243 640/330/243 639/329/242
f 622/311/243 623/312/244 641/331/244 640/330/243
f 623/312/244 607/295/228 625/314/228 641/331/244
f 625/314/228 624/313/227 642/332/263 643/333/264
f 624/313/227 626/315/258 644/334/265 642/332/263
f 626/315/258 627/316/252 645/335/266 644/334/265
f 627/316/252 628/317/259 646/336/267 645/335/266
f 628/319/259 629/318/260 647/337/268 646/338/267
f 629/318/260 630/320/233 648/339/269 647/337/268
f 630/320/233 631/321/261 649/340/270 648/339/269
f 631/321/261 632/322/235 650/341/271 649/340/270
f 632/322/235 633/323/236 651/342/272 650/341/271
f 633/323/236 634/324/262 652/343/273 651/342/272
f 634/324/262 635/325/250 653/344/274 652/343/273
f 635/325/250 636/326/255 654/345/275 653/344/274
f 636/326/255 637/327/256 655/346/276 654/345/275
f 637/327/256 638/328/257 656/347/277 655/346/276
f 638/328/257 639/329/242 657/348/278 656/347/277
f 639/329/242 640/330/243 658/349/279 657/348/278
f 640/330/243 641/331/244 659/350/280 658/349/279
f 641/331/244 625/314/228 643/333/264 659/350/280
f 660/351/281 659/350/280 643/333/264 642/332/263
f 660/351/281 642/332/263 644/334/265 645/335/266
f 660/351/281 645/335/266 646/336/267 647/354/268
f 660/351/281 647/337/268 648/339/269 649/340/270
f 660/351/281 649/340/270 650/341/271 651/342/272
f 660/351/281 651/342/272 652/343/273 653/344/274
f 660/351/281 653/344/274 654/345/275 655/346/276
f 660/351/281 655/346/276 656/347/277 657/348/278
f 660/351/281 657/348/278 658/349/279 659/350/280
f 661/236/282 662/237/283 663/238/284 664/239/285
f 661/236/282 665/240/286 666/241/287 662/237/283
f 661/236/282 667/242/288 668/243/289 665/244/286
f 661/236/282 669/245/290 670/246/291 667/242/288
f 661/236/282 671/247/292 672/248/293 669/245/290
f 661/236/282 673/249/294 674/250/221 671/247/292
f 661/236/282 675/251/295 676/252/223 673/249/294
f 661/236/282 677/253/296 678/254/297 675/251/295
f 661/236/282 664/239/285 679/255/298 677/253/296
f 664/239/285 663/238/284 680/256/299 681/257/228
f 663/238/284 662/237/283 682/258/258 680/256/299
f 662/237/283 666/241/287 683/259/300 682/258/258
f 666/241/287 665/240/286 684/260/259 683/259/300
f 665/244/286 668/243/289 685/261/248 684/262/259
f 668/243/289 667/242/288 686/263/233 685/261/248
f 667/242/288 670/246/291 687/264/234 686/263/233
f 670/246/291 669/245/290 688/265/235 687/264/234
f 669/245/290 672/248/293 689/266/236 688/265/235
f 672/248/293 671/247/292 690/267/262 689/266/236
f 671/247/292 674/250/221 691/268/301 690/267/262
f 674/250/221 673/249/294 692/269/302 691/268/301
f 673/249/294 676/252/223 693/270/303 692/269/302
f 676/252/223 675/251/295 694/271/304 693/270/303
f 675/251/295 678/254/297 695/272/305 694/271/304
f 678/254/297 677/253/296 696/273/306 695/272/305
f 677/253/296 679/255/298 697/274/244 696/273/306
f 679/255/298 664/239/285 681/257/228 697/274/244
f 681/257/228 680/256/299 698/275/299 699/276/307
f 680/256/299 682/258/258 700/277/229 698/275/299
f 682/258/258 683/259/300 701/278/308 700/277/229
f 683/259/300 684/260/259 702/279/259 701/278/308
f 684/262/259 685/261/248 703/280/309 702/281/259
f 685/261/248 686/263/233 704/282/233 703/280/309
f 686/263/233 687/264/234 705/283/234 704/282/233
f 687/264/234 688/265/235 706/284/310 705/283/234
f 688/265/235 689/266/236 707/285/236 706/284/310
f 689/266/236 690/267/262 708/286/262 707/285/236
f 690/267/262 691/268/301 709/287/311 708/286/262
f 691/268/301 692/269/302 710/288/302 709/287/311
f 692/269/302 693/270/303 711/289/312 710/288/302
f 693/270/303 694/271/304 712/290/304 711/289/312
f 694/271/304 695/272/305 713/291/305 712/290/304
f 695/272/305 696/273/306 714/292/306 713/291/305
f 696/273/306 697/274/244 715/293/244 714/292/306
f 697/274/244 681/257/228 699/276/307 715/293/244
f 699/276/307 698/275/299 716/294/299 717/295/228
f 698/275/299 700/277/229 718/296/246 716/294/299
f 700/277/229 701/278/308 719/297/313 718/296/246
f 701/278/308 702/279/259 720/298/247 719/297/313
f 702/281/259 703/280/309 721/299/260 720/300/247
f 703/280/309 704/282/233 722/301/314 721/299/260
f 704/282/233 705/283/234 723/302/315 722/301/314
f 705/283/234 706/284/310 724/303/235 723/302/315
f 706/284/310 707/285/236 725/304/236 724/303/235
f 707/285/236 708/286/262 726/305/316 725/304/236
f 708/286/262 709/287/311 727/306/301 726/305/316
f 709/287/311 710/288/302 728/307/317 727/306/301
f 710/288/302 711/289/312 729/308/318 728/307/317
f 711/289/312 712/290/304 730/309/304 729/308/318
f 712/290/304 713/291/305 731/310/319 730/309/304
f 713/291/305 714/292/306 732/311/306 731/310/319
f 714/292/306 715/293/244 733/312/244 732/311/306
f 715/293/244 699/276/307 717/295/228 733/312/244
f 717/295/228 716/294/299 734/313/299 735/314/245
f 716/294/299 718/296/246 736/315/246 734/313/299
f 718/296/246 719/297/313 737/316/308 736/315/246
f 719/297/313 720/298/247 738/317/247 737/316/308
f 720/300/247 721/299/260 739/318/320 738/319/247
f 721/299/260 722/301/314 740/320/314 739/318/320
f 722/301/314 723/302/315 741/321/315 740/320/314
f 723/302/315 724/303/235 742/322/321 741/321/315
f 724/303/235 725/304/236 743/323/236 742/322/321
f 725/304/236 726/305/316 744/324/262 743/323/236
f 726/305/316 727/306/301 745/325/238 744/324/262
f 727/306/301 728/307/317 746/326/317 745/325/238
f 728/307/317 729/308/318 747/327/312 746/326/317
f 729/308/318 730/309/304 748/328/322 747/327/312
f 730/309/304 731/310/319 749/329/323 748/328/322
f 731/310/319 732/311/306 750/330/243 749/329/323
f 732/311/306 733/312/244 751/331/324 750/330/243
f 733/312/244 717/295/228 735/314/245 751/331/324
f 735/314/245 734/313/299 752/332/325 753/333/326
f 734/313/299 736/315/246 754/334/327 752/332/325
f 736/315/246 737/316/308 755/335/328 754/334/327
f 737/316/308 738/317/247 756/336/329 755/335/328
f 738/319/247 739/318/320 757/337/330 756/338/329
f 739/318/320 740/320/314 758/339/331 757/337/330
f 740/320/314 741/321/315 759/340/332 758/339/331
f 741/321/315 742/322/321 760/341/333 759/340/332
f 742/322/321 743/323/236 761/342/334 760/341/333
f 743/323/236 744/324/262 762/343/335 761/342/334
f 744/324/262 745/325/238 763/344/336 762/343/335
f 745/325/238 746/326/317 764/345/337 763/344/336
f 746/326/317 747/327/312 765/346/338 764/345/337
f 747/327/312 748/328/322 766/347/339 765/346/338
f 748/328/322 749/329/323 767/348/340 766/347/339
f 749/329/323 750/330/243 768/349/341 767/348/340
f 750/330/243 751/331/324 769/350/342 768/349/341
f 751/331/324 735/314/245 753/333/326 769/350/342
f 770/351/343 769/350/342 753/333/326 752/332/325
f 770/351/343 752/332/325 754/334/327 755/335/328
f 770/351/343 755/355/328 756/338/329 757/337/330
f 770/351/343 757/337/330 758/339/331 759/340/332
f 770/351/343 759/340/332 760/341/333 761/342/334
f 770/351/343 761/342/334 762/343/335 763/344/336
f 770/351/343 763/344/336 764/345/337 765/346/338
f 770/351/343 765/346/338 766/347/339 767/348/340
f 770/351/343 767/348/340 768/349/341 769/350/342
o Cylinder008
v -0.133493 1.061953 -0.276992
v -0.156646 1.033215 -0.302229
v -0.161895 1.046662 -0.307950
v -0.163718 1.061953 -0.309936
v -0.138742 1.017924 -0.282713
v -0.148605 1.023234 -0.293464
v -0.118381 1.023234 -0.260521
v -0.128245 1.017924 -0.271271
v -0.105092 1.046662 -0.246034
v -0.110340 1.033215 -0.251754
v -0.105092 1.077244 -0.246034
v -0.103269 1.061953 -0.244048
v -0.118381 1.100672 -0.260520
v -0.110340 1.090691 -0.251754
v -0.138742 1.105982 -0.282713
v -0.128245 1.105982 -0.271271
v -0.156646 1.090691 -0.302229
v -0.148605 1.100672 -0.293464
v -0.161895 1.077244 -0.307950
v -0.173976 1.046662 -0.296866
v -0.175799 1.061953 -0.298853
v -0.168728 1.033215 -0.291145
v -0.160687 1.023234 -0.282381
v -0.150823 1.017924 -0.271629
v -0.140326 1.017924 -0.260188
v -0.130463 1.023234 -0.249436
v -0.122422 1.033215 -0.240671
v -0.117173 1.046662 -0.234951
v -0.115351 1.061953 -0.232963
v -0.117173 1.077244 -0.234951
v -0.122422 1.090691 -0.240671
v -0.130463 1.100672 -0.249436
v -0.140326 1.105982 -0.260188
v -0.150823 1.105982 -0.271629
v -0.160687 1.100672 -0.282381
v -0.168728 1.090691 -0.291145
v -0.173976 1.077244 -0.296866
v -0.186058 1.046662 -0.285782
v -0.187881 1.061953 -0.287769
v -0.180809 1.033215 -0.280061
v -0.172768 1.023234 -0.271297
v -0.162905 1.017924 -0.260544
v -0.152408 1.017924 -0.249103
v -0.142544 1.023234 -0.238352
v -0.134503 1.033215 -0.229587
v -0.129255 1.046662 -0.223866
v -0.127432 1.061953 -0.221880
v -0.129255 1.077244 -0.223866
v -0.134503 1.090691 -0.229587
v -0.142544 1.100672 -0.238352
v -0.152408 1.105982 -0.249103
v -0.162905 1.105982 -0.260544
v -0.172768 1.100672 -0.271297
v -0.180809 1.090691 -0.280061
v -0.186058 1.077244 -0.285782
v -0.198139 1.046662 -0.274698
v -0.199962 1.061953 -0.276684
v -0.192891 1.033215 -0.268978
v -0.184850 1.023234 -0.260212
v -0.174986 1.017924 -0.249461
v -0.164489 1.017924 -0.238020
v -0.154626 1.023234 -0.227268
v -0.146585 1.033215 -0.218504
v -0.141336 1.046662 -0.212783
v -0.139514 1.061953 -0.210796
v -0.141336 1.077244 -0.212783
v -0.146585 1.090691 -0.218504
v -0.154626 1.100672 -0.227268
v -0.164489 1.105982 -0.238020
v -0.174986 1.105982 -0.249461
v -0.184850 1.100672 -0.260212
v -0.192891 1.090691 -0.268978
v -0.198139 1.077244 -0.274698
v -0.210221 1.046662 -0.263614
v -0.212044 1.061953 -0.265601
v -0.204972 1.033215 -0.257893
v -0.196931 1.023234 -0.249129
v -0.187068 1.017924 -0.238377
v -0.176571 1.017924 -0.226936
v -0.166707 1.023234 -0.216184
v -0.158666 1.033215 -0.207420
v -0.153418 1.046662 -0.201698
v -0.151595 1.061953 -0.199711
v -0.153418 1.077244 -0.201698
v -0.158666 1.090691 -0.207420
v -0.166707 1.100672 -0.216184
v -0.176571 1.105982 -0.226936
v -0.187068 1.105982 -0.238376
v -0.196931 1.100672 -0.249129
v -0.204972 1.090691 -0.257893
v -0.210221 1.077244 -0.263614
v -0.222302 1.046662 -0.252530
v -0.224125 1.061953 -0.254516
v -0.217054 1.033215 -0.246810
v -0.209013 1.023234 -0.238044
v -0.199149 1.017924 -0.227294
v -0.188652 1.017924 -0.215851
v -0.178789 1.023234 -0.205101
v -0.170748 1.033215 -0.196335
v -0.165499 1.046662 -0.190614
v -0.163677 1.061953 -0.188628
v -0.165499 1.077244 -0.190614
v -0.170748 1.090691 -0.196335
v -0.178789 1.100672 -0.205101
v -0.188652 1.105982 -0.215851
v -0.199149 1.105982 -0.227294
v -0.209013 1.100672 -0.238044
v -0.217054 1.090691 -0.246810
v -0.222302 1.077244 -0.252530
v -0.193901 1.061953 -0.221572
v -0.103879 1.061953 -0.304161
v -0.131209 1.028030 -0.333952
v -0.137405 1.043903 -0.340705
v -0.139556 1.061953 -0.343050
v -0.110074 1.009980 -0.310914
v -0.121718 1.016249 -0.323605
v -0.086040 1.016249 -0.284717
v -0.097684 1.009980 -0.297409
v -0.070353 1.043903 -0.267618
v -0.076549 1.028030 -0.274371
v -0.070353 1.080003 -0.267618
v -0.068202 1.061953 -0.265273
v -0.086040 1.107657 -0.284717
v -0.076549 1.095876 -0.274371
v -0.110074 1.113926 -0.310914
v -0.097684 1.113926 -0.297409
v -0.131209 1.095876 -0.333952
v -0.121718 1.107657 -0.323605
v -0.137405 1.080003 -0.340705
v -0.143681 1.043903 -0.334946
v -0.145832 1.061953 -0.337291
v -0.137485 1.028030 -0.328193
v -0.127994 1.016249 -0.317848
v -0.116350 1.009980 -0.305156
v -0.103960 1.009980 -0.291650
v -0.092316 1.016249 -0.278959
v -0.082825 1.028030 -0.268613
v -0.076629 1.043903 -0.261859
v -0.074478 1.061953 -0.259514
v -0.076629 1.080003 -0.261859
v -0.082825 1.095876 -0.268613
v -0.092316 1.107657 -0.278959
v -0.103960 1.113926 -0.291650
v -0.116350 1.113926 -0.305156
v -0.127994 1.107657 -0.317848
v -0.137485 1.095876 -0.328193
v -0.143681 1.080003 -0.334946
v -0.149957 1.043903 -0.329189
v -0.152108 1.061953 -0.331534
v -0.143761 1.028030 -0.322436
v -0.134270 1.016249 -0.312090
v -0.122626 1.009980 -0.299398
v -0.110236 1.009980 -0.285892
v -0.098592 1.016249 -0.273201
v -0.089101 1.028030 -0.262855
v -0.082905 1.043903 -0.256103
v -0.080754 1.061953 -0.253757
v -0.082905 1.080003 -0.256102
v -0.089101 1.095876 -0.262855
v -0.098592 1.107657 -0.273201
v -0.110236 1.113926 -0.285892
v -0.122626 1.113926 -0.299398
v -0.134270 1.107657 -0.312090
v -0.143761 1.095876 -0.322436
v -0.149957 1.080003 -0.329189
v -0.156233 1.043903 -0.323431
v -0.158384 1.061953 -0.325776
v -0.150037 1.028030 -0.316678
v -0.140546 1.016249 -0.306331
v -0.128902 1.009980 -0.293640
v -0.116512 1.009980 -0.280135
v -0.104868 1.016249 -0.267443
v -0.095377 1.028030 -0.257098
v -0.089181 1.043903 -0.250345
v -0.087030 1.061953 -0.248000
v -0.089181 1.080003 -0.250345
v -0.095377 1.095876 -0.257098
v -0.104868 1.107657 -0.267443
v -0.116512 1.113926 -0.280135
v -0.128902 1.113926 -0.293640
v -0.140546 1.107657 -0.306331
v -0.150037 1.095876 -0.316678
v -0.156233 1.080003 -0.323431
v -0.162509 1.043903 -0.317672
v -0.164660 1.061953 -0.320018
v -0.156314 1.028030 -0.310920
v -0.146822 1.016249 -0.300574
v -0.135178 1.009980 -0.287883
v -0.122788 1.009980 -0.274376
v -0.111144 1.016249 -0.261686
v -0.101653 1.028030 -0.251339
v -0.095457 1.043903 -0.244587
v -0.093306 1.061953 -0.242242
v -0.095457 1.080003 -0.244587
v -0.101653 1.095876 -0.251339
v -0.111144 1.107657 -0.261686
v -0.122788 1.113926 -0.274376
v -0.135178 1.113926 -0.287883
v -0.146822 1.107657 -0.300574
v -0.156314 1.095876 -0.310920
v -0.162509 1.080003 -0.317672
v -0.168785 1.043903 -0.311915
v -0.170936 1.061953 -0.314260
v -0.162590 1.028030 -0.305162
v -0.153098 1.016249 -0.294816
v -0.141454 1.009980 -0.282125
v -0.129064 1.009980 -0.268619
v -0.117421 1.016249 -0.255928
v -0.107929 1.028030 -0.245582
v -0.101733 1.043903 -0.238829
v -0.099582 1.061953 -0.236484
v -0.101733 1.080003 -0.238829
v -0.107929 1.095876 -0.245582
v -0.117421 1.107657 -0.255928
v -0.129064 1.113926 -0.268619
v -0.141454 1.113926 -0.282125
v -0.153098 1.107657 -0.294816
v -0.162590 1.095876 -0.305162
v -0.168785 1.080003 -0.311915
v -0.135259 1.061953 -0.275371
vn 0.7369 -0.0000 -0.6760
vn 0.1093 -0.4771 -0.8720
vn 0.0221 -0.2539 -0.9670
vn -0.0081 -0.0000 -1.0000
vn 0.4066 -0.7311 -0.5479
vn 0.2428 -0.6429 -0.7264
vn 0.7446 -0.6429 -0.1795
vn 0.5809 -0.7311 -0.3580
vn 0.9653 -0.2538 0.0607
vn 0.8782 -0.4772 -0.0339
vn 0.9653 0.2539 0.0611
vn 0.9956 -0.0000 0.0940
vn 0.7446 0.6429 -0.1795
vn 0.8782 0.4772 -0.0339
vn 0.4066 0.7311 -0.5479
vn 0.5809 0.7311 -0.3580
vn 0.1093 0.4771 -0.8720
vn 0.2428 0.6429 -0.7264
vn 0.0221 0.2539 -0.9670
vn -0.6353 -0.3420 -0.6924
vn -0.6760 -0.0000 -0.7369
vn -0.5179 -0.6428 -0.5645
vn -0.3380 -0.8660 -0.3684
vn -0.1174 -0.9848 -0.1279
vn 0.1174 -0.9848 0.1279
vn 0.3380 -0.8660 0.3684
vn 0.5179 -0.6428 0.5645
vn 0.6353 -0.3420 0.6924
vn 0.6760 -0.0000 0.7369
vn 0.6353 0.3420 0.6924
vn 0.5179 0.6428 0.5645
vn 0.3380 0.8660 0.3684
vn 0.1174 0.9848 0.1279
vn -0.1174 0.9848 -0.1279
vn -0.3380 0.8660 -0.3684
vn -0.5179 0.6428 -0.5645
vn -0.6353 0.3420 -0.6924
vn -0.9653 -0.2539 -0.0610
vn -0.9956 -0.0000 -0.0940
vn -0.8782 -0.4772 0.0339
vn -0.7446 -0.6429 0.1795
vn -0.5809 -0.7311 0.3580
vn -0.4066 -0.7311 0.5479
vn -0.2428 -0.6429 0.7265
vn -0.1093 -0.4772 0.8720
vn -0.0221 -0.2539 0.9670
vn 0.0081 -0.0000 1.0000
vn -0.0221 0.2539 0.9670
vn -0.1093 0.4772 0.8720
vn -0.2428 0.6429 0.7265
vn -0.4066 0.7311 0.5479
vn -0.5809 0.7311 0.3580
vn -0.7446 0.6429 0.1795
vn -0.8782 0.4772 0.0339
vn -0.9653 0.2539 -0.0610
vn -0.7369 -0.0000 0.6760
vn 0.1093 -0.4772 -0.8720
vn 0.4066 -0.7310 -0.5480
vn 0.2428 -0.6429 -0.7265
vn 0.7447 -0.6429 -0.1795
vn 0.5809 -0.7310 -0.3580
vn 0.9653 -0.2539 0.0610
vn 0.9653 0.2539 0.0610
vn 0.7447 0.6429 -0.1795
vn 0.4066 0.7310 -0.5480
vn 0.5809 0.7310 -0.3580
vn 0.1093 0.4772 -0.8720
vn 0.2428 0.6429 -0.7265
vn -0.1174 -0.9848 -0.1280
vn 0.1174 -0.9848 0.1280
vn 0.6352 -0.3420 0.6924
vn 0.1174 0.9848 0.1280
vn -0.1174 0.9848 -0.1280
vn 0.6352 -0.3420 0.6925
vn 0.6352 0.3420 0.6925
vn 0.3380 -0.8660 0.3685
vn 0.3380 0.8660 0.3685
vn -0.9653 -0.2539 -0.0611
vn -0.7447 -0.6429 0.1795
vn -0.4066 -0.7311 0.5480
vn -0.4066 0.7311 0.5480
vn -0.7447 0.6429 0.1795
vn -0.9653 0.2539 -0.0611
vt 0.500000 0.000000
vt 0.861111 0.000000
vt 0.805556 0.000000
vt 0.750000 0.000000
vt 0.972222 0.000000
vt 0.916667 0.000000
vt 0.083333 0.000000
vt 0.027778 0.000000
vt -0.027778 0.000000
vt 0.194444 0.000000
vt 0.138889 0.000000
vt 0.305556 0.000000
vt 0.250000 0.000000
vt 0.416667 0.000000
vt 0.361111 0.000000
vt 0.527778 0.000000
vt 0.472222 0.000000
vt 0.638889 0.000000
vt 0.583333 0.000000
vt 0.694444 0.000000
vt 0.805556 0.200000
vt 0.750000 0.200000
vt 0.861111 0.200000
vt 0.916667 0.200000
vt 0.972222 0.200000
vt 0.027778 0.200000
vt -0.027778 0.200000
vt 0.083333 0.200000
vt 0.138889 0.200000
vt 0.194444 0.200000
vt 0.250000 0.200000
vt 0.305556 0.200000
vt 0.361111 0.200000
vt 0.416667 0.200000
vt 0.472222 0.200000
vt 0.527778 0.200000
vt 0.583333 0.200000
vt 0.638889 0.200000
vt 0.694444 0.200000
vt 0.805556 0.400000
vt 0.750000 0.400000
vt 0.861111 0.400000
vt 0.916667 0.400000
vt 0.972222 0.400000
vt 0.027778 0.400000
vt -0.027778 0.400000
vt 0.083333 0.400000
vt 0.138889 0.400000
vt 0.194444 0.400000
vt 0.250000 0.400000
vt 0.305556 0.400000
vt 0.361111 0.400000
vt 0.416667 0.400000
vt 0.472222 0.400000
vt 0.527778 0.400000
vt 0.583333 0.400000
vt 0.638889 0.400000
vt 0.694444 0.400000
vt 0.805556 0.600000
vt 0.750000 0.600000
vt 0.861111 0.600000
vt 0.916667 0.600000
vt 0.972222 0.600000
vt 0.027778 0.600000
vt -0.027778 0.600000
vt 0.083333 0.600000
vt 0.138889 0.600000
vt 0.194444 0.600000
vt 0.250000 0.600000
vt 0.305556 0.600000
vt 0.361111 0.600000
vt 0.416667 0.600000
vt 0.472222 0.600000
vt 0.527778 0.600000
vt 0.583333 0.600000
vt 0.638889 0.600000
vt 0.694444 0.600000
vt 0.805556 0.800000
vt 0.750000 0.800000
vt 0.861111 0.800000
vt 0.916667 0.800000
vt 0.972222 0.800000
vt 0.027778 0.800000
vt -0.027778 0.800000
vt 0.083333 0.800000
vt 0.138889 0.800000
vt 0.194444 0.800000
vt 0.250000 0.800000
vt 0.305556 0.800000
vt 0.361111 0.800000
vt 0.416667 0.800000
vt 0.472222 0.800000
vt 0.527778 0.800000
vt 0.583333 0.800000
vt 0.638889 0.800000
vt 0.694444 0.800000
vt 0.805556 1.000000
vt 0.750000 1.000000
vt 0.861111 1.000000
vt 0.916667 1.000000
vt 0.972222 1.000000
vt 0.027778 1.000000
vt -0.027778 1.000000
vt 0.083333 1.000000
vt 0.138889 1.000000
vt 0.194444 1.000000
vt 0.250000 1.000000
vt 0.305556 1.000000
vt 0.361111 1.000000
vt 0.416667 1.000000
vt 0.472222 1.000000
vt 0.527778 1.000000
vt 0.583333 1.000000
vt 0.638889 1.000000
vt 0.694444 1.000000
vt 0.500000 1.000000
vt 0.970821 1.000000
vt -0.019676 1.000000
s 1
usemtl wire_000000000
f 771/356/344 772/357/345 773/358/346 774/359/347
f 771/356/344 775/360/348 776/361/349 772/357/345
f 771/356/344 777/362/350 778/363/351 775/364/348
f 771/356/344 779/365/352 780/366/353 777/362/350
f 771/356/344 781/367/354 782/368/355 779/365/352
f 771/356/344 783/369/356 784/370/357 781/367/354
f 771/356/344 785/371/358 786/372/359 783/369/356
f 771/356/344 787/373/360 788/374/361 785/371/358
f 771/356/344 774/359/347 789/375/362 787/373/360
f 774/359/347 773/358/346 790/376/363 791/377/364
f 773/358/346 772/357/345 792/378/365 790/376/363
f 772/357/345 776/361/349 793/379/366 792/378/365
f 776/361/349 775/360/348 794/380/367 793/379/366
f 775/364/348 778/363/351 795/381/368 794/382/367
f 778/363/351 777/362/350 796/383/369 795/381/368
f 777/362/350 780/366/353 797/384/370 796/383/369
f 780/366/353 779/365/352 798/385/371 797/384/370
f 779/365/352 782/368/355 799/386/372 798/385/371
f 782/368/355 781/367/354 800/387/373 799/386/372
f 781/367/354 784/370/357 801/388/374 800/387/373
f 784/370/357 783/369/356 802/389/375 801/388/374
f 783/369/356 786/372/359 803/390/376 802/389/375
f 786/372/359 785/371/358 804/391/377 803/390/376
f 785/371/358 788/374/361 805/392/378 804/391/377
f 788/374/361 787/373/360 806/393/379 805/392/378
f 787/373/360 789/375/362 807/394/380 806/393/379
f 789/375/362 774/359/347 791/377/364 807/394/380
f 791/377/364 790/376/363 808/395/363 809/396/364
f 790/376/363 792/378/365 810/397/365 808/395/363
f 792/378/365 793/379/366 811/398/366 810/397/365
f 793/379/366 794/380/367 812/399/367 811/398/366
f 794/382/367 795/381/368 813/400/368 812/401/367
f 795/381/368 796/383/369 814/402/369 813/400/368
f 796/383/369 797/384/370 815/403/370 814/402/369
f 797/384/370 798/385/371 816/404/371 815/403/370
f 798/385/371 799/386/372 817/405/372 816/404/371
f 799/386/372 800/387/373 818/406/373 817/405/372
f 800/387/373 801/388/374 819/407/374 818/406/373
f 801/388/374 802/389/375 820/408/375 819/407/374
f 802/389/375 803/390/376 821/409/376 820/408/375
f 803/390/376 804/391/377 822/410/377 821/409/376
f 804/391/377 805/392/378 823/411/378 822/410/377
f 805/392/378 806/393/379 824/412/379 823/411/378
f 806/393/379 807/394/380 825/413/380 824/412/379
f 807/394/380 791/377/364 809/396/364 825/413/380
f 809/396/364 808/395/363 826/414/363 827/415/364
f 808/395/363 810/397/365 828/416/365 826/414/363
f 810/397/365 811/398/366 829/417/366 828/416/365
f 811/398/366 812/399/367 830/418/367 829/417/366
f 812/401/367 813/400/368 831/419/368 830/420/367
f 813/400/368 814/402/369 832/421/369 831/419/368
f 814/402/369 815/403/370 833/422/370 832/421/369
f 815/403/370 816/404/371 834/423/371 833/422/370
f 816/404/371 817/405/372 835/424/372 834/423/371
f 817/405/372 818/406/373 836/425/373 835/424/372
f 818/406/373 819/407/374 837/426/374 836/425/373
f 819/407/374 820/408/375 838/427/375 837/426/374
f 820/408/375 821/409/376 839/428/376 838/427/375
f 821/409/376 822/410/377 840/429/377 839/428/376
f 822/410/377 823/411/378 841/430/378 840/429/377
f 823/411/378 824/412/379 842/431/379 841/430/378
f 824/412/379 825/413/380 843/432/380 842/431/379
f 825/413/380 809/396/364 827/415/364 843/432/380
f 827/415/364 826/414/363 844/433/363 845/434/364
f 826/414/363 828/416/365 846/435/365 844/433/363
f 828/416/365 829/417/366 847/436/366 846/435/365
f 829/417/366 830/418/367 848/437/367 847/436/366
f 830/420/367 831/419/368 849/438/368 848/439/367
f 831/419/368 832/421/369 850/440/369 849/438/368
f 832/421/369 833/422/370 851/441/370 850/440/369
f 833/422/370 834/423/371 852/442/371 851/441/370
f 834/423/371 835/424/372 853/443/372 852/442/371
f 835/424/372 836/425/373 854/444/373 853/443/372
f 836/425/373 837/426/374 855/445/374 854/444/373
f 837/426/374 838/427/375 856/446/375 855/445/374
f 838/427/375 839/428/376 857/447/376 856/446/375
f 839/428/376 840/429/377 858/448/377 857/447/376
f 840/429/377 841/430/378 859/449/378 858/448/377
f 841/430/378 842/431/379 860/450/379 859/449/378
f 842/431/379 843/432/380 861/451/380 860/450/379
f 843/432/380 827/415/364 845/434/364 861/451/380
f 845/434/364 844/433/363 862/452/381 863/453/382
f 844/433/363 846/435/365 864/454/383 862/452/381
f 846/435/365 847/436/366 865/455/384 864/454/383
f 847/436/366 848/437/367 866/456/385 865/455/384
f 848/439/367 849/438/368 867/457/386 866/458/385
f 849/438/368 850/440/369 868/459/387 867/457/386
f 850/440/369 851/441/370 869/460/388 868/459/387
f 851/441/370 852/442/371 870/461/389 869/460/388
f 852/442/371 853/443/372 871/462/390 870/461/389
f 853/443/372 854/444/373 872/463/391 871/462/390
f 854/444/373 855/445/374 873/464/392 872/463/391
f 855/445/374 856/446/375 874/465/393 873/464/392
f 856/446/375 857/447/376 875/466/394 874/465/393
f 857/447/376 858/448/377 876/467/395 875/466/394
f 858/448/377 859/449/378 877/468/396 876/467/395
f 859/449/378 860/450/379 878/469/397 877/468/396
f 860/450/379 861/451/380 879/470/398 878/469/397
f 861/451/380 845/434/364 863/453/382 879/470/398
f 880/471/399 879/470/398 863/453/382 862/452/381
f 880/471/399 862/452/381 864/454/383 865/455/384
f 880/471/399 865/455/384 866/456/385 867/472/386
f 880/471/399 867/457/386 868/459/387 869/460/388
f 880/471/399 869/460/388 870/461/389 871/462/390
f 880/471/399 871/462/390 872/463/391 873/464/392
f 880/471/399 873/464/392 874/465/393 875/466/394
f 880/471/399 875/466/394 876/467/395 877/468/396
f 880/471/399 877/468/396 878/469/397 879/470/398
f 881/356/344 882/357/400 883/358/346 884/359/347
f 881/356/344 885/360/401 886/361/402 882/357/400
f 881/356/344 887/362/403 888/363/404 885/364/401
f 881/356/344 889/365/405 890/366/353 887/362/403
f 881/356/344 891/367/406 892/368/355 889/365/405
f 881/356/344 893/369/407 894/370/357 891/367/406
f 881/356/344 895/371/408 896/372/409 893/369/407
f 881/356/344 897/373/410 898/374/411 895/371/408
f 881/356/344 884/359/347 899/375/362 897/373/410
f 884/359/347 883/358/346 900/376/363 901/377/364
f 883/358/346 882/357/400 902/378/365 900/376/363
f 882/357/400 886/361/402 903/379/366 902/378/365
f 886/361/402 885/360/401 904/380/412 903/379/366
f 885/364/401 888/363/404 905/381/413 904/382/412
f 888/363/404 887/362/403 906/383/369 905/381/413
f 887/362/403 890/366/353 907/384/370 906/383/369
f 890/366/353 889/365/405 908/385/414 907/384/370
f 889/365/405 892/368/355 909/386/372 908/385/414
f 892/368/355 891/367/406 910/387/373 909/386/372
f 891/367/406 894/370/357 911/388/374 910/387/373
f 894/370/357 893/369/407 912/389/375 911/388/374
f 893/369/407 896/372/409 913/390/415 912/389/375
f 896/372/409 895/371/408 914/391/416 913/390/415
f 895/371/408 898/374/411 915/392/378 914/391/416
f 898/374/411 897/373/410 916/393/379 915/392/378
f 897/373/410 899/375/362 917/394/380 916/393/379
f 899/375/362 884/359/347 901/377/364 917/394/380
f 901/377/364 900/376/363 918/395/363 919/396/364
f 900/376/363 902/378/365 920/397/365 918/395/363
f 902/378/365 903/379/366 921/398/366 920/397/365
f 903/379/366 904/380/412 922/399/412 921/398/366
f 904/382/412 905/381/413 923/400/413 922/401/412
f 905/381/413 906/383/369 924/402/369 923/400/413
f 906/383/369 907/384/370 925/403/370 924/402/369
f 907/384/370 908/385/414 926/404/417 925/403/370
f 908/385/414 909/386/372 927/405/372 926/404/417
f 909/386/372 910/387/373 928/406/418 927/405/372
f 910/387/373 911/388/374 929/407/374 928/406/418
f 911/388/374 912/389/375 930/408/375 929/407/374
f 912/389/375 913/390/415 931/409/415 930/408/375
f 913/390/415 914/391/416 932/410/416 931/409/415
f 914/391/416 915/392/378 933/411/378 932/410/416
f 915/392/378 916/393/379 934/412/379 933/411/378
f 916/393/379 917/394/380 935/413/380 934/412/379
f 917/394/380 901/377/364 919/396/364 935/413/380
f 919/396/364 918/395/363 936/414/363 937/415/364
f 918/395/363 920/397/365 938/416/365 936/414/363
f 920/397/365 921/398/366 939/417/366 938/416/365
f 921/398/366 922/399/412 940/418/412 939/417/366
f 922/401/412 923/400/413 941/419/413 940/420/412
f 923/400/413 924/402/369 942/421/419 941/419/413
f 924/402/369 925/403/370 943/422/370 942/421/419
f 925/403/370 926/404/417 944/423/371 943/422/370
f 926/404/417 927/405/372 945/424/372 944/423/371
f 927/405/372 928/406/418 946/425/373 945/424/372
f 928/406/418 929/407/374 947/426/374 946/425/373
f 929/407/374 930/408/375 948/427/420 947/426/374
f 930/408/375 931/409/415 949/428/415 948/427/420
f 931/409/415 932/410/416 950/429/416 949/428/415
f 932/410/416 933/411/378 951/430/378 950/429/416
f 933/411/378 934/412/379 952/431/379 951/430/378
f 934/412/379 935/413/380 953/432/380 952/431/379
f 935/413/380 919/396/364 937/415/364 953/432/380
f 937/415/364 936/414/363 954/433/363 955/434/364
f 936/414/363 938/416/365 956/435/365 954/433/363
f 938/416/365 939/417/366 957/436/366 956/435/365
f 939/417/366 940/418/412 958/437/412 957/436/366
f 940/420/412 941/419/413 959/438/413 958/439/412
f 941/419/413 942/421/419 960/440/369 959/438/413
f 942/421/419 943/422/370 961/441/370 960/440/369
f 943/422/370 944/423/371 962/442/371 961/441/370
f 944/423/371 945/424/372 963/443/372 962/442/371
f 945/424/372 946/425/373 964/444/373 963/443/372
f 946/425/373 947/426/374 965/445/374 964/444/373
f 947/426/374 948/427/420 966/446/375 965/445/374
f 948/427/420 949/428/415 967/447/415 966/446/375
f 949/428/415 950/429/416 968/448/416 967/447/415
f 950/429/416 951/430/378 969/449/378 968/448/416
f 951/430/378 952/431/379 970/450/379 969/449/378
f 952/431/379 953/432/380 971/451/380 970/450/379
f 953/432/380 937/415/364 955/434/364 971/451/380
f 955/434/364 954/433/363 972/452/421 973/453/382
f 954/433/363 956/435/365 974/454/383 972/452/421
f 956/435/365 957/436/366 975/455/422 974/454/383
f 957/436/366 958/437/412 976/456/385 975/455/422
f 958/439/412 959/438/413 977/457/423 976/458/385
f 959/438/413 960/440/369 978/459/387 977/457/423
f 960/440/369 961/441/370 979/460/388 978/459/387
f 961/441/370 962/442/371 980/461/389 979/460/388
f 962/442/371 963/443/372 981/462/390 980/461/389
f 963/443/372 964/444/373 982/463/391 981/462/390
f 964/444/373 965/445/374 983/464/392 982/463/391
f 965/445/374 966/446/375 984/465/393 983/464/392
f 966/446/375 967/447/415 985/466/424 984/465/393
f 967/447/415 968/448/416 986/467/395 985/466/424
f 968/448/416 969/449/378 987/468/425 986/467/395
f 969/449/378 970/450/379 988/469/397 987/468/425
f 970/450/379 971/451/380 989/470/426 988/469/397
f 971/451/380 955/434/364 973/453/382 989/470/426
f 990/471/399 989/470/426 973/453/382 972/452/421
f 990/471/399 972/452/421 974/454/383 975/455/422
f 990/471/399 975/473/422 976/458/385 977/457/423
f 990/471/399 977/457/423 978/459/387 979/460/388
f 990/471/399 979/460/388 980/461/389 981/462/390
f 990/471/399 981/462/390 982/463/391 983/464/392
f 990/471/399 983/464/392 984/465/393 985/466/424
f 990/471/399 985/466/424 986/467/395 987/468/425
f 990/471/399 987/468/425 988/469/397 989/470/426
o Cylinder009
v -0.481401 1.103488 -0.645338
v -0.453702 1.132935 -0.667254
v -0.448633 1.119156 -0.673541
v -0.447516 1.103488 -0.676426
v -0.472849 1.148603 -0.647827
v -0.462112 1.143161 -0.658324
v -0.495997 1.143161 -0.627236
v -0.484617 1.148603 -0.637031
v -0.512316 1.119156 -0.615115
v -0.505617 1.132935 -0.619625
v -0.514170 1.087820 -0.617135
v -0.515287 1.103488 -0.614250
v -0.500690 1.063815 -0.632351
v -0.509101 1.074042 -0.623421
v -0.478185 1.058374 -0.653644
v -0.489954 1.058374 -0.642848
v -0.457185 1.074042 -0.671051
v -0.466805 1.063815 -0.663439
v -0.450486 1.087820 -0.675561
v -0.382468 1.110594 -0.601421
v -0.381351 1.094926 -0.604305
v -0.387537 1.124372 -0.595134
v -0.395947 1.134599 -0.586204
v -0.406684 1.140040 -0.575708
v -0.418452 1.140040 -0.564910
v -0.429833 1.134599 -0.555116
v -0.439453 1.124372 -0.547505
v -0.446152 1.110594 -0.542995
v -0.449122 1.094926 -0.542130
v -0.448005 1.079257 -0.545016
v -0.442936 1.065479 -0.551302
v -0.434526 1.055253 -0.560232
v -0.423789 1.049811 -0.570728
v -0.412021 1.049811 -0.581525
v -0.400640 1.055253 -0.591320
v -0.391020 1.065479 -0.598931
v -0.384321 1.079257 -0.603441
v -0.316303 1.102031 -0.529300
v -0.315186 1.086363 -0.532186
v -0.321372 1.115809 -0.523014
v -0.329783 1.126036 -0.514084
v -0.340519 1.131477 -0.503588
v -0.352288 1.131477 -0.492792
v -0.363668 1.126036 -0.482997
v -0.373288 1.115809 -0.475385
v -0.379987 1.102031 -0.470875
v -0.382957 1.086363 -0.470010
v -0.381840 1.070695 -0.472896
v -0.376771 1.056917 -0.479183
v -0.368361 1.046690 -0.488112
v -0.357624 1.041248 -0.498608
v -0.345856 1.041248 -0.509405
v -0.334475 1.046690 -0.519199
v -0.324856 1.056916 -0.526811
v -0.318156 1.070695 -0.531321
v -0.250138 1.093468 -0.457182
v -0.249021 1.077800 -0.460066
v -0.255208 1.107247 -0.450895
v -0.263618 1.117473 -0.441965
v -0.274355 1.122915 -0.431469
v -0.286123 1.122915 -0.420672
v -0.297503 1.117473 -0.410877
v -0.307123 1.107247 -0.403266
v -0.313822 1.093468 -0.398756
v -0.316792 1.077800 -0.397892
v -0.315676 1.062132 -0.400775
v -0.310606 1.048354 -0.407062
v -0.302196 1.038127 -0.415992
v -0.291459 1.032686 -0.426488
v -0.279691 1.032686 -0.437286
v -0.268311 1.038127 -0.447080
v -0.258691 1.048354 -0.454691
v -0.251992 1.062132 -0.459201
v -0.183974 1.084906 -0.385062
v -0.182857 1.069237 -0.387947
v -0.189043 1.098684 -0.378775
v -0.197453 1.108911 -0.369845
v -0.208190 1.114352 -0.359349
v -0.219958 1.114352 -0.348552
v -0.231339 1.108911 -0.338757
v -0.240958 1.098684 -0.331146
v -0.247658 1.084906 -0.326636
v -0.250628 1.069237 -0.325771
v -0.249511 1.053569 -0.328656
v -0.244442 1.039791 -0.334941
v -0.236032 1.029564 -0.343873
v -0.225295 1.024123 -0.354370
v -0.213526 1.024123 -0.365165
v -0.202146 1.029564 -0.374960
v -0.192526 1.039791 -0.382572
v -0.185827 1.053569 -0.387082
v -0.117809 1.076343 -0.312942
v -0.116692 1.060675 -0.315826
v -0.122878 1.090121 -0.306655
v -0.131288 1.100348 -0.297725
v -0.142025 1.105789 -0.287229
v -0.153793 1.105789 -0.276433
v -0.165174 1.100348 -0.266637
v -0.174794 1.090121 -0.259026
v -0.181493 1.076343 -0.254516
v -0.184463 1.060675 -0.253651
v -0.183346 1.045007 -0.256537
v -0.178277 1.031228 -0.262824
v -0.169867 1.021002 -0.271753
v -0.159130 1.015560 -0.282249
v -0.147362 1.015560 -0.293046
v -0.135981 1.021002 -0.302841
v -0.126361 1.031228 -0.310452
v -0.119662 1.045007 -0.314962
v -0.150578 1.060675 -0.284739
vn -0.6735 0.0872 -0.7341
vn -0.0041 0.5337 -0.8456
vn 0.0777 0.3113 -0.9471
vn 0.0958 0.0584 -0.9937
vn -0.3132 0.7867 -0.5320
vn -0.1399 0.6988 -0.7015
vn -0.6869 0.6988 -0.1996
vn -0.5032 0.7867 -0.3578
vn -0.9503 0.3113 -0.0040
vn -0.8422 0.5337 -0.0768
vn -0.9802 -0.1945 -0.0366
vn -0.9982 0.0584 0.0100
vn -0.7626 -0.5820 -0.2822
vn -0.8984 -0.4169 -0.1381
vn -0.3993 -0.6699 -0.6259
vn -0.5893 -0.6699 -0.4517
vn -0.0603 -0.4170 -0.9069
vn -0.2156 -0.5820 -0.7841
vn 0.0478 -0.1945 -0.9797
vn 0.7126 0.3407 -0.6133
vn 0.7369 -0.0000 -0.6760
vn 0.6024 0.6403 -0.4766
vn 0.4195 0.8627 -0.2824
vn 0.1860 0.9811 -0.0541
vn -0.0699 0.9811 0.1806
vn -0.3174 0.8627 0.3936
vn -0.5266 0.6403 0.5592
vn -0.6723 0.3407 0.6572
vn -0.7369 -0.0000 0.6760
vn -0.7126 -0.3407 0.6133
vn -0.6024 -0.6403 0.4766
vn -0.4195 -0.8627 0.2824
vn -0.1860 -0.9811 0.0541
vn 0.0699 -0.9811 -0.1806
vn 0.3174 -0.8627 -0.3936
vn 0.5266 -0.6403 -0.5591
vn 0.6723 -0.3407 -0.6572
vn -0.1860 -0.9811 0.0542
vn 0.5266 -0.6404 -0.5591
vn 0.6023 0.6403 -0.4766
vn -0.5266 0.6403 0.5591
vn 0.5266 -0.6403 -0.5592
vn 0.9802 0.1945 0.0366
vn 0.9982 -0.0584 -0.0100
vn 0.8984 0.4169 0.1381
vn 0.7626 0.5820 0.2822
vn 0.5893 0.6699 0.4517
vn 0.3993 0.6699 0.6259
vn 0.2156 0.5820 0.7841
vn 0.0603 0.4169 0.9069
vn -0.0478 0.1945 0.9797
vn -0.0958 -0.0584 0.9937
vn -0.0777 -0.3113 0.9471
vn 0.0041 -0.5337 0.8456
vn 0.1399 -0.6988 0.7015
vn 0.3132 -0.7867 0.5320
vn 0.5032 -0.7867 0.3578
vn 0.6869 -0.6988 0.1997
vn 0.8422 -0.5337 0.0768
vn 0.9503 -0.3113 0.0040
vn 0.6735 -0.0872 0.7341
vt 0.500000 0.000000
vt 0.861111 0.000000
vt 0.805556 0.000000
vt 0.750000 0.000000
vt 0.972222 0.000000
vt 0.916667 0.000000
vt 0.083333 0.000000
vt 0.027778 0.000000
vt -0.027778 0.000000
vt 0.194444 0.000000
vt 0.138889 0.000000
vt 0.305556 0.000000
vt 0.250000 0.000000
vt 0.416667 0.000000
vt 0.361111 0.000000
vt 0.527778 0.000000
vt 0.472222 0.000000
vt 0.638889 0.000000
vt 0.583333 0.000000
vt 0.694444 0.000000
vt 0.805556 0.200000
vt 0.750000 0.200000
vt 0.861111 0.200000
vt 0.916667 0.200000
vt 0.972222 0.200000
vt 0.027778 0.200000
vt -0.027778 0.200000
vt 0.083333 0.200000
vt 0.138889 0.200000
vt 0.194444 0.200000
vt 0.250000 0.200000
vt 0.305556 0.200000
vt 0.361111 0.200000
vt 0.416667 0.200000
vt 0.472222 0.200000
vt 0.527778 0.200000
vt 0.583333 0.200000
vt 0.638889 0.200000
vt 0.694444 0.200000
vt 0.805556 0.400000
vt 0.750000 0.400000
vt 0.861111 0.400000
vt 0.916667 0.400000
vt 0.972222 0.400000
vt 0.027778 0.400000
vt -0.027778 0.400000
vt 0.083333 0.400000
vt 0.138889 0.400000
vt 0.194444 0.400000
vt 0.250000 0.400000
vt 0.305556 0.400000
vt 0.361111 0.400000
vt 0.416667 0.400000
vt 0.472222 0.400000
vt 0.527778 0.400000
vt 0.583333 0.400000
vt 0.638889 0.400000
vt 0.694444 0.400000
vt 0.805556 0.600000
vt 0.750000 0.600000
vt 0.861111 0.600000
vt 0.916667 0.600000
vt 0.972222 0.600000
vt 0.027778 0.600000
vt -0.027778 0.600000
vt 0.083333 0.600000
vt 0.138889 0.600000
vt 0.194444 0.600000
vt 0.250000 0.600000
vt 0.305556 0.600000
vt 0.361111 0.600000
vt 0.416667 0.600000
vt 0.472222 0.600000
vt 0.527778 0.600000
vt 0.583333 0.600000
vt 0.638889 0.600000
vt 0.694444 0.600000
vt 0.805556 0.800000
vt 0.750000 0.800000
vt 0.861111 0.800000
vt 0.916667 0.800000
vt 0.972222 0.800000
vt 0.027778 0.800000
vt -0.027778 0.800000
vt 0.083333 0.800000
vt 0.138889 0.800000
vt 0.194444 0.800000
vt 0.250000 0.800000
vt 0.305556 0.800000
vt 0.361111 0.800000
vt 0.416667 0.800000
vt 0.472222 0.800000
vt 0.527778 0.800000
vt 0.583333 0.800000
vt 0.638889 0.800000
vt 0.694444 0.800000
vt 0.805556 1.000000
vt 0.750000 1.000000
vt 0.861111 1.000000
vt 0.916667 1.000000
vt 0.972222 1.000000
vt 0.027778 1.000000
vt -0.027778 1.000000
vt 0.083333 1.000000
vt 0.138889 1.000000
vt 0.194444 1.000000
vt 0.250000 1.000000
vt 0.305556 1.000000
vt 0.361111 1.000000
vt 0.416667 1.000000
vt 0.472222 1.000000
vt 0.527778 1.000000
vt 0.583333 1.000000
vt 0.638889 1.000000
vt 0.694444 1.000000
vt 0.500000 1.000000
vt 0.970821 1.000000
s 1
usemtl wire_000000000
f 991/474/427 992/475/428 993/476/429 994/477/430
f 991/474/427 995/478/431 996/479/432 992/475/428
f 991/474/427 997/480/433 998/481/434 995/482/431
f 991/474/427 999/483/435 1000/484/436 997/480/433
f 991/474/427 1001/485/437 1002/486/438 999/483/435
f 991/474/427 1003/487/439 1004/488/440 1001/485/437
f 991/474/427 1005/489/441 1006/490/442 1003/487/439
f 991/474/427 1007/491/443 1008/492/444 1005/489/441
f 991/474/427 994/477/430 1009/493/445 1007/491/443
f 994/477/430 993/476/429 1010/494/446 1011/495/447
f 993/476/429 992/475/428 1012/496/448 1010/494/446
f 992/475/428 996/479/432 1013/497/449 1012/496/448
f 996/479/432 995/478/431 1014/498/450 1013/497/449
f 995/482/431 998/481/434 1015/499/451 1014/500/450
f 998/481/434 997/480/433 1016/501/452 1015/499/451
f 997/480/433 1000/484/436 1017/502/453 1016/501/452
f 1000/484/436 999/483/435 1018/503/454 1017/502/453
f 999/483/435 1002/486/438 1019/504/455 1018/503/454
f 1002/486/438 1001/485/437 1020/505/456 1019/504/455
f 1001/485/437 1004/488/440 1021/506/457 1020/505/456
f 1004/488/440 1003/487/439 1022/507/458 1021/506/457
f 1003/487/439 1006/490/442 1023/508/459 1022/507/458
f 1006/490/442 1005/489/441 1024/509/460 1023/508/459
f 1005/489/441 1008/492/444 1025/510/461 1024/509/460
f 1008/492/444 1007/491/443 1026/511/462 1025/510/461
f 1007/491/443 1009/493/445 1027/512/463 1026/511/462
f 1009/493/445 994/477/430 1011/495/447 1027/512/463
f 1011/495/447 1010/494/446 1028/513/446 1029/514/447
f 1010/494/446 1012/496/448 1030/515/448 1028/513/446
f 1012/496/448 1013/497/449 1031/516/449 1030/515/448
f 1013/497/449 1014/498/450 1032/517/450 1031/516/449
f 1014/500/450 1015/499/451 1033/518/451 1032/519/450
f 1015/499/451 1016/501/452 1034/520/452 1033/518/451
f 1016/501/452 1017/502/453 1035/521/453 1034/520/452
f 1017/502/453 1018/503/454 1036/522/454 1035/521/453
f 1018/503/454 1019/504/455 1037/523/455 1036/522/454
f 1019/504/455 1020/505/456 1038/524/456 1037/523/455
f 1020/505/456 1021/506/457 1039/525/457 1038/524/456
f 1021/506/457 1022/507/458 1040/526/458 1039/525/457
f 1022/507/458 1023/508/459 1041/527/464 1040/526/458
f 1023/508/459 1024/509/460 1042/528/460 1041/527/464
f 1024/509/460 1025/510/461 1043/529/461 1042/528/460
f 1025/510/461 1026/511/462 1044/530/465 1043/529/461
f 1026/511/462 1027/512/463 1045/531/463 1044/530/465
f 1027/512/463 1011/495/447 1029/514/447 1045/531/463
f 1029/514/447 1028/513/446 1046/532/446 1047/533/447
f 1028/513/446 1030/515/448 1048/534/466 1046/532/446
f 1030/515/448 1031/516/449 1049/535/449 1048/534/466
f 1031/516/449 1032/517/450 1050/536/450 1049/535/449
f 1032/519/450 1033/518/451 1051/537/451 1050/538/450
f 1033/518/451 1034/520/452 1052/539/452 1051/537/451
f 1034/520/452 1035/521/453 1053/540/467 1052/539/452
f 1035/521/453 1036/522/454 1054/541/454 1053/540/467
f 1036/522/454 1037/523/455 1055/542/455 1054/541/454
f 1037/523/455 1038/524/456 1056/543/456 1055/542/455
f 1038/524/456 1039/525/457 1057/544/457 1056/543/456
f 1039/525/457 1040/526/458 1058/545/458 1057/544/457
f 1040/526/458 1041/527/464 1059/546/459 1058/545/458
f 1041/527/464 1042/528/460 1060/547/460 1059/546/459
f 1042/528/460 1043/529/461 1061/548/461 1060/547/460
f 1043/529/461 1044/530/465 1062/549/468 1061/548/461
f 1044/530/465 1045/531/463 1063/550/463 1062/549/468
f 1045/531/463 1029/514/447 1047/533/447 1063/550/463
f 1047/533/447 1046/532/446 1064/551/446 1065/552/447
f 1046/532/446 1048/534/466 1066/553/448 1064/551/446
f 1048/534/466 1049/535/449 1067/554/449 1066/553/448
f 1049/535/449 1050/536/450 1068/555/450 1067/554/449
f 1050/538/450 1051/537/451 1069/556/451 1068/557/450
f 1051/537/451 1052/539/452 1070/558/452 1069/556/451
f 1052/539/452 1053/540/467 1071/559/467 1070/558/452
f 1053/540/467 1054/541/454 1072/560/454 1071/559/467
f 1054/541/454 1055/542/455 1073/561/455 1072/560/454
f 1055/542/455 1056/543/456 1074/562/456 1073/561/455
f 1056/543/456 1057/544/457 1075/563/457 1074/562/456
f 1057/544/457 1058/545/458 1076/564/458 1075/563/457
f 1058/545/458 1059/546/459 1077/565/459 1076/564/458
f 1059/546/459 1060/547/460 1078/566/460 1077/565/459
f 1060/547/460 1061/548/461 1079/567/461 1078/566/460
f 1061/548/461 1062/549/468 1080/568/468 1079/567/461
f 1062/549/468 1063/550/463 1081/569/463 1080/568/468
f 1063/550/463 1047/533/447 1065/552/447 1081/569/463
f 1065/552/447 1064/551/446 1082/570/469 1083/571/470
f 1064/551/446 1066/553/448 1084/572/471 1082/570/469
f 1066/553/448 1067/554/449 1085/573/472 1084/572/471
f 1067/554/449 1068/555/450 1086/574/473 1085/573/472
f 1068/557/450 1069/556/451 1087/575/474 1086/576/473
f 1069/556/451 1070/558/452 1088/577/475 1087/575/474
f 1070/558/452 1071/559/467 1089/578/476 1088/577/475
f 1071/559/467 1072/560/454 1090/579/477 1089/578/476
f 1072/560/454 1073/561/455 1091/580/478 1090/579/477
f 1073/561/455 1074/562/456 1092/581/479 1091/580/478
f 1074/562/456 1075/563/457 1093/582/480 1092/581/479
f 1075/563/457 1076/564/458 1094/583/481 1093/582/480
f 1076/564/458 1077/565/459 1095/584/482 1094/583/481
f 1077/565/459 1078/566/460 1096/585/483 1095/584/482
f 1078/566/460 1079/567/461 1097/586/484 1096/585/483
f 1079/567/461 1080/568/468 1098/587/485 1097/586/484
f 1080/568/468 1081/569/463 1099/588/486 1098/587/485
f 1081/569/463 1065/552/447 1083/571/470 1099/588/486
f 1100/589/487 1099/588/486 1083/571/470 1082/570/469
f 1100/589/487 1082/570/469 1084/572/471 1085/573/472
f 1100/589/487 1085/573/472 1086/574/473 1087/590/474
f 1100/589/487 1087/575/474 1088/577/475 1089/578/476
f 1100/589/487 1089/578/476 1090/579/477 1091/580/478
f 1100/589/487 1091/580/478 1092/581/479 1093/582/480
f 1100/589/487 1093/582/480 1094/583/481 1095/584/482
f 1100/589/487 1095/584/482 1096/585/483 1097/586/484
f 1100/589/487 1097/586/484 1098/587/485 1099/588/486
o Cylinder010
v -0.047776 0.168141 -0.050220
v -0.056785 0.179323 -0.060039
v -0.058827 0.174091 -0.062266
v -0.059536 0.168141 -0.063038
v -0.049818 0.185273 -0.052446
v -0.053656 0.183206 -0.056630
v -0.041896 0.183206 -0.043811
v -0.045734 0.185273 -0.047995
v -0.036725 0.174091 -0.038175
v -0.038768 0.179323 -0.040401
v -0.036725 0.162192 -0.038175
v -0.036016 0.168141 -0.037403
v -0.041896 0.153077 -0.043811
v -0.038768 0.156960 -0.040401
v -0.049818 0.151010 -0.052446
v -0.045734 0.151010 -0.047995
v -0.056785 0.156960 -0.060039
v -0.053656 0.153077 -0.056630
v -0.058827 0.162192 -0.062266
v -0.035247 0.174091 -0.083899
v -0.035956 0.168141 -0.084672
v -0.033205 0.179323 -0.081672
v -0.030076 0.183206 -0.078262
v -0.026238 0.185273 -0.074079
v -0.022154 0.185273 -0.069627
v -0.018316 0.183206 -0.065445
v -0.015188 0.179323 -0.062034
v -0.013145 0.174091 -0.059808
v -0.012436 0.168141 -0.059036
v -0.013145 0.162192 -0.059808
v -0.015188 0.156960 -0.062034
v -0.018316 0.153077 -0.065445
v -0.022154 0.151010 -0.069627
v -0.026238 0.151010 -0.074079
v -0.030076 0.153077 -0.078262
v -0.033205 0.156960 -0.081672
v -0.035247 0.162192 -0.083899
v -0.011667 0.174091 -0.105531
v -0.012376 0.168141 -0.106305
v -0.009625 0.179323 -0.103305
v -0.006496 0.183206 -0.099895
v -0.002658 0.185273 -0.095712
v 0.001426 0.185273 -0.091261
v 0.005264 0.183206 -0.087078
v 0.008392 0.179323 -0.083667
v 0.010435 0.174091 -0.081442
v 0.011144 0.168141 -0.080668
v 0.010435 0.162192 -0.081442
v 0.008392 0.156960 -0.083667
v 0.005264 0.153077 -0.087078
v 0.001426 0.151010 -0.091261
v -0.002658 0.151010 -0.095712
v -0.006496 0.153077 -0.099895
v -0.009625 0.156960 -0.103305
v -0.011667 0.162192 -0.105531
v 0.011913 0.174091 -0.127165
v 0.011204 0.168141 -0.127937
v 0.013955 0.179323 -0.124939
v 0.017084 0.183206 -0.121528
v 0.020922 0.185273 -0.117345
v 0.025006 0.185273 -0.112894
v 0.028844 0.183206 -0.108711
v 0.031972 0.179323 -0.105301
v 0.034015 0.174091 -0.103074
v 0.034724 0.168141 -0.102301
v 0.034015 0.162192 -0.103074
v 0.031972 0.156960 -0.105301
v 0.028844 0.153077 -0.108711
v 0.025006 0.151010 -0.112894
v 0.020922 0.151010 -0.117345
v 0.017084 0.153077 -0.121528
v 0.013955 0.156960 -0.124939
v 0.011913 0.162192 -0.127165
v 0.035493 0.174091 -0.148798
v 0.034784 0.168141 -0.149570
v 0.037535 0.179323 -0.146572
v 0.040664 0.183206 -0.143161
v 0.044502 0.185273 -0.138979
v 0.048586 0.185273 -0.134527
v 0.052424 0.183206 -0.130343
v 0.055552 0.179323 -0.126934
v 0.057594 0.174091 -0.124707
v 0.058304 0.168141 -0.123934
v 0.057594 0.162192 -0.124707
v 0.055552 0.156960 -0.126934
v 0.052424 0.153077 -0.130343
v 0.048586 0.151010 -0.134527
v 0.044502 0.151010 -0.138979
v 0.040664 0.153077 -0.143161
v 0.037535 0.156960 -0.146572
v 0.035493 0.162192 -0.148798
v 0.059073 0.174091 -0.170431
v 0.058364 0.168141 -0.171203
v 0.061115 0.179323 -0.168205
v 0.064244 0.183206 -0.164795
v 0.068082 0.185273 -0.160611
v 0.072166 0.185273 -0.156159
v 0.076004 0.183206 -0.151976
v 0.079132 0.179323 -0.148566
v 0.081174 0.174091 -0.146340
v 0.081884 0.168141 -0.145568
v 0.081174 0.162192 -0.146340
v 0.079132 0.156960 -0.148566
v 0.076004 0.153077 -0.151976
v 0.072166 0.151010 -0.156159
v 0.068082 0.151010 -0.160611
v 0.064244 0.153077 -0.164795
v 0.061115 0.156960 -0.168205
v 0.059073 0.162192 -0.170431
v 0.070124 0.168141 -0.158386
v -0.539160 1.060975 -0.585830
v -0.548169 1.072156 -0.595649
v -0.550211 1.066924 -0.597875
v -0.550920 1.060975 -0.598649
v -0.541202 1.078106 -0.588056
v -0.545040 1.076039 -0.592239
v -0.533280 1.076039 -0.579422
v -0.537118 1.078106 -0.583604
v -0.528109 1.066924 -0.573784
v -0.530152 1.072156 -0.576011
v -0.528109 1.055025 -0.573784
v -0.527400 1.060975 -0.573012
v -0.533280 1.045910 -0.579422
v -0.530152 1.049793 -0.576011
v -0.541202 1.043843 -0.588056
v -0.537118 1.043843 -0.583604
v -0.548169 1.049793 -0.595649
v -0.545040 1.045910 -0.592239
v -0.550211 1.055025 -0.597875
v -0.526631 1.066924 -0.619508
v -0.527340 1.060975 -0.620281
v -0.524589 1.072156 -0.617283
v -0.521460 1.076039 -0.613872
v -0.517622 1.078106 -0.609689
v -0.513538 1.078106 -0.605238
v -0.509700 1.076039 -0.601055
v -0.506572 1.072156 -0.597644
v -0.504529 1.066924 -0.595418
v -0.503820 1.060975 -0.594645
v -0.504529 1.055025 -0.595418
v -0.506572 1.049793 -0.597644
v -0.509700 1.045910 -0.601055
v -0.513538 1.043843 -0.605238
v -0.517622 1.043843 -0.609689
v -0.521460 1.045910 -0.613872
v -0.524589 1.049793 -0.617283
v -0.526631 1.055025 -0.619508
v -0.503051 1.066924 -0.641142
v -0.503760 1.060975 -0.641914
v -0.501009 1.072156 -0.638916
v -0.497880 1.076039 -0.635505
v -0.494042 1.078106 -0.631322
v -0.489958 1.078106 -0.626870
v -0.486120 1.076039 -0.622687
v -0.482992 1.072156 -0.619278
v -0.480950 1.066924 -0.617051
v -0.480240 1.060975 -0.616278
v -0.480950 1.055025 -0.617051
v -0.482992 1.049793 -0.619278
v -0.486120 1.045910 -0.622687
v -0.489958 1.043843 -0.626870
v -0.494042 1.043843 -0.631322
v -0.497880 1.045910 -0.635505
v -0.501009 1.049793 -0.638916
v -0.503051 1.055025 -0.641142
v -0.479471 1.066924 -0.662775
v -0.480180 1.060975 -0.663547
v -0.477429 1.072156 -0.660549
v -0.474300 1.076039 -0.657138
v -0.470462 1.078106 -0.652955
v -0.466378 1.078106 -0.648503
v -0.462540 1.076039 -0.644320
v -0.459412 1.072156 -0.640910
v -0.457370 1.066924 -0.638684
v -0.456660 1.060975 -0.637911
v -0.457370 1.055025 -0.638684
v -0.459412 1.049793 -0.640910
v -0.462540 1.045910 -0.644320
v -0.466378 1.043843 -0.648503
v -0.470462 1.043843 -0.652955
v -0.474300 1.045910 -0.657138
v -0.477429 1.049793 -0.660549
v -0.479471 1.055025 -0.662775
v -0.455891 1.066924 -0.684407
v -0.456600 1.060975 -0.685180
v -0.453849 1.072156 -0.682182
v -0.450720 1.076039 -0.678772
v -0.446882 1.078106 -0.674588
v -0.442798 1.078106 -0.670136
v -0.438960 1.076039 -0.665953
v -0.435832 1.072156 -0.662543
v -0.433790 1.066924 -0.660317
v -0.433080 1.060975 -0.659544
v -0.433790 1.055025 -0.660317
v -0.435832 1.049793 -0.662543
v -0.438960 1.045910 -0.665953
v -0.442798 1.043843 -0.670136
v -0.446882 1.043843 -0.674588
v -0.450720 1.045910 -0.678772
v -0.453849 1.049793 -0.682182
v -0.455891 1.055025 -0.684407
v -0.432311 1.066924 -0.706040
v -0.433020 1.060975 -0.706813
v -0.430269 1.072156 -0.703815
v -0.427140 1.076039 -0.700405
v -0.423302 1.078106 -0.696221
v -0.419218 1.078106 -0.691769
v -0.415380 1.076039 -0.687586
v -0.412252 1.072156 -0.684176
v -0.410210 1.066924 -0.681949
v -0.409500 1.060975 -0.681177
v -0.410210 1.055025 -0.681949
v -0.412252 1.049793 -0.684176
v -0.415380 1.045910 -0.687586
v -0.419218 1.043843 -0.691769
v -0.423302 1.043843 -0.696221
v -0.427140 1.045910 -0.700405
v -0.430269 1.049793 -0.703815
v -0.432311 1.055025 -0.706040
v -0.421260 1.060975 -0.693995
v 0.062905 0.164686 -0.144910
v 0.056347 0.161047 -0.144928
v 0.057328 0.160222 -0.147195
v 0.058981 0.159936 -0.149188
v 0.056781 0.163861 -0.140660
v 0.056157 0.162311 -0.142658
v 0.060081 0.167061 -0.138382
v 0.058144 0.165511 -0.139175
v 0.064702 0.169150 -0.139157
v 0.062358 0.168325 -0.138375
v 0.068482 0.169150 -0.142625
v 0.066829 0.169436 -0.140633
v 0.069653 0.167061 -0.147163
v 0.069463 0.168325 -0.144893
v 0.067666 0.163861 -0.150646
v 0.069029 0.165511 -0.149161
v 0.063452 0.161047 -0.151446
v 0.065729 0.162311 -0.151439
v 0.061108 0.160222 -0.150663
v -0.041153 0.338208 -0.254539
v -0.039499 0.337921 -0.256530
v -0.042134 0.339033 -0.252271
v -0.042323 0.340297 -0.250002
v -0.041699 0.341847 -0.248004
v -0.040337 0.343497 -0.246519
v -0.038400 0.345047 -0.245725
v -0.036122 0.346311 -0.245720
v -0.033779 0.347135 -0.246502
v -0.031652 0.347422 -0.247978
v -0.029998 0.347135 -0.249969
v -0.029017 0.346311 -0.252237
v -0.028828 0.345047 -0.254507
v -0.029452 0.343497 -0.256505
v -0.030814 0.341847 -0.257990
v -0.032751 0.340297 -0.258784
v -0.035029 0.339033 -0.258790
v -0.037372 0.338208 -0.258007
v -0.139633 0.516193 -0.361883
v -0.137979 0.515907 -0.363875
v -0.140614 0.517018 -0.359615
v -0.140804 0.518282 -0.357345
v -0.140180 0.519832 -0.355347
v -0.138817 0.521482 -0.353862
v -0.136880 0.523032 -0.353069
v -0.134603 0.524296 -0.353063
v -0.132259 0.525121 -0.353845
v -0.130132 0.525408 -0.355322
v -0.128479 0.525121 -0.357314
v -0.127498 0.524296 -0.359581
v -0.127308 0.523032 -0.361850
v -0.127932 0.521482 -0.363849
v -0.129295 0.519832 -0.365334
v -0.131232 0.518282 -0.366128
v -0.133509 0.517018 -0.366133
v -0.135853 0.516193 -0.365351
v -0.238114 0.694179 -0.469226
v -0.236460 0.693893 -0.471219
v -0.239094 0.695004 -0.466960
v -0.239284 0.696268 -0.464690
v -0.238660 0.697818 -0.462692
v -0.237298 0.699468 -0.461206
v -0.235361 0.701018 -0.460413
v -0.233083 0.702282 -0.460407
v -0.230740 0.703107 -0.461189
v -0.228613 0.703393 -0.462665
v -0.226959 0.703107 -0.464657
v -0.225978 0.702282 -0.466925
v -0.225788 0.701018 -0.469195
v -0.226412 0.699468 -0.471192
v -0.227775 0.697818 -0.472678
v -0.229712 0.696268 -0.473471
v -0.231990 0.695004 -0.473477
v -0.234333 0.694179 -0.472695
v -0.336594 0.872165 -0.576570
v -0.334940 0.871878 -0.578562
v -0.337575 0.872990 -0.574302
v -0.337765 0.874254 -0.572033
v -0.337141 0.875804 -0.570036
v -0.335778 0.877454 -0.568550
v -0.333841 0.879004 -0.567756
v -0.331563 0.880268 -0.567751
v -0.329220 0.881092 -0.568533
v -0.327093 0.881379 -0.570009
v -0.325440 0.881092 -0.572001
v -0.324459 0.880268 -0.574268
v -0.324269 0.879004 -0.576538
v -0.324893 0.877454 -0.578537
v -0.326255 0.875804 -0.580022
v -0.328192 0.874254 -0.580815
v -0.330470 0.872990 -0.580822
v -0.332814 0.872165 -0.580039
v -0.435074 1.050151 -0.683914
v -0.433421 1.049864 -0.685906
v -0.436055 1.050976 -0.681647
v -0.436245 1.052239 -0.679377
v -0.435621 1.053790 -0.677379
v -0.434258 1.055439 -0.675893
v -0.432322 1.056990 -0.675100
v -0.430044 1.058253 -0.675094
v -0.427700 1.059078 -0.675876
v -0.425574 1.059365 -0.677353
v -0.423920 1.059078 -0.679345
v -0.422939 1.058253 -0.681613
v -0.422749 1.056990 -0.683882
v -0.423373 1.055439 -0.685880
v -0.424736 1.053790 -0.687366
v -0.426673 1.052239 -0.688160
v -0.428950 1.050976 -0.688164
v -0.431294 1.050151 -0.687382
v -0.429497 1.054614 -0.681630
v -0.037799 0.164686 -0.052521
v -0.044357 0.161047 -0.052539
v -0.043376 0.160222 -0.054806
v -0.041723 0.159936 -0.056799
v -0.043923 0.163861 -0.048271
v -0.044547 0.162311 -0.050270
v -0.040623 0.167061 -0.045993
v -0.042560 0.165511 -0.046786
v -0.036002 0.169150 -0.046769
v -0.038346 0.168325 -0.045986
v -0.032222 0.169150 -0.050236
v -0.033876 0.169436 -0.048244
v -0.031051 0.167061 -0.054775
v -0.031241 0.168325 -0.052505
v -0.033038 0.163861 -0.058258
v -0.031675 0.165511 -0.056772
v -0.037252 0.161047 -0.059057
v -0.034975 0.162311 -0.059051
v -0.039596 0.160222 -0.058275
v -0.141857 0.338208 -0.162150
v -0.140203 0.337921 -0.164142
v -0.142838 0.339033 -0.159882
v -0.143027 0.340297 -0.157612
v -0.142403 0.341847 -0.155615
v -0.141041 0.343497 -0.154130
v -0.139104 0.345047 -0.153336
v -0.136826 0.346311 -0.153330
v -0.134483 0.347135 -0.154112
v -0.132356 0.347422 -0.155589
v -0.130702 0.347135 -0.157581
v -0.129721 0.346311 -0.159848
v -0.129532 0.345047 -0.162118
v -0.130156 0.343497 -0.164116
v -0.131518 0.341847 -0.165601
v -0.133455 0.340297 -0.166395
v -0.135733 0.339033 -0.166401
v -0.138076 0.338208 -0.165619
v -0.240337 0.516194 -0.269494
v -0.238684 0.515907 -0.271486
v -0.241318 0.517018 -0.267227
v -0.241508 0.518282 -0.264957
v -0.240884 0.519832 -0.262958
v -0.239521 0.521482 -0.261473
v -0.237584 0.523032 -0.260680
v -0.235307 0.524296 -0.260674
v -0.232963 0.525121 -0.261456
v -0.230836 0.525408 -0.262932
v -0.229183 0.525121 -0.264925
v -0.228202 0.524296 -0.267193
v -0.228012 0.523032 -0.269462
v -0.228636 0.521482 -0.271460
v -0.229999 0.519832 -0.272945
v -0.231936 0.518282 -0.273739
v -0.234213 0.517018 -0.273744
v -0.236557 0.516194 -0.272962
v -0.338818 0.694179 -0.376838
v -0.337164 0.693893 -0.378830
v -0.339798 0.695004 -0.374571
v -0.339988 0.696268 -0.372301
v -0.339364 0.697818 -0.370303
v -0.338002 0.699468 -0.368817
v -0.336065 0.701018 -0.368024
v -0.333787 0.702282 -0.368018
v -0.331444 0.703107 -0.368801
v -0.329317 0.703393 -0.370277
v -0.327663 0.703107 -0.372268
v -0.326682 0.702282 -0.374536
v -0.326492 0.701018 -0.376806
v -0.327116 0.699468 -0.378803
v -0.328479 0.697818 -0.380289
v -0.330416 0.696268 -0.381082
v -0.332694 0.695004 -0.381088
v -0.335037 0.694179 -0.380306
v -0.437298 0.872165 -0.484182
v -0.435644 0.871878 -0.486174
v -0.438279 0.872990 -0.481914
v -0.438469 0.874254 -0.479644
v -0.437845 0.875804 -0.477646
v -0.436482 0.877454 -0.476162
v -0.434545 0.879004 -0.475368
v -0.432267 0.880268 -0.475361
v -0.429924 0.881092 -0.476143
v -0.427797 0.881379 -0.477620
v -0.426144 0.881092 -0.479612
v -0.425163 0.880268 -0.481880
v -0.424973 0.879004 -0.484150
v -0.425597 0.877454 -0.486148
v -0.426959 0.875804 -0.487632
v -0.428896 0.874254 -0.488426
v -0.431174 0.872990 -0.488433
v -0.433518 0.872165 -0.487650
v -0.535778 1.050151 -0.591526
v -0.534125 1.049864 -0.593517
v -0.536759 1.050976 -0.589258
v -0.536949 1.052239 -0.586988
v -0.536325 1.053789 -0.584990
v -0.534962 1.055439 -0.583505
v -0.533026 1.056990 -0.582712
v -0.530748 1.058253 -0.582706
v -0.528404 1.059078 -0.583488
v -0.526278 1.059365 -0.584964
v -0.524624 1.059078 -0.586956
v -0.523643 1.058253 -0.589224
v -0.523453 1.056990 -0.591493
v -0.524077 1.055439 -0.593491
v -0.525440 1.053789 -0.594977
v -0.527377 1.052239 -0.595770
v -0.529654 1.050976 -0.595776
v -0.531998 1.050151 -0.594993
v -0.530201 1.054614 -0.589241
vn -0.7369 -0.0000 0.6760
vn -0.8781 0.4772 0.0340
vn -0.9653 0.2539 -0.0611
vn -0.9956 -0.0000 -0.0939
vn -0.5809 0.7311 0.3580
vn -0.7446 0.6429 0.1794
vn -0.2428 0.6429 0.7265
vn -0.4065 0.7311 0.5480
vn -0.0221 0.2539 0.9670
vn -0.1094 0.4772 0.8720
vn -0.0221 -0.2539 0.9670
vn 0.0081 -0.0000 1.0000
vn -0.2428 -0.6429 0.7265
vn -0.1094 -0.4772 0.8720
vn -0.5809 -0.7311 0.3580
vn -0.4065 -0.7311 0.5480
vn -0.8781 -0.4772 0.0340
vn -0.7446 -0.6429 0.1794
vn -0.9653 -0.2539 -0.0611
vn -0.6353 0.3420 -0.6924
vn -0.6760 -0.0000 -0.7369
vn -0.5178 0.6428 -0.5645
vn -0.3380 0.8660 -0.3685
vn -0.1174 0.9848 -0.1280
vn 0.1174 0.9848 0.1280
vn 0.3380 0.8660 0.3685
vn 0.5179 0.6428 0.5645
vn 0.6353 0.3420 0.6924
vn 0.6760 -0.0000 0.7369
vn 0.6353 -0.3420 0.6924
vn 0.5179 -0.6428 0.5645
vn 0.3380 -0.8660 0.3685
vn 0.1174 -0.9848 0.1280
vn -0.1174 -0.9848 -0.1280
vn -0.3380 -0.8660 -0.3685
vn -0.5178 -0.6428 -0.5645
vn -0.6353 -0.3420 -0.6924
vn -0.5178 0.6428 -0.5644
vn 0.5178 0.6428 0.5644
vn 0.6352 0.3421 0.6924
vn 0.6352 -0.3421 0.6924
vn 0.5178 -0.6428 0.5645
vn 0.3381 -0.8660 0.3685
vn -0.5178 -0.6428 -0.5644
vn 0.6353 0.3421 0.6924
vn 0.5178 -0.6428 0.5644
vn -0.5179 0.6428 -0.5645
vn -0.3380 0.8660 -0.3684
vn 0.3381 0.8660 0.3685
vn 0.6353 -0.3421 0.6924
vn -0.3380 -0.8660 -0.3684
vn -0.5179 -0.6428 -0.5645
vn 0.0221 0.2539 -0.9670
vn -0.0081 -0.0000 -1.0000
vn 0.1093 0.4772 -0.8720
vn 0.2428 0.6429 -0.7265
vn 0.4066 0.7311 -0.5480
vn 0.5809 0.7311 -0.3579
vn 0.7447 0.6428 -0.1795
vn 0.8781 0.4772 -0.0339
vn 0.9653 0.2540 0.0611
vn 0.9956 -0.0000 0.0940
vn 0.9653 -0.2540 0.0611
vn 0.8781 -0.4772 -0.0339
vn 0.7447 -0.6428 -0.1795
vn 0.5809 -0.7311 -0.3579
vn 0.4066 -0.7311 -0.5480
vn 0.2428 -0.6429 -0.7265
vn 0.1093 -0.4772 -0.8720
vn 0.0221 -0.2539 -0.9670
vn 0.7369 -0.0000 -0.6760
vn -0.8782 0.4772 0.0340
vn -0.9653 0.2539 -0.0610
vn -0.9956 -0.0000 -0.0941
vn -0.5809 0.7311 0.3579
vn -0.7447 0.6429 0.1795
vn -0.4065 0.7310 0.5480
vn -0.0221 0.2540 0.9670
vn -0.1094 0.4773 0.8719
vn -0.0221 -0.2540 0.9670
vn -0.1094 -0.4773 0.8719
vn -0.5809 -0.7311 0.3579
vn -0.4065 -0.7310 0.5480
vn -0.8782 -0.4772 0.0340
vn -0.7447 -0.6429 0.1795
vn -0.9653 -0.2538 -0.0610
vn 0.5178 0.6429 0.5644
vn 0.5178 -0.6429 0.5644
vn 0.1093 0.4771 -0.8720
vn 0.2428 0.6428 -0.7265
vn 0.8782 0.4772 -0.0340
vn 0.8782 -0.4772 -0.0340
vn 0.2428 -0.6428 -0.7265
vn 0.1093 -0.4771 -0.8720
vn 0.0221 -0.2538 -0.9670
vn 0.4282 -0.7739 0.4667
vn -0.3622 -0.8787 0.3110
vn -0.2650 -0.9604 0.0865
vn -0.1015 -0.9887 -0.1107
vn -0.3192 -0.6001 0.7334
vn -0.3810 -0.7536 0.5357
vn 0.0073 -0.2835 0.9589
vn -0.1843 -0.4368 0.8805
vn 0.4647 -0.0767 0.8821
vn 0.2327 -0.1583 0.9596
vn 0.8389 -0.0767 0.5389
vn 0.6752 -0.0484 0.7360
vn 0.9548 -0.2834 0.0897
vn 0.9360 -0.1583 0.3144
vn 0.7582 -0.6002 -0.2550
vn 0.8930 -0.4368 -0.1080
vn 0.3409 -0.8787 -0.3342
vn 0.5665 -0.7536 -0.3335
vn 0.1090 -0.9604 -0.2565
vn -0.7436 -0.5952 -0.3047
vn -0.5231 -0.6334 -0.5703
vn -0.8744 -0.4852 -0.0022
vn -0.8997 -0.3166 0.3004
vn -0.8165 -0.1100 0.5668
vn -0.6348 0.1100 0.7648
vn -0.3766 0.3167 0.8706
vn -0.0729 0.4852 0.8714
vn 0.2395 0.5952 0.7671
vn 0.5231 0.6334 0.5702
vn 0.7436 0.5952 0.3047
vn 0.8744 0.4852 0.0023
vn 0.8997 0.3167 -0.3004
vn 0.8165 0.1100 -0.5667
vn 0.6349 -0.1100 -0.7648
vn 0.3766 -0.3166 -0.8706
vn 0.0729 -0.4852 -0.8714
vn -0.2396 -0.5952 -0.7670
vn -0.5231 -0.6334 -0.5702
vn -0.8997 -0.3167 0.3004
vn -0.8165 -0.1100 0.5667
vn -0.3765 0.3167 0.8706
vn 0.7436 0.5952 0.3046
vn 0.8997 0.3167 -0.3003
vn 0.6348 -0.1100 -0.7648
vn 0.3766 -0.3167 -0.8706
vn -0.7436 -0.5952 -0.3046
vn -0.5232 -0.6334 -0.5702
vn -0.8997 -0.3167 0.3003
vn -0.6349 0.1100 0.7648
vn 0.5232 0.6334 0.5702
vn 0.3765 -0.3167 -0.8706
vn -0.7437 -0.5952 -0.3046
vn -0.8744 -0.4852 -0.0023
vn -0.6349 0.1099 0.7647
vn -0.0728 0.4852 0.8714
vn 0.2396 0.5952 0.7671
vn 0.8744 0.4852 0.0024
vn 0.8166 0.1101 -0.5667
vn -0.2396 -0.5952 -0.7671
vn -0.8389 0.0768 -0.5388
vn -0.6753 0.0483 -0.7360
vn -0.9359 0.1584 -0.3145
vn -0.9548 0.2834 -0.0897
vn -0.8930 0.4370 0.1079
vn -0.7582 0.6001 0.2550
vn -0.5665 0.7536 0.3335
vn -0.3410 0.8787 0.3341
vn -0.1091 0.9603 0.2568
vn 0.1014 0.9887 0.1105
vn 0.2652 0.9603 -0.0863
vn 0.3622 0.8787 -0.3110
vn 0.3809 0.7536 -0.5356
vn 0.3193 0.6002 -0.7333
vn 0.1843 0.4370 -0.8804
vn -0.0074 0.2833 -0.9590
vn -0.2329 0.1584 -0.9595
vn -0.4647 0.0767 -0.8821
vn -0.4282 0.7739 -0.4667
vn -0.3622 -0.8787 0.3111
vn -0.2654 -0.9603 0.0865
vn -0.1015 -0.9887 -0.1106
vn -0.3193 -0.6001 0.7334
vn -0.3811 -0.7535 0.5357
vn 0.0074 -0.2835 0.9589
vn 0.8389 -0.0766 0.5389
vn 0.6752 -0.0484 0.7361
vn 0.9548 -0.2834 0.0896
vn 0.9360 -0.1583 0.3143
vn 0.7582 -0.6001 -0.2550
vn 0.8930 -0.4369 -0.1079
vn 0.3410 -0.8787 -0.3341
vn 0.5664 -0.7536 -0.3336
vn 0.1090 -0.9603 -0.2567
vn 0.8744 0.4852 0.0022
vn 0.8997 0.3166 -0.3004
vn 0.6349 -0.1099 -0.7647
vn -0.2395 -0.5952 -0.7671
vn 0.8165 0.1100 -0.5668
vn 0.0728 -0.4852 -0.8714
vn 0.2396 0.5952 0.7670
vn -0.3767 0.3166 0.8706
vn -0.0730 0.4852 0.8714
vn -0.6752 0.0483 -0.7361
vn -0.9360 0.1585 -0.3144
vn -0.9548 0.2834 -0.0898
vn -0.8930 0.4369 0.1081
vn -0.7583 0.5998 0.2552
vn -0.5666 0.7535 0.3334
vn -0.3411 0.8786 0.3341
vn -0.1090 0.9603 0.2568
vn 0.1014 0.9887 0.1104
vn 0.2652 0.9603 -0.0866
vn 0.3622 0.8787 -0.3111
vn 0.3809 0.7536 -0.5357
vn 0.3192 0.6001 -0.7334
vn 0.1843 0.4368 -0.8805
vn -0.0073 0.2835 -0.9590
vn -0.2327 0.1584 -0.9596
vn -0.4647 0.0768 -0.8821
vn -0.4282 0.7738 -0.4667
vt 0.500000 0.000000
vt 0.861111 0.000000
vt 0.805556 0.000000
vt 0.750000 0.000000
vt 0.972222 0.000000
vt 0.916667 0.000000
vt 0.083333 0.000000
vt 0.027778 0.000000
vt -0.027778 0.000000
vt 0.194444 0.000000
vt 0.138889 0.000000
vt 0.305556 0.000000
vt 0.250000 0.000000
vt 0.416667 0.000000
vt 0.361111 0.000000
vt 0.527778 0.000000
vt 0.472222 0.000000
vt 0.638889 0.000000
vt 0.583333 0.000000
vt 0.694444 0.000000
vt 0.805556 0.200000
vt 0.750000 0.200000
vt 0.861111 0.200000
vt 0.916667 0.200000
vt 0.972222 0.200000
vt 0.027778 0.200000
vt -0.027778 0.200000
vt 0.083333 0.200000
vt 0.138889 0.200000
vt 0.194444 0.200000
vt 0.250000 0.200000
vt 0.305556 0.200000
vt 0.361111 0.200000
vt 0.416667 0.200000
vt 0.472222 0.200000
vt 0.527778 0.200000
vt 0.583333 0.200000
vt 0.638889 0.200000
vt 0.694444 0.200000
vt 0.805556 0.400000
vt 0.750000 0.400000
vt 0.861111 0.400000
vt 0.916667 0.400000
vt 0.972222 0.400000
vt 0.027778 0.400000
vt -0.027778 0.400000
vt 0.083333 0.400000
vt 0.138889 0.400000
vt 0.194444 0.400000
vt 0.250000 0.400000
vt 0.305556 0.400000
vt 0.361111 0.400000
vt 0.416667 0.400000
vt 0.472222 0.400000
vt 0.527778 0.400000
vt 0.583333 0.400000
vt 0.638889 0.400000
vt 0.694444 0.400000
vt 0.805556 0.600000
vt 0.750000 0.600000
vt 0.861111 0.600000
vt 0.916667 0.600000
vt 0.972222 0.600000
vt 0.027778 0.600000
vt -0.027778 0.600000
vt 0.083333 0.600000
vt 0.138889 0.600000
vt 0.194444 0.600000
vt 0.250000 0.600000
vt 0.305556 0.600000
vt 0.361111 0.600000
vt 0.416667 0.600000
vt 0.472222 0.600000
vt 0.527778 0.600000
vt 0.583333 0.600000
vt 0.638889 0.600000
vt 0.694444 0.600000
vt 0.805556 0.800000
vt 0.750000 0.800000
vt 0.861111 0.800000
vt 0.916667 0.800000
vt 0.972222 0.800000
vt 0.027778 0.800000
vt -0.027778 0.800000
vt 0.083333 0.800000
vt 0.138889 0.800000
vt 0.194444 0.800000
vt 0.250000 0.800000
vt 0.305556 0.800000
vt 0.361111 0.800000
vt 0.416667 0.800000
vt 0.472222 0.800000
vt 0.527778 0.800000
vt 0.583333 0.800000
vt 0.638889 0.800000
vt 0.694444 0.800000
vt 0.805556 1.000000
vt 0.750000 1.000000
vt 0.861111 1.000000
vt 0.916667 1.000000
vt 0.972222 1.000000
vt 0.027778 1.000000
vt -0.027778 1.000000
vt 0.083333 1.000000
vt 0.138889 1.000000
vt 0.194444 1.000000
vt 0.250000 1.000000
vt 0.305556 1.000000
vt 0.361111 1.000000
vt 0.416667 1.000000
vt 0.472222 1.000000
vt 0.527778 1.000000
vt 0.583333 1.000000
vt 0.638889 1.000000
vt 0.694444 1.000000
vt 0.500000 1.000000
vt -0.019676 1.000000
vt 0.970822 1.000000
vt 0.970820 1.000000
vt -0.019671 1.000000
s 1
usemtl wire_000000000
f 1101/591/488 1102/592/489 1103/593/490 1104/594/491
f 1101/591/488 1105/595/492 1106/596/493 1102/592/489
f 1101/591/488 1107/597/494 1108/598/495 1105/599/492
f 1101/591/488 1109/600/496 1110/601/497 1107/597/494
f 1101/591/488 1111/602/498 1112/603/499 1109/600/496
f 1101/591/488 1113/604/500 1114/605/501 1111/602/498
f 1101/591/488 1115/606/502 1116/607/503 1113/604/500
f 1101/591/488 1117/608/504 1118/609/505 1115/606/502
f 1101/591/488 1104/594/491 1119/610/506 1117/608/504
f 1104/594/491 1103/593/490 1120/611/507 1121/612/508
f 1103/593/490 1102/592/489 1122/613/509 1120/611/507
f 1102/592/489 1106/596/493 1123/614/510 1122/613/509
f 1106/596/493 1105/595/492 1124/615/511 1123/614/510
f 1105/599/492 1108/598/495 1125/616/512 1124/617/511
f 1108/598/495 1107/597/494 1126/618/513 1125/616/512
f 1107/597/494 1110/601/497 1127/619/514 1126/618/513
f 1110/601/497 1109/600/496 1128/620/515 1127/619/514
f 1109/600/496 1112/603/499 1129/621/516 1128/620/515
f 1112/603/499 1111/602/498 1130/622/517 1129/621/516
f 1111/602/498 1114/605/501 1131/623/518 1130/622/517
f 1114/605/501 1113/604/500 1132/624/519 1131/623/518
f 1113/604/500 1116/607/503 1133/625/520 1132/624/519
f 1116/607/503 1115/606/502 1134/626/521 1133/625/520
f 1115/606/502 1118/609/505 1135/627/522 1134/626/521
f 1118/609/505 1117/608/504 1136/628/523 1135/627/522
f 1117/608/504 1119/610/506 1137/629/524 1136/628/523
f 1119/610/506 1104/594/491 1121/612/508 1137/629/524
f 1121/612/508 1120/611/507 1138/630/507 1139/631/508
f 1120/611/507 1122/613/509 1140/632/525 1138/630/507
f 1122/613/509 1123/614/510 1141/633/510 1140/632/525
f 1123/614/510 1124/615/511 1142/634/511 1141/633/510
f 1124/617/511 1125/616/512 1143/635/512 1142/636/511
f 1125/616/512 1126/618/513 1144/637/513 1143/635/512
f 1126/618/513 1127/619/514 1145/638/526 1144/637/513
f 1127/619/514 1128/620/515 1146/639/527 1145/638/526
f 1128/620/515 1129/621/516 1147/640/516 1146/639/527
f 1129/621/516 1130/622/517 1148/641/528 1147/640/516
f 1130/622/517 1131/623/518 1149/642/529 1148/641/528
f 1131/623/518 1132/624/519 1150/643/530 1149/642/529
f 1132/624/519 1133/625/520 1151/644/520 1150/643/530
f 1133/625/520 1134/626/521 1152/645/521 1151/644/520
f 1134/626/521 1135/627/522 1153/646/522 1152/645/521
f 1135/627/522 1136/628/523 1154/647/531 1153/646/522
f 1136/628/523 1137/629/524 1155/648/524 1154/647/531
f 1137/629/524 1121/612/508 1139/631/508 1155/648/524
f 1139/631/508 1138/630/507 1156/649/507 1157/650/508
f 1138/630/507 1140/632/525 1158/651/525 1156/649/507
f 1140/632/525 1141/633/510 1159/652/510 1158/651/525
f 1141/633/510 1142/634/511 1160/653/511 1159/652/510
f 1142/636/511 1143/635/512 1161/654/512 1160/655/511
f 1143/635/512 1144/637/513 1162/656/513 1161/654/512
f 1144/637/513 1145/638/526 1163/657/526 1162/656/513
f 1145/638/526 1146/639/527 1164/658/532 1163/657/526
f 1146/639/527 1147/640/516 1165/659/516 1164/658/532
f 1147/640/516 1148/641/528 1166/660/528 1165/659/516
f 1148/641/528 1149/642/529 1167/661/533 1166/660/528
f 1149/642/529 1150/643/530 1168/662/530 1167/661/533
f 1150/643/530 1151/644/520 1169/663/520 1168/662/530
f 1151/644/520 1152/645/521 1170/664/521 1169/663/520
f 1152/645/521 1153/646/522 1171/665/522 1170/664/521
f 1153/646/522 1154/647/531 1172/666/531 1171/665/522
f 1154/647/531 1155/648/524 1173/667/524 1172/666/531
f 1155/648/524 1139/631/508 1157/650/508 1173/667/524
f 1157/650/508 1156/649/507 1174/668/507 1175/669/508
f 1156/649/507 1158/651/525 1176/670/534 1174/668/507
f 1158/651/525 1159/652/510 1177/671/535 1176/670/534
f 1159/652/510 1160/653/511 1178/672/511 1177/671/535
f 1160/655/511 1161/654/512 1179/673/512 1178/674/511
f 1161/654/512 1162/656/513 1180/675/536 1179/673/512
f 1162/656/513 1163/657/526 1181/676/514 1180/675/536
f 1163/657/526 1164/658/532 1182/677/532 1181/676/514
f 1164/658/532 1165/659/516 1183/678/516 1182/677/532
f 1165/659/516 1166/660/528 1184/679/537 1183/678/516
f 1166/660/528 1167/661/533 1185/680/518 1184/679/537
f 1167/661/533 1168/662/530 1186/681/530 1185/680/518
f 1168/662/530 1169/663/520 1187/682/520 1186/681/530
f 1169/663/520 1170/664/521 1188/683/521 1187/682/520
f 1170/664/521 1171/665/522 1189/684/538 1188/683/521
f 1171/665/522 1172/666/531 1190/685/539 1189/684/538
f 1172/666/531 1173/667/524 1191/686/524 1190/685/539
f 1173/667/524 1157/650/508 1175/669/508 1191/686/524
f 1175/669/508 1174/668/507 1192/687/540 1193/688/541
f 1174/668/507 1176/670/534 1194/689/542 1192/687/540
f 1176/670/534 1177/671/535 1195/690/543 1194/689/542
f 1177/671/535 1178/672/511 1196/691/544 1195/690/543
f 1178/674/511 1179/673/512 1197/692/545 1196/693/544
f 1179/673/512 1180/675/536 1198/694/546 1197/692/545
f 1180/675/536 1181/676/514 1199/695/547 1198/694/546
f 1181/676/514 1182/677/532 1200/696/548 1199/695/547
f 1182/677/532 1183/678/516 1201/697/549 1200/696/548
f 1183/678/516 1184/679/537 1202/698/550 1201/697/549
f 1184/679/537 1185/680/518 1203/699/551 1202/698/550
f 1185/680/518 1186/681/530 1204/700/552 1203/699/551
f 1186/681/530 1187/682/520 1205/701/553 1204/700/552
f 1187/682/520 1188/683/521 1206/702/554 1205/701/553
f 1188/683/521 1189/684/538 1207/703/555 1206/702/554
f 1189/684/538 1190/685/539 1208/704/556 1207/703/555
f 1190/685/539 1191/686/524 1209/705/557 1208/704/556
f 1191/686/524 1175/669/508 1193/688/541 1209/705/557
f 1210/706/558 1209/705/557 1193/688/541 1192/687/540
f 1210/706/558 1192/687/540 1194/689/542 1195/690/543
f 1210/706/558 1195/707/543 1196/693/544 1197/692/545
f 1210/706/558 1197/692/545 1198/694/546 1199/695/547
f 1210/706/558 1199/695/547 1200/696/548 1201/697/549
f 1210/706/558 1201/697/549 1202/698/550 1203/699/551
f 1210/706/558 1203/699/551 1204/700/552 1205/701/553
f 1210/706/558 1205/701/553 1206/702/554 1207/703/555
f 1210/706/558 1207/703/555 1208/704/556 1209/705/557
f 1211/591/488 1212/592/559 1213/593/560 1214/594/561
f 1211/591/488 1215/595/562 1216/596/563 1212/592/559
f 1211/591/488 1217/597/494 1218/598/564 1215/599/562
f 1211/591/488 1219/600/565 1220/601/566 1217/597/494
f 1211/591/488 1221/602/567 1222/603/499 1219/600/565
f 1211/591/488 1223/604/500 1224/605/568 1221/602/567
f 1211/591/488 1225/606/569 1226/607/570 1223/604/500
f 1211/591/488 1227/608/571 1228/609/572 1225/606/569
f 1211/591/488 1214/594/561 1229/610/573 1227/608/571
f 1214/594/561 1213/593/560 1230/611/507 1231/612/508
f 1213/593/560 1212/592/559 1232/613/534 1230/611/507
f 1212/592/559 1216/596/563 1233/614/510 1232/613/534
f 1216/596/563 1215/595/562 1234/615/511 1233/614/510
f 1215/599/562 1218/598/564 1235/616/512 1234/617/511
f 1218/598/564 1217/597/494 1236/618/536 1235/616/512
f 1217/597/494 1220/601/566 1237/619/574 1236/618/536
f 1220/601/566 1219/600/565 1238/620/532 1237/619/574
f 1219/600/565 1222/603/499 1239/621/516 1238/620/532
f 1222/603/499 1221/602/567 1240/622/537 1239/621/516
f 1221/602/567 1224/605/568 1241/623/575 1240/622/537
f 1224/605/568 1223/604/500 1242/624/530 1241/623/575
f 1223/604/500 1226/607/570 1243/625/520 1242/624/530
f 1226/607/570 1225/606/569 1244/626/521 1243/625/520
f 1225/606/569 1228/609/572 1245/627/538 1244/626/521
f 1228/609/572 1227/608/571 1246/628/539 1245/627/538
f 1227/608/571 1229/610/573 1247/629/524 1246/628/539
f 1229/610/573 1214/594/561 1231/612/508 1247/629/524
f 1231/612/508 1230/611/507 1248/630/507 1249/631/508
f 1230/611/507 1232/613/534 1250/632/534 1248/630/507
f 1232/613/534 1233/614/510 1251/633/535 1250/632/534
f 1233/614/510 1234/615/511 1252/634/511 1251/633/535
f 1234/617/511 1235/616/512 1253/635/512 1252/636/511
f 1235/616/512 1236/618/536 1254/637/536 1253/635/512
f 1236/618/536 1237/619/574 1255/638/514 1254/637/536
f 1237/619/574 1238/620/532 1256/639/532 1255/638/514
f 1238/620/532 1239/621/516 1257/640/516 1256/639/532
f 1239/621/516 1240/622/537 1258/641/537 1257/640/516
f 1240/622/537 1241/623/575 1259/642/518 1258/641/537
f 1241/623/575 1242/624/530 1260/643/530 1259/642/518
f 1242/624/530 1243/625/520 1261/644/520 1260/643/530
f 1243/625/520 1244/626/521 1262/645/521 1261/644/520
f 1244/626/521 1245/627/538 1263/646/538 1262/645/521
f 1245/627/538 1246/628/539 1264/647/539 1263/646/538
f 1246/628/539 1247/629/524 1265/648/524 1264/647/539
f 1247/629/524 1231/612/508 1249/631/508 1265/648/524
f 1249/631/508 1248/630/507 1266/649/507 1267/650/508
f 1248/630/507 1250/632/534 1268/651/534 1266/649/507
f 1250/632/534 1251/633/535 1269/652/535 1268/651/534
f 1251/633/535 1252/634/511 1270/653/511 1269/652/535
f 1252/636/511 1253/635/512 1271/654/512 1270/655/511
f 1253/635/512 1254/637/536 1272/656/536 1271/654/512
f 1254/637/536 1255/638/514 1273/657/514 1272/656/536
f 1255/638/514 1256/639/532 1274/658/527 1273/657/514
f 1256/639/532 1257/640/516 1275/659/516 1274/658/527
f 1257/640/516 1258/641/537 1276/660/517 1275/659/516
f 1258/641/537 1259/642/518 1277/661/518 1276/660/517
f 1259/642/518 1260/643/530 1278/662/530 1277/661/518
f 1260/643/530 1261/644/520 1279/663/520 1278/662/530
f 1261/644/520 1262/645/521 1280/664/521 1279/663/520
f 1262/645/521 1263/646/538 1281/665/538 1280/664/521
f 1263/646/538 1264/647/539 1282/666/539 1281/665/538
f 1264/647/539 1265/648/524 1283/667/524 1282/666/539
f 1265/648/524 1249/631/508 1267/650/508 1283/667/524
f 1267/650/508 1266/649/507 1284/668/507 1285/669/508
f 1266/649/507 1268/651/534 1286/670/534 1284/668/507
f 1268/651/534 1269/652/535 1287/671/535 1286/670/534
f 1269/652/535 1270/653/511 1288/672/511 1287/671/535
f 1270/655/511 1271/654/512 1289/673/512 1288/674/511
f 1271/654/512 1272/656/536 1290/675/536 1289/673/512
f 1272/656/536 1273/657/514 1291/676/514 1290/675/536
f 1273/657/514 1274/658/527 1292/677/527 1291/676/514
f 1274/658/527 1275/659/516 1293/678/516 1292/677/527
f 1275/659/516 1276/660/517 1294/679/528 1293/678/516
f 1276/660/517 1277/661/518 1295/680/518 1294/679/528
f 1277/661/518 1278/662/530 1296/681/530 1295/680/518
f 1278/662/530 1279/663/520 1297/682/520 1296/681/530
f 1279/663/520 1280/664/521 1298/683/521 1297/682/520
f 1280/664/521 1281/665/538 1299/684/538 1298/683/521
f 1281/665/538 1282/666/539 1300/685/539 1299/684/538
f 1282/666/539 1283/667/524 1301/686/524 1300/685/539
f 1283/667/524 1267/650/508 1285/669/508 1301/686/524
f 1285/669/508 1284/668/507 1302/687/540 1303/688/541
f 1284/668/507 1286/670/534 1304/689/576 1302/687/540
f 1286/670/534 1287/671/535 1305/690/577 1304/689/576
f 1287/671/535 1288/672/511 1306/691/544 1305/690/577
f 1288/674/511 1289/673/512 1307/692/545 1306/693/544
f 1289/673/512 1290/675/536 1308/694/546 1307/692/545
f 1290/675/536 1291/676/514 1309/695/578 1308/694/546
f 1291/676/514 1292/677/527 1310/696/548 1309/695/578
f 1292/677/527 1293/678/516 1311/697/549 1310/696/548
f 1293/678/516 1294/679/528 1312/698/550 1311/697/549
f 1294/679/528 1295/680/518 1313/699/579 1312/698/550
f 1295/680/518 1296/681/530 1314/700/552 1313/699/579
f 1296/681/530 1297/682/520 1315/701/553 1314/700/552
f 1297/682/520 1298/683/521 1316/702/554 1315/701/553
f 1298/683/521 1299/684/538 1317/703/580 1316/702/554
f 1299/684/538 1300/685/539 1318/704/581 1317/703/580
f 1300/685/539 1301/686/524 1319/705/582 1318/704/581
f 1301/686/524 1285/669/508 1303/688/541 1319/705/582
f 1320/706/558 1319/705/582 1303/688/541 1302/687/540
f 1320/706/558 1302/687/540 1304/689/576 1305/690/577
f 1320/706/558 1305/690/577 1306/691/544 1307/708/545
f 1320/706/558 1307/692/545 1308/694/546 1309/695/578
f 1320/706/558 1309/695/578 1310/696/548 1311/697/549
f 1320/706/558 1311/697/549 1312/698/550 1313/699/579
f 1320/706/558 1313/699/579 1314/700/552 1315/701/553
f 1320/706/558 1315/701/553 1316/702/554 1317/703/580
f 1320/706/558 1317/703/580 1318/704/581 1319/705/582
f 1321/591/583 1322/592/584 1323/593/585 1324/594/586
f 1321/591/583 1325/595/587 1326/596/588 1322/592/584
f 1321/591/583 1327/597/589 1328/598/590 1325/599/587
f 1321/591/583 1329/600/591 1330/601/592 1327/597/589
f 1321/591/583 1331/602/593 1332/603/594 1329/600/591
f 1321/591/583 1333/604/595 1334/605/596 1331/602/593
f 1321/591/583 1335/606/597 1336/607/598 1333/604/595
f 1321/591/583 1337/608/599 1338/609/600 1335/606/597
f 1321/591/583 1324/594/586 1339/610/601 1337/608/599
f 1324/594/586 1323/593/585 1340/611/602 1341/612/603
f 1323/593/585 1322/592/584 1342/613/604 1340/611/602
f 1322/592/584 1326/596/588 1343/614/605 1342/613/604
f 1326/596/588 1325/595/587 1344/615/606 1343/614/605
f 1325/599/587 1328/598/590 1345/616/607 1344/617/606
f 1328/598/590 1327/597/589 1346/618/608 1345/616/607
f 1327/597/589 1330/601/592 1347/619/609 1346/618/608
f 1330/601/592 1329/600/591 1348/620/610 1347/619/609
f 1329/600/591 1332/603/594 1349/621/611 1348/620/610
f 1332/603/594 1331/602/593 1350/622/612 1349/621/611
f 1331/602/593 1334/605/596 1351/623/613 1350/622/612
f 1334/605/596 1333/604/595 1352/624/614 1351/623/613
f 1333/604/595 1336/607/598 1353/625/615 1352/624/614
f 1336/607/598 1335/606/597 1354/626/616 1353/625/615
f 1335/606/597 1338/609/600 1355/627/617 1354/626/616
f 1338/609/600 1337/608/599 1356/628/618 1355/627/617
f 1337/608/599 1339/610/601 1357/629/619 1356/628/618
f 1339/610/601 1324/594/586 1341/612/603 1357/629/619
f 1341/612/603 1340/611/602 1358/630/602 1359/631/620
f 1340/611/602 1342/613/604 1360/632/604 1358/630/602
f 1342/613/604 1343/614/605 1361/633/621 1360/632/604
f 1343/614/605 1344/615/606 1362/634/622 1361/633/621
f 1344/617/606 1345/616/607 1363/635/607 1362/636/622
f 1345/616/607 1346/618/608 1364/637/623 1363/635/607
f 1346/618/608 1347/619/609 1365/638/609 1364/637/623
f 1347/619/609 1348/620/610 1366/639/610 1365/638/609
f 1348/620/610 1349/621/611 1367/640/611 1366/639/610
f 1349/621/611 1350/622/612 1368/641/624 1367/640/611
f 1350/622/612 1351/623/613 1369/642/613 1368/641/624
f 1351/623/613 1352/624/614 1370/643/625 1369/642/613
f 1352/624/614 1353/625/615 1371/644/615 1370/643/625
f 1353/625/615 1354/626/616 1372/645/626 1371/644/615
f 1354/626/616 1355/627/617 1373/646/627 1372/645/626
f 1355/627/617 1356/628/618 1374/647/618 1373/646/627
f 1356/628/618 1357/629/619 1375/648/619 1374/647/618
f 1357/629/619 1341/612/603 1359/631/620 1375/648/619
f 1359/631/620 1358/630/602 1376/649/628 1377/650/629
f 1358/630/602 1360/632/604 1378/651/604 1376/649/628
f 1360/632/604 1361/633/621 1379/652/630 1378/651/604
f 1361/633/621 1362/634/622 1380/653/622 1379/652/630
f 1362/636/622 1363/635/607 1381/654/631 1380/655/622
f 1363/635/607 1364/637/623 1382/656/623 1381/654/631
f 1364/637/623 1365/638/609 1383/657/609 1382/656/623
f 1365/638/609 1366/639/610 1384/658/610 1383/657/609
f 1366/639/610 1367/640/611 1385/659/632 1384/658/610
f 1367/640/611 1368/641/624 1386/660/624 1385/659/632
f 1368/641/624 1369/642/613 1387/661/613 1386/660/624
f 1369/642/613 1370/643/625 1388/662/625 1387/661/613
f 1370/643/625 1371/644/615 1389/663/615 1388/662/625
f 1371/644/615 1372/645/626 1390/664/626 1389/663/615
f 1372/645/626 1373/646/627 1391/665/633 1390/664/626
f 1373/646/627 1374/647/618 1392/666/618 1391/665/633
f 1374/647/618 1375/648/619 1393/667/619 1392/666/618
f 1375/648/619 1359/631/620 1377/650/629 1393/667/619
f 1377/650/629 1376/649/628 1394/668/634 1395/669/629
f 1376/649/628 1378/651/604 1396/670/635 1394/668/634
f 1378/651/604 1379/652/630 1397/671/621 1396/670/635
f 1379/652/630 1380/653/622 1398/672/622 1397/671/621
f 1380/655/622 1381/654/631 1399/673/636 1398/674/622
f 1381/654/631 1382/656/623 1400/675/623 1399/673/636
f 1382/656/623 1383/657/609 1401/676/637 1400/675/623
f 1383/657/609 1384/658/610 1402/677/638 1401/676/637
f 1384/658/610 1385/659/632 1403/678/632 1402/677/638
f 1385/659/632 1386/660/624 1404/679/624 1403/678/632
f 1386/660/624 1387/661/613 1405/680/639 1404/679/624
f 1387/661/613 1388/662/625 1406/681/625 1405/680/639
f 1388/662/625 1389/663/615 1407/682/640 1406/681/625
f 1389/663/615 1390/664/626 1408/683/626 1407/682/640
f 1390/664/626 1391/665/633 1409/684/633 1408/683/626
f 1391/665/633 1392/666/618 1410/685/618 1409/684/633
f 1392/666/618 1393/667/619 1411/686/641 1410/685/618
f 1393/667/619 1377/650/629 1395/669/629 1411/686/641
f 1395/669/629 1394/668/634 1412/687/642 1413/688/643
f 1394/668/634 1396/670/635 1414/689/644 1412/687/642
f 1396/670/635 1397/671/621 1415/690/645 1414/689/644
f 1397/671/621 1398/672/622 1416/691/646 1415/690/645
f 1398/674/622 1399/673/636 1417/692/647 1416/693/646
f 1399/673/636 1400/675/623 1418/694/648 1417/692/647
f 1400/675/623 1401/676/637 1419/695/649 1418/694/648
f 1401/676/637 1402/677/638 1420/696/650 1419/695/649
f 1402/677/638 1403/678/632 1421/697/651 1420/696/650
f 1403/678/632 1404/679/624 1422/698/652 1421/697/651
f 1404/679/624 1405/680/639 1423/699/653 1422/698/652
f 1405/680/639 1406/681/625 1424/700/654 1423/699/653
f 1406/681/625 1407/682/640 1425/701/655 1424/700/654
f 1407/682/640 1408/683/626 1426/702/656 1425/701/655
f 1408/683/626 1409/684/633 1427/703/657 1426/702/656
f 1409/684/633 1410/685/618 1428/704/658 1427/703/657
f 1410/685/618 1411/686/641 1429/705/659 1428/704/658
f 1411/686/641 1395/669/629 1413/688/643 1429/705/659
f 1430/706/660 1429/705/659 1413/688/643 1412/687/642
f 1430/706/660 1412/687/642 1414/689/644 1415/690/645
f 1430/706/660 1415/690/645 1416/691/646 1417/709/647
f 1430/706/660 1417/692/647 1418/694/648 1419/695/649
f 1430/706/660 1419/695/649 1420/696/650 1421/697/651
f 1430/706/660 1421/697/651 1422/698/652 1423/699/653
f 1430/706/660 1423/699/653 1424/700/654 1425/701/655
f 1430/706/660 1425/701/655 1426/702/656 1427/703/657
f 1430/706/660 1427/703/657 1428/704/658 1429/705/659
f 1431/591/583 1432/592/661 1433/593/662 1434/594/663
f 1431/591/583 1435/595/664 1436/596/665 1432/592/661
f 1431/591/583 1437/597/666 1438/598/590 1435/599/664
f 1431/591/583 1439/600/591 1440/601/592 1437/597/666
f 1431/591/583 1441/602/667 1442/603/668 1439/600/591
f 1431/591/583 1443/604/669 1444/605/670 1441/602/667
f 1431/591/583 1445/606/671 1446/607/672 1443/604/669
f 1431/591/583 1447/608/673 1448/609/674 1445/606/671
f 1431/591/583 1434/594/663 1449/610/675 1447/608/673
f 1434/594/663 1433/593/662 1450/611/628 1451/612/629
f 1433/593/662 1432/592/661 1452/613/604 1450/611/628
f 1432/592/661 1436/596/665 1453/614/605 1452/613/604
f 1436/596/665 1435/595/664 1454/615/622 1453/614/605
f 1435/599/664 1438/598/590 1455/616/607 1454/617/622
f 1438/598/590 1437/597/666 1456/618/608 1455/616/607
f 1437/597/666 1440/601/592 1457/619/609 1456/618/608
f 1440/601/592 1439/600/591 1458/620/638 1457/619/609
f 1439/600/591 1442/603/668 1459/621/611 1458/620/638
f 1442/603/668 1441/602/667 1460/622/624 1459/621/611
f 1441/602/667 1444/605/670 1461/623/676 1460/622/624
f 1444/605/670 1443/604/669 1462/624/677 1461/623/676
f 1443/604/669 1446/607/672 1463/625/615 1462/624/677
f 1446/607/672 1445/606/671 1464/626/678 1463/625/615
f 1445/606/671 1448/609/674 1465/627/633 1464/626/678
f 1448/609/674 1447/608/673 1466/628/618 1465/627/633
f 1447/608/673 1449/610/675 1467/629/679 1466/628/618
f 1449/610/675 1434/594/663 1451/612/629 1467/629/679
f 1451/612/629 1450/611/628 1468/630/628 1469/631/620
f 1450/611/628 1452/613/604 1470/632/635 1468/630/628
f 1452/613/604 1453/614/605 1471/633/630 1470/632/635
f 1453/614/605 1454/615/622 1472/634/622 1471/633/630
f 1454/617/622 1455/616/607 1473/635/607 1472/636/622
f 1455/616/607 1456/618/608 1474/637/623 1473/635/607
f 1456/618/608 1457/619/609 1475/638/609 1474/637/623
f 1457/619/609 1458/620/638 1476/639/610 1475/638/609
f 1458/620/638 1459/621/611 1477/640/611 1476/639/610
f 1459/621/611 1460/622/624 1478/641/624 1477/640/611
f 1460/622/624 1461/623/676 1479/642/676 1478/641/624
f 1461/623/676 1462/624/677 1480/643/614 1479/642/676
f 1462/624/677 1463/625/615 1481/644/680 1480/643/614
f 1463/625/615 1464/626/678 1482/645/616 1481/644/680
f 1464/626/678 1465/627/633 1483/646/633 1482/645/616
f 1465/627/633 1466/628/618 1484/647/681 1483/646/633
f 1466/628/618 1467/629/679 1485/648/679 1484/647/681
f 1467/629/679 1451/612/629 1469/631/620 1485/648/679
f 1469/631/620 1468/630/628 1486/649/628 1487/650/603
f 1468/630/628 1470/632/635 1488/651/635 1486/649/628
f 1470/632/635 1471/633/630 1489/652/630 1488/651/635
f 1471/633/630 1472/634/622 1490/653/622 1489/652/630
f 1472/636/622 1473/635/607 1491/654/607 1490/655/622
f 1473/635/607 1474/637/623 1492/656/608 1491/654/607
f 1474/637/623 1475/638/609 1493/657/609 1492/656/608
f 1475/638/609 1476/639/610 1494/658/682 1493/657/609
f 1476/639/610 1477/640/611 1495/659/632 1494/658/682
f 1477/640/611 1478/641/624 1496/660/612 1495/659/632
f 1478/641/624 1479/642/676 1497/661/613 1496/660/612
f 1479/642/676 1480/643/614 1498/662/614 1497/661/613
f 1480/643/614 1481/644/680 1499/663/680 1498/662/614
f 1481/644/680 1482/645/616 1500/664/626 1499/663/680
f 1482/645/616 1483/646/633 1501/665/627 1500/664/626
f 1483/646/633 1484/647/681 1502/666/618 1501/665/627
f 1484/647/681 1485/648/679 1503/667/641 1502/666/618
f 1485/648/679 1469/631/620 1487/650/603 1503/667/641
f 1487/650/603 1486/649/628 1504/668/628 1505/669/603
f 1486/649/628 1488/651/635 1506/670/635 1504/668/628
f 1488/651/635 1489/652/630 1507/671/630 1506/670/635
f 1489/652/630 1490/653/622 1508/672/606 1507/671/630
f 1490/655/622 1491/654/607 1509/673/607 1508/674/606
f 1491/654/607 1492/656/608 1510/675/683 1509/673/607
f 1492/656/608 1493/657/609 1511/676/684 1510/675/683
f 1493/657/609 1494/658/682 1512/677/682 1511/676/684
f 1494/658/682 1495/659/632 1513/678/632 1512/677/682
f 1495/659/632 1496/660/612 1514/679/624 1513/678/632
f 1496/660/612 1497/661/613 1515/680/613 1514/679/624
f 1497/661/613 1498/662/614 1516/681/625 1515/680/613
f 1498/662/614 1499/663/680 1517/682/615 1516/681/625
f 1499/663/680 1500/664/626 1518/683/626 1517/682/615
f 1500/664/626 1501/665/627 1519/684/627 1518/683/626
f 1501/665/627 1502/666/618 1520/685/618 1519/684/627
f 1502/666/618 1503/667/641 1521/686/641 1520/685/618
f 1503/667/641 1487/650/603 1505/669/603 1521/686/641
f 1505/669/603 1504/668/628 1522/687/642 1523/688/685
f 1504/668/628 1506/670/635 1524/689/686 1522/687/642
f 1506/670/635 1507/671/630 1525/690/687 1524/689/686
f 1507/671/630 1508/672/606 1526/691/688 1525/690/687
f 1508/674/606 1509/673/607 1527/692/689 1526/693/688
f 1509/673/607 1510/675/683 1528/694/690 1527/692/689
f 1510/675/683 1511/676/684 1529/695/691 1528/694/690
f 1511/676/684 1512/677/682 1530/696/692 1529/695/691
f 1512/677/682 1513/678/632 1531/697/693 1530/696/692
f 1513/678/632 1514/679/624 1532/698/694 1531/697/693
f 1514/679/624 1515/680/613 1533/699/695 1532/698/694
f 1515/680/613 1516/681/625 1534/700/696 1533/699/695
f 1516/681/625 1517/682/615 1535/701/697 1534/700/696
f 1517/682/615 1518/683/626 1536/702/698 1535/701/697
f 1518/683/626 1519/684/627 1537/703/699 1536/702/698
f 1519/684/627 1520/685/618 1538/704/700 1537/703/699
f 1520/685/618 1521/686/641 1539/705/701 1538/704/700
f 1521/686/641 1505/669/603 1523/688/685 1539/705/701
f 1540/706/702 1539/705/701 1523/688/685 1522/687/642
f 1540/706/702 1522/687/642 1524/689/686 1525/690/687
f 1540/706/702 1525/710/687 1526/693/688 1527/692/689
f 1540/706/702 1527/692/689 1528/694/690 1529/695/691
f 1540/706/702 1529/695/691 1530/696/692 1531/697/693
f 1540/706/702 1531/697/693 1532/698/694 1533/699/695
f 1540/706/702 1533/699/695 1534/700/696 1535/701/697
f 1540/706/702 1535/701/697 1536/702/698 1537/703/699
f 1540/706/702 1537/703/699 1538/704/700 1539/705/701
o Cylinder011
v -0.167269 1.061953 0.250372
v -0.177382 1.033215 0.283093
v -0.179674 1.046662 0.290511
v -0.180470 1.061953 0.293087
v -0.169561 1.017924 0.257789
v -0.173870 1.023234 0.271729
v -0.160669 1.023234 0.229014
v -0.164977 1.017924 0.242954
v -0.154864 1.046662 0.210233
v -0.157157 1.033215 0.217650
v -0.154864 1.077244 0.210233
v -0.154068 1.061953 0.207656
v -0.160669 1.100672 0.229014
v -0.157157 1.090691 0.217650
v -0.169561 1.105982 0.257789
v -0.164977 1.105982 0.242954
v -0.177382 1.090691 0.283093
v -0.173870 1.100672 0.271729
v -0.179674 1.077244 0.290511
v -0.164009 1.046662 0.295351
v -0.164805 1.061953 0.297928
v -0.161717 1.033215 0.287934
v -0.158205 1.023234 0.276570
v -0.153897 1.017924 0.262630
v -0.149312 1.017924 0.247795
v -0.145004 1.023234 0.233855
v -0.141492 1.033215 0.222491
v -0.139200 1.046662 0.215073
v -0.138404 1.061953 0.212498
v -0.139200 1.077244 0.215073
v -0.141492 1.090691 0.222491
v -0.145004 1.100672 0.233855
v -0.149312 1.105982 0.247795
v -0.153897 1.105982 0.262630
v -0.158205 1.100672 0.276570
v -0.161717 1.090691 0.287934
v -0.164009 1.077244 0.295351
v -0.148345 1.046662 0.300193
v -0.149141 1.061953 0.302769
v -0.146052 1.033215 0.292776
v -0.142540 1.023234 0.281411
v -0.138232 1.017924 0.267471
v -0.133648 1.017924 0.252636
v -0.129339 1.023234 0.238696
v -0.125827 1.033215 0.227332
v -0.123535 1.046662 0.219914
v -0.122739 1.061953 0.217338
v -0.123535 1.077244 0.219914
v -0.125827 1.090691 0.227332
v -0.129339 1.100672 0.238696
v -0.133648 1.105982 0.252636
v -0.138232 1.105982 0.267471
v -0.142540 1.100672 0.281411
v -0.146052 1.090691 0.292776
v -0.148345 1.077244 0.300193
v -0.132680 1.046662 0.305034
v -0.133476 1.061953 0.307609
v -0.130388 1.033215 0.297617
v -0.126876 1.023234 0.286253
v -0.122568 1.017924 0.272312
v -0.117983 1.017924 0.257478
v -0.113675 1.023234 0.243537
v -0.110163 1.033215 0.232173
v -0.107870 1.046662 0.224756
v -0.107074 1.061953 0.222179
v -0.107870 1.077244 0.224756
v -0.110163 1.090691 0.232173
v -0.113675 1.100672 0.243537
v -0.117983 1.105982 0.257478
v -0.122567 1.105982 0.272312
v -0.126876 1.100672 0.286253
v -0.130388 1.090691 0.297617
v -0.132680 1.077244 0.305034
v -0.117015 1.046662 0.309875
v -0.117811 1.061953 0.312451
v -0.114723 1.033215 0.302458
v -0.111211 1.023234 0.291094
v -0.106903 1.017924 0.277153
v -0.102318 1.017924 0.262318
v -0.098010 1.023234 0.248378
v -0.094498 1.033215 0.237014
v -0.092206 1.046662 0.229597
v -0.091410 1.061953 0.227021
v -0.092206 1.077244 0.229597
v -0.094498 1.090691 0.237014
v -0.098010 1.100672 0.248378
v -0.102318 1.105982 0.262318
v -0.106903 1.105982 0.277153
v -0.111211 1.100672 0.291094
v -0.114723 1.090691 0.302458
v -0.117015 1.077244 0.309875
v -0.101351 1.046662 0.314716
v -0.102147 1.061953 0.317292
v -0.099058 1.033215 0.307299
v -0.095546 1.023234 0.295935
v -0.091238 1.017924 0.281995
v -0.086654 1.017924 0.267159
v -0.082345 1.023234 0.253219
v -0.078834 1.033215 0.241855
v -0.076541 1.046662 0.234438
v -0.075745 1.061953 0.231862
v -0.076541 1.077244 0.234438
v -0.078834 1.090691 0.241855
v -0.082345 1.100672 0.253219
v -0.086654 1.105982 0.267159
v -0.091238 1.105982 0.281994
v -0.095546 1.100672 0.295935
v -0.099058 1.090691 0.307299
v -0.101351 1.077244 0.314716
v -0.088946 1.061953 0.274577
v -0.205666 1.061953 0.238505
v -0.217603 1.028030 0.277130
v -0.220309 1.043903 0.285887
v -0.221249 1.061953 0.288927
v -0.208372 1.009980 0.247261
v -0.213458 1.016249 0.263716
v -0.197875 1.016249 0.213294
v -0.202961 1.009980 0.229750
v -0.191024 1.043903 0.191124
v -0.193730 1.028030 0.199880
v -0.191024 1.080003 0.191124
v -0.190084 1.061953 0.188084
v -0.197875 1.107657 0.213294
v -0.193730 1.095876 0.199880
v -0.208372 1.113926 0.247261
v -0.202961 1.113926 0.229750
v -0.217603 1.095876 0.277130
v -0.213458 1.107657 0.263716
v -0.220309 1.080003 0.285887
v -0.212172 1.043903 0.288401
v -0.213112 1.061953 0.291441
v -0.209466 1.028030 0.279646
v -0.205320 1.016249 0.266231
v -0.200235 1.009980 0.249776
v -0.194823 1.009980 0.232264
v -0.189738 1.016249 0.215809
v -0.185592 1.028030 0.202395
v -0.182886 1.043903 0.193639
v -0.181947 1.061953 0.190598
v -0.182886 1.080003 0.193639
v -0.185592 1.095876 0.202395
v -0.189738 1.107657 0.215809
v -0.194823 1.113926 0.232264
v -0.200235 1.113926 0.249776
v -0.205320 1.107657 0.266231
v -0.209466 1.095876 0.279646
v -0.212172 1.080003 0.288401
v -0.204034 1.043903 0.290916
v -0.204974 1.061953 0.293957
v -0.201329 1.028030 0.282160
v -0.197183 1.016249 0.268745
v -0.192098 1.009980 0.252291
v -0.186686 1.009980 0.234779
v -0.181600 1.016249 0.218324
v -0.177455 1.028030 0.204910
v -0.174749 1.043903 0.196154
v -0.173809 1.061953 0.193113
v -0.174749 1.080003 0.196154
v -0.177455 1.095876 0.204910
v -0.181600 1.107657 0.218324
v -0.186686 1.113926 0.234779
v -0.192098 1.113926 0.252291
v -0.197183 1.107657 0.268745
v -0.201329 1.095876 0.282160
v -0.204034 1.080003 0.290916
v -0.195897 1.043903 0.293430
v -0.196837 1.061953 0.296471
v -0.193191 1.028030 0.284675
v -0.189046 1.016249 0.271260
v -0.183960 1.009980 0.254805
v -0.178548 1.009980 0.237294
v -0.173463 1.016249 0.220839
v -0.169317 1.028030 0.207424
v -0.166611 1.043903 0.198669
v -0.165672 1.061953 0.195628
v -0.166611 1.080003 0.198669
v -0.169317 1.095876 0.207424
v -0.173463 1.107657 0.220839
v -0.178548 1.113926 0.237294
v -0.183960 1.113926 0.254805
v -0.189046 1.107657 0.271260
v -0.193191 1.095876 0.284675
v -0.195897 1.080003 0.293430
v -0.187760 1.043903 0.295945
v -0.188699 1.061953 0.298986
v -0.185054 1.028030 0.287189
v -0.180908 1.016249 0.273775
v -0.175823 1.009980 0.257320
v -0.170411 1.009980 0.239809
v -0.165326 1.016249 0.223354
v -0.161180 1.028030 0.209939
v -0.158474 1.043903 0.201183
v -0.157534 1.061953 0.198142
v -0.158474 1.080003 0.201183
v -0.161180 1.095876 0.209939
v -0.165326 1.107657 0.223354
v -0.170411 1.113926 0.239809
v -0.175823 1.113926 0.257320
v -0.180908 1.107657 0.273775
v -0.185054 1.095876 0.287189
v -0.187760 1.080003 0.295945
v -0.179622 1.043903 0.298460
v -0.180562 1.061953 0.301501
v -0.176916 1.028030 0.289704
v -0.172771 1.016249 0.276290
v -0.167685 1.009980 0.259835
v -0.162274 1.009980 0.242323
v -0.157188 1.016249 0.225868
v -0.153043 1.028030 0.212454
v -0.150337 1.043903 0.203698
v -0.149397 1.061953 0.200658
v -0.150337 1.080003 0.203698
v -0.153043 1.095876 0.212454
v -0.157188 1.107657 0.225868
v -0.162274 1.113926 0.242323
v -0.167685 1.113926 0.259835
v -0.172771 1.107657 0.276290
v -0.176916 1.095876 0.289704
v -0.179622 1.080003 0.298460
v -0.164980 1.061953 0.251079
vn -0.9554 -0.0000 -0.2953
vn -0.8081 -0.4771 0.3455
vn -0.8461 -0.2539 0.4686
vn -0.8593 -0.0000 0.5114
vn -0.6782 -0.7311 -0.0747
vn -0.7498 -0.6429 0.1568
vn -0.5306 -0.6429 -0.5525
vn -0.6021 -0.7310 -0.3210
vn -0.4342 -0.2539 -0.8643
vn -0.4723 -0.4771 -0.7412
vn -0.4342 0.2539 -0.8643
vn -0.4210 -0.0000 -0.9071
vn -0.5306 0.6429 -0.5525
vn -0.4723 0.4771 -0.7412
vn -0.6782 0.7311 -0.0747
vn -0.6021 0.7310 -0.3210
vn -0.8081 0.4771 0.3455
vn -0.7498 0.6429 0.1568
vn -0.8461 0.2539 0.4686
vn -0.2775 -0.3420 0.8978
vn -0.2953 -0.0000 0.9554
vn -0.2262 -0.6428 0.7319
vn -0.1476 -0.8660 0.4777
vn -0.0513 -0.9848 0.1659
vn 0.0513 -0.9848 -0.1659
vn 0.1476 -0.8660 -0.4777
vn 0.2262 -0.6428 -0.7319
vn 0.2774 -0.3420 -0.8978
vn 0.2952 -0.0000 -0.9554
vn 0.2774 0.3420 -0.8978
vn 0.2262 0.6428 -0.7319
vn 0.1476 0.8660 -0.4777
vn 0.0513 0.9848 -0.1659
vn -0.0513 0.9848 0.1659
vn -0.1476 0.8660 0.4777
vn -0.2262 0.6428 0.7319
vn -0.2775 0.3420 0.8978
vn 0.2775 -0.3420 -0.8978
vn 0.2953 -0.0000 -0.9554
vn 0.2775 0.3420 -0.8978
vn 0.4342 -0.2539 0.8643
vn 0.4210 -0.0000 0.9071
vn 0.4723 -0.4771 0.7412
vn 0.5306 -0.6429 0.5524
vn 0.6021 -0.7310 0.3210
vn 0.6782 -0.7311 0.0747
vn 0.7498 -0.6429 -0.1568
vn 0.8081 -0.4772 -0.3455
vn 0.8461 -0.2539 -0.4686
vn 0.8593 -0.0000 -0.5114
vn 0.8461 0.2539 -0.4686
vn 0.8081 0.4772 -0.3455
vn 0.7498 0.6429 -0.1568
vn 0.6782 0.7311 0.0747
vn 0.6021 0.7310 0.3210
vn 0.5306 0.6429 0.5524
vn 0.4723 0.4771 0.7412
vn 0.4342 0.2539 0.8643
vn 0.9554 -0.0000 0.2953
vn -0.8081 -0.4772 0.3454
vn -0.8461 -0.2539 0.4687
vn -0.4723 -0.4772 -0.7411
vn -0.4723 0.4772 -0.7411
vn -0.8081 0.4772 0.3454
vn -0.8461 0.2539 0.4687
vn -0.2774 -0.3420 0.8978
vn -0.2774 0.3420 0.8978
vn -0.2952 -0.0000 0.9554
vn 0.4723 -0.4772 0.7411
vn 0.5306 -0.6429 0.5525
vn 0.8081 -0.4772 -0.3454
vn 0.8594 -0.0000 -0.5113
vn 0.8081 0.4772 -0.3454
vn 0.5306 0.6429 0.5525
vn 0.4723 0.4772 0.7411
vt 0.500000 0.000000
vt 0.861111 0.000000
vt 0.805556 0.000000
vt 0.750000 0.000000
vt 0.972222 0.000000
vt 0.916667 0.000000
vt 0.083333 0.000000
vt 0.027778 0.000000
vt -0.027778 0.000000
vt 0.194444 0.000000
vt 0.138889 0.000000
vt 0.305556 0.000000
vt 0.250000 0.000000
vt 0.416667 0.000000
vt 0.361111 0.000000
vt 0.527778 0.000000
vt 0.472222 0.000000
vt 0.638889 0.000000
vt 0.583333 0.000000
vt 0.694444 0.000000
vt 0.805556 0.200000
vt 0.750000 0.200000
vt 0.861111 0.200000
vt 0.916667 0.200000
vt 0.972222 0.200000
vt 0.027778 0.200000
vt -0.027778 0.200000
vt 0.083333 0.200000
vt 0.138889 0.200000
vt 0.194444 0.200000
vt 0.250000 0.200000
vt 0.305556 0.200000
vt 0.361111 0.200000
vt 0.416667 0.200000
vt 0.472222 0.200000
vt 0.527778 0.200000
vt 0.583333 0.200000
vt 0.638889 0.200000
vt 0.694444 0.200000
vt 0.805556 0.400000
vt 0.750000 0.400000
vt 0.861111 0.400000
vt 0.916667 0.400000
vt 0.972222 0.400000
vt 0.027778 0.400000
vt -0.027778 0.400000
vt 0.083333 0.400000
vt 0.138889 0.400000
vt 0.194444 0.400000
vt 0.250000 0.400000
vt 0.305556 0.400000
vt 0.361111 0.400000
vt 0.416667 0.400000
vt 0.472222 0.400000
vt 0.527778 0.400000
vt 0.583333 0.400000
vt 0.638889 0.400000
vt 0.694444 0.400000
vt 0.805556 0.600000
vt 0.750000 0.600000
vt 0.861111 0.600000
vt 0.916667 0.600000
vt 0.972222 0.600000
vt 0.027778 0.600000
vt -0.027778 0.600000
vt 0.083333 0.600000
vt 0.138889 0.600000
vt 0.194444 0.600000
vt 0.250000 0.600000
vt 0.305556 0.600000
vt 0.361111 0.600000
vt 0.416667 0.600000
vt 0.472222 0.600000
vt 0.527778 0.600000
vt 0.583333 0.600000
vt 0.638889 0.600000
vt 0.694444 0.600000
vt 0.805556 0.800000
vt 0.750000 0.800000
vt 0.861111 0.800000
vt 0.916667 0.800000
vt 0.972222 0.800000
vt 0.027778 0.800000
vt -0.027778 0.800000
vt 0.083333 0.800000
vt 0.138889 0.800000
vt 0.194444 0.800000
vt 0.250000 0.800000
vt 0.305556 0.800000
vt 0.361111 0.800000
vt 0.416667 0.800000
vt 0.472222 0.800000
vt 0.527778 0.800000
vt 0.583333 0.800000
vt 0.638889 0.800000
vt 0.694444 0.800000
vt 0.805556 1.000000
vt 0.750000 1.000000
vt 0.861111 1.000000
vt 0.916667 1.000000
vt 0.972222 1.000000
vt 0.027778 1.000000
vt -0.027778 1.000000
vt 0.083333 1.000000
vt 0.138889 1.000000
vt 0.194444 1.000000
vt 0.250000 1.000000
vt 0.305556 1.000000
vt 0.361111 1.000000
vt 0.416667 1.000000
vt 0.472222 1.000000
vt 0.527778 1.000000
vt 0.583333 1.000000
vt 0.638889 1.000000
vt 0.694444 1.000000
vt 0.500000 1.000000
vt 0.970821 1.000000
vt -0.019676 1.000000
s 1
usemtl wire_000000000
f 1541/711/703 1542/712/704 1543/713/705 1544/714/706
f 1541/711/703 1545/715/707 1546/716/708 1542/712/704
f 1541/711/703 1547/717/709 1548/718/710 1545/719/707
f 1541/711/703 1549/720/711 1550/721/712 1547/717/709
f 1541/711/703 1551/722/713 1552/723/714 1549/720/711
f 1541/711/703 1553/724/715 1554/725/716 1551/722/713
f 1541/711/703 1555/726/717 1556/727/718 1553/724/715
f 1541/711/703 1557/728/719 1558/729/720 1555/726/717
f 1541/711/703 1544/714/706 1559/730/721 1557/728/719
f 1544/714/706 1543/713/705 1560/731/722 1561/732/723
f 1543/713/705 1542/712/704 1562/733/724 1560/731/722
f 1542/712/704 1546/716/708 1563/734/725 1562/733/724
f 1546/716/708 1545/715/707 1564/735/726 1563/734/725
f 1545/719/707 1548/718/710 1565/736/727 1564/737/726
f 1548/718/710 1547/717/709 1566/738/728 1565/736/727
f 1547/717/709 1550/721/712 1567/739/729 1566/738/728
f 1550/721/712 1549/720/711 1568/740/730 1567/739/729
f 1549/720/711 1552/723/714 1569/741/731 1568/740/730
f 1552/723/714 1551/722/713 1570/742/732 1569/741/731
f 1551/722/713 1554/725/716 1571/743/733 1570/742/732
f 1554/725/716 1553/724/715 1572/744/734 1571/743/733
f 1553/724/715 1556/727/718 1573/745/735 1572/744/734
f 1556/727/718 1555/726/717 1574/746/736 1573/745/735
f 1555/726/717 1558/729/720 1575/747/737 1574/746/736
f 1558/729/720 1557/728/719 1576/748/738 1575/747/737
f 1557/728/719 1559/730/721 1577/749/739 1576/748/738
f 1559/730/721 1544/714/706 1561/732/723 1577/749/739
f 1561/732/723 1560/731/722 1578/750/722 1579/751/723
f 1560/731/722 1562/733/724 1580/752/724 1578/750/722
f 1562/733/724 1563/734/725 1581/753/725 1580/752/724
f 1563/734/725 1564/735/726 1582/754/726 1581/753/725
f 1564/737/726 1565/736/727 1583/755/727 1582/756/726
f 1565/736/727 1566/738/728 1584/757/728 1583/755/727
f 1566/738/728 1567/739/729 1585/758/729 1584/757/728
f 1567/739/729 1568/740/730 1586/759/740 1585/758/729
f 1568/740/730 1569/741/731 1587/760/741 1586/759/740
f 1569/741/731 1570/742/732 1588/761/742 1587/760/741
f 1570/742/732 1571/743/733 1589/762/733 1588/761/742
f 1571/743/733 1572/744/734 1590/763/734 1589/762/733
f 1572/744/734 1573/745/735 1591/764/735 1590/763/734
f 1573/745/735 1574/746/736 1592/765/736 1591/764/735
f 1574/746/736 1575/747/737 1593/766/737 1592/765/736
f 1575/747/737 1576/748/738 1594/767/738 1593/766/737
f 1576/748/738 1577/749/739 1595/768/739 1594/767/738
f 1577/749/739 1561/732/723 1579/751/723 1595/768/739
f 1579/751/723 1578/750/722 1596/769/722 1597/770/723
f 1578/750/722 1580/752/724 1598/771/724 1596/769/722
f 1580/752/724 1581/753/725 1599/772/725 1598/771/724
f 1581/753/725 1582/754/726 1600/773/726 1599/772/725
f 1582/756/726 1583/755/727 1601/774/727 1600/775/726
f 1583/755/727 1584/757/728 1602/776/728 1601/774/727
f 1584/757/728 1585/758/729 1603/777/729 1602/776/728
f 1585/758/729 1586/759/740 1604/778/740 1603/777/729
f 1586/759/740 1587/760/741 1605/779/741 1604/778/740
f 1587/760/741 1588/761/742 1606/780/742 1605/779/741
f 1588/761/742 1589/762/733 1607/781/733 1606/780/742
f 1589/762/733 1590/763/734 1608/782/734 1607/781/733
f 1590/763/734 1591/764/735 1609/783/735 1608/782/734
f 1591/764/735 1592/765/736 1610/784/736 1609/783/735
f 1592/765/736 1593/766/737 1611/785/737 1610/784/736
f 1593/766/737 1594/767/738 1612/786/738 1611/785/737
f 1594/767/738 1595/768/739 1613/787/739 1612/786/738
f 1595/768/739 1579/751/723 1597/770/723 1613/787/739
f 1597/770/723 1596/769/722 1614/788/722 1615/789/723
f 1596/769/722 1598/771/724 1616/790/724 1614/788/722
f 1598/771/724 1599/772/725 1617/791/725 1616/790/724
f 1599/772/725 1600/773/726 1618/792/726 1617/791/725
f 1600/775/726 1601/774/727 1619/793/727 1618/794/726
f 1601/774/727 1602/776/728 1620/795/728 1619/793/727
f 1602/776/728 1603/777/729 1621/796/729 1620/795/728
f 1603/777/729 1604/778/740 1622/797/740 1621/796/729
f 1604/778/740 1605/779/741 1623/798/741 1622/797/740
f 1605/779/741 1606/780/742 1624/799/742 1623/798/741
f 1606/780/742 1607/781/733 1625/800/733 1624/799/742
f 1607/781/733 1608/782/734 1626/801/734 1625/800/733
f 1608/782/734 1609/783/735 1627/802/735 1626/801/734
f 1609/783/735 1610/784/736 1628/803/736 1627/802/735
f 1610/784/736 1611/785/737 1629/804/737 1628/803/736
f 1611/785/737 1612/786/738 1630/805/738 1629/804/737
f 1612/786/738 1613/787/739 1631/806/739 1630/805/738
f 1613/787/739 1597/770/723 1615/789/723 1631/806/739
f 1615/789/723 1614/788/722 1632/807/743 1633/808/744
f 1614/788/722 1616/790/724 1634/809/745 1632/807/743
f 1616/790/724 1617/791/725 1635/810/746 1634/809/745
f 1617/791/725 1618/792/726 1636/811/747 1635/810/746
f 1618/794/726 1619/793/727 1637/812/748 1636/813/747
f 1619/793/727 1620/795/728 1638/814/749 1637/812/748
f 1620/795/728 1621/796/729 1639/815/750 1638/814/749
f 1621/796/729 1622/797/740 1640/816/751 1639/815/750
f 1622/797/740 1623/798/741 1641/817/752 1640/816/751
f 1623/798/741 1624/799/742 1642/818/753 1641/817/752
f 1624/799/742 1625/800/733 1643/819/754 1642/818/753
f 1625/800/733 1626/801/734 1644/820/755 1643/819/754
f 1626/801/734 1627/802/735 1645/821/756 1644/820/755
f 1627/802/735 1628/803/736 1646/822/757 1645/821/756
f 1628/803/736 1629/804/737 1647/823/758 1646/822/757
f 1629/804/737 1630/805/738 1648/824/759 1647/823/758
f 1630/805/738 1631/806/739 1649/825/760 1648/824/759
f 1631/806/739 1615/789/723 1633/808/744 1649/825/760
f 1650/826/761 1649/825/760 1633/808/744 1632/807/743
f 1650/826/761 1632/807/743 1634/809/745 1635/810/746
f 1650/826/761 1635/810/746 1636/811/747 1637/827/748
f 1650/826/761 1637/812/748 1638/814/749 1639/815/750
f 1650/826/761 1639/815/750 1640/816/751 1641/817/752
f 1650/826/761 1641/817/752 1642/818/753 1643/819/754
f 1650/826/761 1643/819/754 1644/820/755 1645/821/756
f 1650/826/761 1645/821/756 1646/822/757 1647/823/758
f 1650/826/761 1647/823/758 1648/824/759 1649/825/760
f 1651/711/703 1652/712/762 1653/713/763 1654/714/706
f 1651/711/703 1655/715/707 1656/716/708 1652/712/762
f 1651/711/703 1657/717/709 1658/718/710 1655/719/707
f 1651/711/703 1659/720/711 1660/721/764 1657/717/709
f 1651/711/703 1661/722/713 1662/723/714 1659/720/711
f 1651/711/703 1663/724/715 1664/725/765 1661/722/713
f 1651/711/703 1665/726/717 1666/727/718 1663/724/715
f 1651/711/703 1667/728/766 1668/729/720 1665/726/717
f 1651/711/703 1654/714/706 1669/730/767 1667/728/766
f 1654/714/706 1653/713/763 1670/731/722 1671/732/723
f 1653/713/763 1652/712/762 1672/733/724 1670/731/722
f 1652/712/762 1656/716/708 1673/734/725 1672/733/724
f 1656/716/708 1655/715/707 1674/735/726 1673/734/725
f 1655/719/707 1658/718/710 1675/736/727 1674/737/726
f 1658/718/710 1657/717/709 1676/738/728 1675/736/727
f 1657/717/709 1660/721/764 1677/739/729 1676/738/728
f 1660/721/764 1659/720/711 1678/740/740 1677/739/729
f 1659/720/711 1662/723/714 1679/741/741 1678/740/740
f 1662/723/714 1661/722/713 1680/742/742 1679/741/741
f 1661/722/713 1664/725/765 1681/743/733 1680/742/742
f 1664/725/765 1663/724/715 1682/744/734 1681/743/733
f 1663/724/715 1666/727/718 1683/745/735 1682/744/734
f 1666/727/718 1665/726/717 1684/746/736 1683/745/735
f 1665/726/717 1668/729/720 1685/747/737 1684/746/736
f 1668/729/720 1667/728/766 1686/748/738 1685/747/737
f 1667/728/766 1669/730/767 1687/749/739 1686/748/738
f 1669/730/767 1654/714/706 1671/732/723 1687/749/739
f 1671/732/723 1670/731/722 1688/750/768 1689/751/723
f 1670/731/722 1672/733/724 1690/752/724 1688/750/768
f 1672/733/724 1673/734/725 1691/753/725 1690/752/724
f 1673/734/725 1674/735/726 1692/754/726 1691/753/725
f 1674/737/726 1675/736/727 1693/755/727 1692/756/726
f 1675/736/727 1676/738/728 1694/757/728 1693/755/727
f 1676/738/728 1677/739/729 1695/758/729 1694/757/728
f 1677/739/729 1678/740/740 1696/759/740 1695/758/729
f 1678/740/740 1679/741/741 1697/760/741 1696/759/740
f 1679/741/741 1680/742/742 1698/761/742 1697/760/741
f 1680/742/742 1681/743/733 1699/762/733 1698/761/742
f 1681/743/733 1682/744/734 1700/763/734 1699/762/733
f 1682/744/734 1683/745/735 1701/764/735 1700/763/734
f 1683/745/735 1684/746/736 1702/765/736 1701/764/735
f 1684/746/736 1685/747/737 1703/766/737 1702/765/736
f 1685/747/737 1686/748/738 1704/767/738 1703/766/737
f 1686/748/738 1687/749/739 1705/768/769 1704/767/738
f 1687/749/739 1671/732/723 1689/751/723 1705/768/769
f 1689/751/723 1688/750/768 1706/769/768 1707/770/770
f 1688/750/768 1690/752/724 1708/771/724 1706/769/768
f 1690/752/724 1691/753/725 1709/772/725 1708/771/724
f 1691/753/725 1692/754/726 1710/773/726 1709/772/725
f 1692/756/726 1693/755/727 1711/774/727 1710/775/726
f 1693/755/727 1694/757/728 1712/776/728 1711/774/727
f 1694/757/728 1695/758/729 1713/777/729 1712/776/728
f 1695/758/729 1696/759/740 1714/778/730 1713/777/729
f 1696/759/740 1697/760/741 1715/779/731 1714/778/730
f 1697/760/741 1698/761/742 1716/780/732 1715/779/731
f 1698/761/742 1699/762/733 1717/781/733 1716/780/732
f 1699/762/733 1700/763/734 1718/782/734 1717/781/733
f 1700/763/734 1701/764/735 1719/783/735 1718/782/734
f 1701/764/735 1702/765/736 1720/784/736 1719/783/735
f 1702/765/736 1703/766/737 1721/785/737 1720/784/736
f 1703/766/737 1704/767/738 1722/786/738 1721/785/737
f 1704/767/738 1705/768/769 1723/787/769 1722/786/738
f 1705/768/769 1689/751/723 1707/770/770 1723/787/769
f 1707/770/770 1706/769/768 1724/788/722 1725/789/723
f 1706/769/768 1708/771/724 1726/790/724 1724/788/722
f 1708/771/724 1709/772/725 1727/791/725 1726/790/724
f 1709/772/725 1710/773/726 1728/792/726 1727/791/725
f 1710/775/726 1711/774/727 1729/793/727 1728/794/726
f 1711/774/727 1712/776/728 1730/795/728 1729/793/727
f 1712/776/728 1713/777/729 1731/796/729 1730/795/728
f 1713/777/729 1714/778/730 1732/797/740 1731/796/729
f 1714/778/730 1715/779/731 1733/798/741 1732/797/740
f 1715/779/731 1716/780/732 1734/799/742 1733/798/741
f 1716/780/732 1717/781/733 1735/800/733 1734/799/742
f 1717/781/733 1718/782/734 1736/801/734 1735/800/733
f 1718/782/734 1719/783/735 1737/802/735 1736/801/734
f 1719/783/735 1720/784/736 1738/803/736 1737/802/735
f 1720/784/736 1721/785/737 1739/804/737 1738/803/736
f 1721/785/737 1722/786/738 1740/805/738 1739/804/737
f 1722/786/738 1723/787/769 1741/806/739 1740/805/738
f 1723/787/769 1707/770/770 1725/789/723 1741/806/739
f 1725/789/723 1724/788/722 1742/807/743 1743/808/744
f 1724/788/722 1726/790/724 1744/809/771 1742/807/743
f 1726/790/724 1727/791/725 1745/810/772 1744/809/771
f 1727/791/725 1728/792/726 1746/811/747 1745/810/772
f 1728/794/726 1729/793/727 1747/812/748 1746/813/747
f 1729/793/727 1730/795/728 1748/814/749 1747/812/748
f 1730/795/728 1731/796/729 1749/815/773 1748/814/749
f 1731/796/729 1732/797/740 1750/816/751 1749/815/773
f 1732/797/740 1733/798/741 1751/817/774 1750/816/751
f 1733/798/741 1734/799/742 1752/818/753 1751/817/774
f 1734/799/742 1735/800/733 1753/819/775 1752/818/753
f 1735/800/733 1736/801/734 1754/820/755 1753/819/775
f 1736/801/734 1737/802/735 1755/821/756 1754/820/755
f 1737/802/735 1738/803/736 1756/822/757 1755/821/756
f 1738/803/736 1739/804/737 1757/823/776 1756/822/757
f 1739/804/737 1740/805/738 1758/824/777 1757/823/776
f 1740/805/738 1741/806/739 1759/825/760 1758/824/777
f 1741/806/739 1725/789/723 1743/808/744 1759/825/760
f 1760/826/761 1759/825/760 1743/808/744 1742/807/743
f 1760/826/761 1742/807/743 1744/809/771 1745/810/772
f 1760/826/761 1745/828/772 1746/813/747 1747/812/748
f 1760/826/761 1747/812/748 1748/814/749 1749/815/773
f 1760/826/761 1749/815/773 1750/816/751 1751/817/774
f 1760/826/761 1751/817/774 1752/818/753 1753/819/775
f 1760/826/761 1753/819/775 1754/820/755 1755/821/756
f 1760/826/761 1755/821/756 1756/822/757 1757/823/776
f 1760/826/761 1757/823/776 1758/824/777 1759/825/760
o Cylinder012
v -0.309833 1.103488 0.736575
v -0.342728 1.132935 0.723712
v -0.350713 1.119156 0.722506
v -0.353768 1.103488 0.722997
v -0.316296 1.148603 0.730446
v -0.330775 1.143161 0.726469
v -0.286840 1.143161 0.740047
v -0.301038 1.148603 0.735162
v -0.268142 1.119156 0.748024
v -0.275416 1.132935 0.744514
v -0.268952 1.087820 0.750643
v -0.265897 1.103488 0.750152
v -0.288890 1.063815 0.746680
v -0.276937 1.074042 0.749437
v -0.318627 1.058374 0.737987
v -0.303369 1.058374 0.742703
v -0.344250 1.074042 0.728635
v -0.332825 1.063815 0.733102
v -0.351523 1.087820 0.725125
v -0.321815 1.110594 0.628997
v -0.324869 1.094926 0.629488
v -0.313830 1.124372 0.630203
v -0.301877 1.134599 0.632961
v -0.287398 1.140040 0.636937
v -0.272140 1.140040 0.641653
v -0.257942 1.134599 0.646539
v -0.246517 1.124372 0.651006
v -0.239244 1.110594 0.654515
v -0.236999 1.094926 0.656644
v -0.240053 1.079257 0.657134
v -0.248039 1.065479 0.655928
v -0.259992 1.055253 0.653171
v -0.274470 1.049811 0.649195
v -0.289729 1.049811 0.644479
v -0.303927 1.055253 0.639593
v -0.315351 1.065479 0.635126
v -0.322625 1.079257 0.631616
v -0.292917 1.102031 0.535488
v -0.295971 1.086363 0.535979
v -0.284932 1.115809 0.536694
v -0.272979 1.126036 0.539451
v -0.258500 1.131477 0.543428
v -0.243241 1.131477 0.548144
v -0.229043 1.126036 0.553030
v -0.217619 1.115809 0.557497
v -0.210346 1.102031 0.561006
v -0.208101 1.086363 0.563135
v -0.211155 1.070695 0.563625
v -0.219140 1.056917 0.562420
v -0.231093 1.046690 0.559662
v -0.245572 1.041248 0.555685
v -0.260831 1.041248 0.550970
v -0.275028 1.046690 0.546084
v -0.286453 1.056916 0.541617
v -0.293726 1.070695 0.538107
v -0.264018 1.093468 0.441979
v -0.267073 1.077800 0.442470
v -0.256033 1.107247 0.443186
v -0.244080 1.117473 0.445943
v -0.229601 1.122915 0.449919
v -0.214343 1.122915 0.454635
v -0.200145 1.117473 0.459521
v -0.188721 1.107247 0.463988
v -0.181447 1.093468 0.467497
v -0.179202 1.077800 0.469626
v -0.182257 1.062132 0.470116
v -0.190242 1.048354 0.468911
v -0.202195 1.038127 0.466153
v -0.216674 1.032686 0.462177
v -0.231932 1.032686 0.457462
v -0.246130 1.038127 0.452575
v -0.257555 1.048354 0.448108
v -0.264828 1.062132 0.444599
v -0.235120 1.084906 0.348471
v -0.238174 1.069237 0.348961
v -0.227135 1.098684 0.349676
v -0.215182 1.108911 0.352434
v -0.200703 1.114352 0.356410
v -0.185445 1.114352 0.361126
v -0.171247 1.108911 0.366012
v -0.159822 1.098684 0.370479
v -0.152549 1.084906 0.373988
v -0.150304 1.069237 0.376117
v -0.153358 1.053569 0.376608
v -0.161344 1.039791 0.375402
v -0.173296 1.029564 0.372644
v -0.187775 1.024123 0.368667
v -0.203034 1.024123 0.363952
v -0.217232 1.029564 0.359066
v -0.228656 1.039791 0.354599
v -0.235930 1.053569 0.351089
v -0.206222 1.076343 0.254961
v -0.209276 1.060675 0.255453
v -0.198237 1.090121 0.256168
v -0.186284 1.100348 0.258925
v -0.171805 1.105789 0.262901
v -0.156546 1.105789 0.267617
v -0.142348 1.100348 0.272503
v -0.130924 1.090121 0.276970
v -0.123651 1.076343 0.280479
v -0.121406 1.060675 0.282608
v -0.124460 1.045007 0.283100
v -0.132445 1.031228 0.281893
v -0.144398 1.021002 0.279135
v -0.158877 1.015560 0.275160
v -0.174136 1.015560 0.270444
v -0.188333 1.021002 0.265558
v -0.199758 1.031228 0.261090
v -0.207031 1.045007 0.257582
v -0.165341 1.060675 0.269030
vn -0.2941 0.0872 0.9518
vn -0.7281 0.5337 0.4301
vn -0.8570 0.3113 0.4106
vn -0.9063 0.0584 0.4185
vn -0.3014 0.7867 0.5388
vn -0.5352 0.6988 0.4746
vn 0.1741 0.6988 0.6938
vn -0.0551 0.7867 0.6149
vn 0.4759 0.3113 0.8225
vn 0.3585 0.5338 0.7659
vn 0.4628 -0.1945 0.8648
vn 0.5122 0.0584 0.8569
vn 0.1410 -0.5820 0.8008
vn 0.3339 -0.4169 0.8454
vn -0.3391 -0.6699 0.6605
vn -0.0928 -0.6699 0.7367
vn -0.7527 -0.4170 0.5096
vn -0.5682 -0.5820 0.5817
vn -0.8701 -0.1945 0.4529
vn -0.8890 0.3407 -0.3059
vn -0.9554 -0.0000 -0.2953
vn -0.7154 0.6403 -0.2797
vn -0.4554 0.8627 -0.2197
vn -0.1406 0.9811 -0.1333
vn 0.1912 0.9811 -0.0307
vn 0.5000 0.8627 0.0755
vn 0.7484 0.6403 0.1727
vn 0.9066 0.3407 0.2490
vn 0.9554 -0.0000 0.2953
vn 0.8890 -0.3407 0.3059
vn 0.7153 -0.6404 0.2797
vn 0.4554 -0.8627 0.2197
vn 0.1406 -0.9811 0.1333
vn -0.1913 -0.9811 0.0307
vn -0.5000 -0.8627 -0.0755
vn -0.7484 -0.6404 -0.1727
vn -0.9066 -0.3407 -0.2490
vn 0.7153 -0.6403 0.2797
vn -0.7484 -0.6403 -0.1727
vn 0.7154 -0.6403 0.2797
vn -0.1912 -0.9811 0.0307
vn -0.4628 0.1945 -0.8648
vn -0.5122 -0.0584 -0.8569
vn -0.3340 0.4170 -0.8454
vn -0.1410 0.5820 -0.8008
vn 0.0928 0.6699 -0.7367
vn 0.3390 0.6699 -0.6605
vn 0.5682 0.5820 -0.5817
vn 0.7527 0.4169 -0.5096
vn 0.8701 0.1945 -0.4529
vn 0.9063 -0.0584 -0.4186
vn 0.8570 -0.3113 -0.4106
vn 0.7281 -0.5338 -0.4301
vn 0.5351 -0.6988 -0.4746
vn 0.3014 -0.7867 -0.5388
vn 0.0551 -0.7867 -0.6149
vn -0.1741 -0.6988 -0.6938
vn -0.3585 -0.5337 -0.7659
vn -0.4759 -0.3113 -0.8225
vn 0.2941 -0.0872 -0.9518
vt 0.500000 0.000000
vt 0.861111 0.000000
vt 0.805556 0.000000
vt 0.750000 0.000000
vt 0.972222 0.000000
vt 0.916667 0.000000
vt 0.083333 0.000000
vt 0.027778 0.000000
vt -0.027778 0.000000
vt 0.194444 0.000000
vt 0.138889 0.000000
vt 0.305556 0.000000
vt 0.250000 0.000000
vt 0.416667 0.000000
vt 0.361111 0.000000
vt 0.527778 0.000000
vt 0.472222 0.000000
vt 0.638889 0.000000
vt 0.583333 0.000000
vt 0.694444 0.000000
vt 0.805556 0.200000
vt 0.750000 0.200000
vt 0.861111 0.200000
vt 0.916667 0.200000
vt 0.972222 0.200000
vt 0.027778 0.200000
vt -0.027778 0.200000
vt 0.083333 0.200000
vt 0.138889 0.200000
vt 0.194444 0.200000
vt 0.250000 0.200000
vt 0.305556 0.200000
vt 0.361111 0.200000
vt 0.416667 0.200000
vt 0.472222 0.200000
vt 0.527778 0.200000
vt 0.583333 0.200000
vt 0.638889 0.200000
vt 0.694444 0.200000
vt 0.805556 0.400000
vt 0.750000 0.400000
vt 0.861111 0.400000
vt 0.916667 0.400000
vt 0.972222 0.400000
vt 0.027778 0.400000
vt -0.027778 0.400000
vt 0.083333 0.400000
vt 0.138889 0.400000
vt 0.194444 0.400000
vt 0.250000 0.400000
vt 0.305556 0.400000
vt 0.361111 0.400000
vt 0.416667 0.400000
vt 0.472222 0.400000
vt 0.527778 0.400000
vt 0.583333 0.400000
vt 0.638889 0.400000
vt 0.694444 0.400000
vt 0.805556 0.600000
vt 0.750000 0.600000
vt 0.861111 0.600000
vt 0.916667 0.600000
vt 0.972222 0.600000
vt 0.027778 0.600000
vt -0.027778 0.600000
vt 0.083333 0.600000
vt 0.138889 0.600000
vt 0.194444 0.600000
vt 0.250000 0.600000
vt 0.305556 0.600000
vt 0.361111 0.600000
vt 0.416667 0.600000
vt 0.472222 0.600000
vt 0.527778 0.600000
vt 0.583333 0.600000
vt 0.638889 0.600000
vt 0.694444 0.600000
vt 0.805556 0.800000
vt 0.750000 0.800000
vt 0.861111 0.800000
vt 0.916667 0.800000
vt 0.972222 0.800000
vt 0.027778 0.800000
vt -0.027778 0.800000
vt 0.083333 0.800000
vt 0.138889 0.800000
vt 0.194444 0.800000
vt 0.250000 0.800000
vt 0.305556 0.800000
vt 0.361111 0.800000
vt 0.416667 0.800000
vt 0.472222 0.800000
vt 0.527778 0.800000
vt 0.583333 0.800000
vt 0.638889 0.800000
vt 0.694444 0.800000
vt 0.805556 1.000000
vt 0.750000 1.000000
vt 0.861111 1.000000
vt 0.916667 1.000000
vt 0.972222 1.000000
vt 0.027778 1.000000
vt -0.027778 1.000000
vt 0.083333 1.000000
vt 0.138889 1.000000
vt 0.194444 1.000000
vt 0.250000 1.000000
vt 0.305556 1.000000
vt 0.361111 1.000000
vt 0.416667 1.000000
vt 0.472222 1.000000
vt 0.527778 1.000000
vt 0.583333 1.000000
vt 0.638889 1.000000
vt 0.694444 1.000000
vt 0.500000 1.000000
vt 0.970821 1.000000
s 1
usemtl wire_000000000
f 1761/829/778 1762/830/779 1763/831/780 1764/832/781
f 1761/829/778 1765/833/782 1766/834/783 1762/830/779
f 1761/829/778 1767/835/784 1768/836/785 1765/837/782
f 1761/829/778 1769/838/786 1770/839/787 1767/835/784
f 1761/829/778 1771/840/788 1772/841/789 1769/838/786
f 1761/829/778 1773/842/790 1774/843/791 1771/840/788
f 1761/829/778 1775/844/792 1776/845/793 1773/842/790
f 1761/829/778 1777/846/794 1778/847/795 1775/844/792
f 1761/829/778 1764/832/781 1779/848/796 1777/846/794
f 1764/832/781 1763/831/780 1780/849/797 1781/850/798
f 1763/831/780 1762/830/779 1782/851/799 1780/849/797
f 1762/830/779 1766/834/783 1783/852/800 1782/851/799
f 1766/834/783 1765/833/782 1784/853/801 1783/852/800
f 1765/837/782 1768/836/785 1785/854/802 1784/855/801
f 1768/836/785 1767/835/784 1786/856/803 1785/854/802
f 1767/835/784 1770/839/787 1787/857/804 1786/856/803
f 1770/839/787 1769/838/786 1788/858/805 1787/857/804
f 1769/838/786 1772/841/789 1789/859/806 1788/858/805
f 1772/841/789 1771/840/788 1790/860/807 1789/859/806
f 1771/840/788 1774/843/791 1791/861/808 1790/860/807
f 1774/843/791 1773/842/790 1792/862/809 1791/861/808
f 1773/842/790 1776/845/793 1793/863/810 1792/862/809
f 1776/845/793 1775/844/792 1794/864/811 1793/863/810
f 1775/844/792 1778/847/795 1795/865/812 1794/864/811
f 1778/847/795 1777/846/794 1796/866/813 1795/865/812
f 1777/846/794 1779/848/796 1797/867/814 1796/866/813
f 1779/848/796 1764/832/781 1781/850/798 1797/867/814
f 1781/850/798 1780/849/797 1798/868/797 1799/869/798
f 1780/849/797 1782/851/799 1800/870/799 1798/868/797
f 1782/851/799 1783/852/800 1801/871/800 1800/870/799
f 1783/852/800 1784/853/801 1802/872/801 1801/871/800
f 1784/855/801 1785/854/802 1803/873/802 1802/874/801
f 1785/854/802 1786/856/803 1804/875/803 1803/873/802
f 1786/856/803 1787/857/804 1805/876/804 1804/875/803
f 1787/857/804 1788/858/805 1806/877/805 1805/876/804
f 1788/858/805 1789/859/806 1807/878/806 1806/877/805
f 1789/859/806 1790/860/807 1808/879/807 1807/878/806
f 1790/860/807 1791/861/808 1809/880/815 1808/879/807
f 1791/861/808 1792/862/809 1810/881/809 1809/880/815
f 1792/862/809 1793/863/810 1811/882/810 1810/881/809
f 1793/863/810 1794/864/811 1812/883/811 1811/882/810
f 1794/864/811 1795/865/812 1813/884/812 1812/883/811
f 1795/865/812 1796/866/813 1814/885/816 1813/884/812
f 1796/866/813 1797/867/814 1815/886/814 1814/885/816
f 1797/867/814 1781/850/798 1799/869/798 1815/886/814
f 1799/869/798 1798/868/797 1816/887/797 1817/888/798
f 1798/868/797 1800/870/799 1818/889/799 1816/887/797
f 1800/870/799 1801/871/800 1819/890/800 1818/889/799
f 1801/871/800 1802/872/801 1820/891/801 1819/890/800
f 1802/874/801 1803/873/802 1821/892/802 1820/893/801
f 1803/873/802 1804/875/803 1822/894/803 1821/892/802
f 1804/875/803 1805/876/804 1823/895/804 1822/894/803
f 1805/876/804 1806/877/805 1824/896/805 1823/895/804
f 1806/877/805 1807/878/806 1825/897/806 1824/896/805
f 1807/878/806 1808/879/807 1826/898/807 1825/897/806
f 1808/879/807 1809/880/815 1827/899/817 1826/898/807
f 1809/880/815 1810/881/809 1828/900/809 1827/899/817
f 1810/881/809 1811/882/810 1829/901/810 1828/900/809
f 1811/882/810 1812/883/811 1830/902/818 1829/901/810
f 1812/883/811 1813/884/812 1831/903/812 1830/902/818
f 1813/884/812 1814/885/816 1832/904/816 1831/903/812
f 1814/885/816 1815/886/814 1833/905/814 1832/904/816
f 1815/886/814 1799/869/798 1817/888/798 1833/905/814
f 1817/888/798 1816/887/797 1834/906/797 1835/907/798
f 1816/887/797 1818/889/799 1836/908/799 1834/906/797
f 1818/889/799 1819/890/800 1837/909/800 1836/908/799
f 1819/890/800 1820/891/801 1838/910/801 1837/909/800
f 1820/893/801 1821/892/802 1839/911/802 1838/912/801
f 1821/892/802 1822/894/803 1840/913/803 1839/911/802
f 1822/894/803 1823/895/804 1841/914/804 1840/913/803
f 1823/895/804 1824/896/805 1842/915/805 1841/914/804
f 1824/896/805 1825/897/806 1843/916/806 1842/915/805
f 1825/897/806 1826/898/807 1844/917/807 1843/916/806
f 1826/898/807 1827/899/817 1845/918/815 1844/917/807
f 1827/899/817 1828/900/809 1846/919/809 1845/918/815
f 1828/900/809 1829/901/810 1847/920/810 1846/919/809
f 1829/901/810 1830/902/818 1848/921/818 1847/920/810
f 1830/902/818 1831/903/812 1849/922/812 1848/921/818
f 1831/903/812 1832/904/816 1850/923/816 1849/922/812
f 1832/904/816 1833/905/814 1851/924/814 1850/923/816
f 1833/905/814 1817/888/798 1835/907/798 1851/924/814
f 1835/907/798 1834/906/797 1852/925/819 1853/926/820
f 1834/906/797 1836/908/799 1854/927/821 1852/925/819
f 1836/908/799 1837/909/800 1855/928/822 1854/927/821
f 1837/909/800 1838/910/801 1856/929/823 1855/928/822
f 1838/912/801 1839/911/802 1857/930/824 1856/931/823
f 1839/911/802 1840/913/803 1858/932/825 1857/930/824
f 1840/913/803 1841/914/804 1859/933/826 1858/932/825
f 1841/914/804 1842/915/805 1860/934/827 1859/933/826
f 1842/915/805 1843/916/806 1861/935/828 1860/934/827
f 1843/916/806 1844/917/807 1862/936/829 1861/935/828
f 1844/917/807 1845/918/815 1863/937/830 1862/936/829
f 1845/918/815 1846/919/809 1864/938/831 1863/937/830
f 1846/919/809 1847/920/810 1865/939/832 1864/938/831
f 1847/920/810 1848/921/818 1866/940/833 1865/939/832
f 1848/921/818 1849/922/812 1867/941/834 1866/940/833
f 1849/922/812 1850/923/816 1868/942/835 1867/941/834
f 1850/923/816 1851/924/814 1869/943/836 1868/942/835
f 1851/924/814 1835/907/798 1853/926/820 1869/943/836
f 1870/944/837 1869/943/836 1853/926/820 1852/925/819
f 1870/944/837 1852/925/819 1854/927/821 1855/928/822
f 1870/944/837 1855/928/822 1856/929/823 1857/945/824
f 1870/944/837 1857/930/824 1858/932/825 1859/933/826
f 1870/944/837 1859/933/826 1860/934/827 1861/935/828
f 1870/944/837 1861/935/828 1862/936/829 1863/937/830
f 1870/944/837 1863/937/830 1864/938/831 1865/939/832
f 1870/944/837 1865/939/832 1866/940/833 1867/941/834
f 1870/944/837 1867/941/834 1868/942/835 1869/943/836
o Cylinder013
v -0.014697 0.168141 0.061970
v -0.018631 0.179323 0.074702
v -0.019523 0.174091 0.077588
v -0.019833 0.168141 0.078590
v -0.015589 0.185273 0.064857
v -0.017265 0.183206 0.070280
v -0.012128 0.183206 0.053661
v -0.013805 0.185273 0.059084
v -0.009870 0.174091 0.046353
v -0.010762 0.179323 0.049239
v -0.009870 0.162192 0.046353
v -0.009560 0.168141 0.045350
v -0.012128 0.153077 0.053661
v -0.010762 0.156960 0.049239
v -0.015588 0.151010 0.064857
v -0.013805 0.151010 0.059084
v -0.018631 0.156960 0.074702
v -0.017265 0.153077 0.070280
v -0.019523 0.162192 0.077588
v -0.050096 0.174091 0.068140
v -0.050406 0.168141 0.069142
v -0.049205 0.179323 0.065254
v -0.047838 0.183206 0.060832
v -0.046162 0.185273 0.055408
v -0.044378 0.185273 0.049636
v -0.042702 0.183206 0.044213
v -0.041335 0.179323 0.039790
v -0.040443 0.174091 0.036904
v -0.040134 0.168141 0.035902
v -0.040443 0.162192 0.036904
v -0.041335 0.156960 0.039790
v -0.042702 0.153077 0.044213
v -0.044378 0.151010 0.049636
v -0.046162 0.151010 0.055408
v -0.047838 0.153077 0.060832
v -0.049205 0.156960 0.065254
v -0.050096 0.162192 0.068140
v -0.080670 0.174091 0.058691
v -0.080979 0.168141 0.059693
v -0.079778 0.179323 0.055806
v -0.078411 0.183206 0.051383
v -0.076735 0.185273 0.045960
v -0.074951 0.185273 0.040188
v -0.073275 0.183206 0.034764
v -0.071909 0.179323 0.030342
v -0.071017 0.174091 0.027456
v -0.070707 0.168141 0.026453
v -0.071017 0.162192 0.027456
v -0.071909 0.156960 0.030342
v -0.073275 0.153077 0.034764
v -0.074951 0.151010 0.040188
v -0.076735 0.151010 0.045960
v -0.078411 0.153077 0.051383
v -0.079778 0.156960 0.055806
v -0.080670 0.162192 0.058691
v -0.111243 0.174091 0.049242
v -0.111553 0.168141 0.050245
v -0.110351 0.179323 0.046357
v -0.108985 0.183206 0.041935
v -0.107308 0.185273 0.036511
v -0.105525 0.185273 0.030739
v -0.103848 0.183206 0.025315
v -0.102482 0.179323 0.020893
v -0.101590 0.174091 0.018008
v -0.101280 0.168141 0.017005
v -0.101590 0.162192 0.018008
v -0.102482 0.156960 0.020893
v -0.103848 0.153077 0.025315
v -0.105525 0.151010 0.030739
v -0.107308 0.151010 0.036511
v -0.108985 0.153077 0.041935
v -0.110351 0.156960 0.046357
v -0.111243 0.162192 0.049242
v -0.141816 0.174091 0.039794
v -0.142126 0.168141 0.040797
v -0.140924 0.179323 0.036908
v -0.139558 0.183206 0.032486
v -0.137882 0.185273 0.027062
v -0.136098 0.185273 0.021290
v -0.134422 0.183206 0.015867
v -0.133055 0.179323 0.011444
v -0.132163 0.174091 0.008559
v -0.131854 0.168141 0.007557
v -0.132163 0.162192 0.008559
v -0.133055 0.156960 0.011444
v -0.134422 0.153077 0.015867
v -0.136098 0.151010 0.021290
v -0.137882 0.151010 0.027062
v -0.139558 0.153077 0.032486
v -0.140924 0.156960 0.036908
v -0.141816 0.162192 0.039794
v -0.172390 0.174091 0.030346
v -0.172699 0.168141 0.031348
v -0.171498 0.179323 0.027459
v -0.170131 0.183206 0.023037
v -0.168455 0.185273 0.017614
v -0.166671 0.185273 0.011842
v -0.164995 0.183206 0.006418
v -0.163628 0.179323 0.001996
v -0.162737 0.174091 -0.000889
v -0.162427 0.168141 -0.001892
v -0.162737 0.162192 -0.000889
v -0.163628 0.156960 0.001996
v -0.164995 0.153077 0.006418
v -0.166671 0.151010 0.011842
v -0.168455 0.151010 0.017614
v -0.170131 0.153077 0.023037
v -0.171498 0.156960 0.027459
v -0.172390 0.162192 0.030346
v -0.167563 0.168141 0.014728
v -0.229315 1.060975 0.756431
v -0.233250 1.072156 0.769162
v -0.234142 1.066924 0.772048
v -0.234452 1.060975 0.773051
v -0.230207 1.078106 0.759316
v -0.231884 1.076039 0.764741
v -0.226747 1.076039 0.748121
v -0.228424 1.078106 0.753545
v -0.224489 1.066924 0.740814
v -0.225381 1.072156 0.743699
v -0.224489 1.055025 0.740814
v -0.224179 1.060975 0.739811
v -0.226747 1.045910 0.748121
v -0.225381 1.049793 0.743699
v -0.230207 1.043843 0.759316
v -0.228424 1.043843 0.753545
v -0.233250 1.049793 0.769162
v -0.231884 1.045910 0.764741
v -0.234142 1.055025 0.772048
v -0.264715 1.066924 0.762600
v -0.265025 1.060975 0.763602
v -0.263823 1.072156 0.759714
v -0.262457 1.076039 0.755292
v -0.260781 1.078106 0.749868
v -0.258997 1.078106 0.744097
v -0.257321 1.076039 0.738672
v -0.255954 1.072156 0.734251
v -0.255062 1.066924 0.731365
v -0.254752 1.060975 0.730363
v -0.255062 1.055025 0.731365
v -0.255954 1.049793 0.734251
v -0.257321 1.045910 0.738672
v -0.258997 1.043843 0.744097
v -0.260781 1.043843 0.749868
v -0.262457 1.045910 0.755292
v -0.263823 1.049793 0.759714
v -0.264715 1.055025 0.762600
v -0.295289 1.066924 0.753151
v -0.295598 1.060975 0.754154
v -0.294397 1.072156 0.750265
v -0.293030 1.076039 0.745844
v -0.291354 1.078106 0.740420
v -0.289570 1.078106 0.734648
v -0.287894 1.076039 0.729224
v -0.286527 1.072156 0.724802
v -0.285635 1.066924 0.721916
v -0.285326 1.060975 0.720914
v -0.285635 1.055025 0.721916
v -0.286527 1.049793 0.724802
v -0.287894 1.045910 0.729224
v -0.289570 1.043843 0.734648
v -0.291354 1.043843 0.740420
v -0.293030 1.045910 0.745844
v -0.294397 1.049793 0.750265
v -0.295289 1.055025 0.753151
v -0.325862 1.066924 0.743703
v -0.326172 1.060975 0.744705
v -0.324970 1.072156 0.740816
v -0.323603 1.076039 0.736395
v -0.321927 1.078106 0.730972
v -0.320143 1.078106 0.725199
v -0.318467 1.076039 0.719776
v -0.317101 1.072156 0.715353
v -0.316209 1.066924 0.712467
v -0.315899 1.060975 0.711466
v -0.316209 1.055025 0.712467
v -0.317101 1.049793 0.715353
v -0.318467 1.045910 0.719776
v -0.320143 1.043843 0.725199
v -0.321927 1.043843 0.730972
v -0.323603 1.045910 0.736395
v -0.324970 1.049793 0.740816
v -0.325862 1.055025 0.743703
v -0.356435 1.066924 0.734255
v -0.356745 1.060975 0.735256
v -0.355543 1.072156 0.731368
v -0.354177 1.076039 0.726946
v -0.352500 1.078106 0.721523
v -0.350717 1.078106 0.715751
v -0.349040 1.076039 0.710327
v -0.347674 1.072156 0.705905
v -0.346782 1.066924 0.703019
v -0.346472 1.060975 0.702017
v -0.346782 1.055025 0.703019
v -0.347674 1.049793 0.705905
v -0.349040 1.045910 0.710327
v -0.350717 1.043843 0.715751
v -0.352500 1.043843 0.721523
v -0.354177 1.045910 0.726946
v -0.355543 1.049793 0.731368
v -0.356435 1.055025 0.734255
v -0.387008 1.066924 0.724806
v -0.387318 1.060975 0.725808
v -0.386116 1.072156 0.721920
v -0.384750 1.076039 0.717498
v -0.383074 1.078106 0.712074
v -0.381290 1.078106 0.706302
v -0.379614 1.076039 0.700878
v -0.378247 1.072156 0.696457
v -0.377355 1.066924 0.693571
v -0.377046 1.060975 0.692568
v -0.377355 1.055025 0.693571
v -0.378247 1.049793 0.696457
v -0.379614 1.045910 0.700878
v -0.381290 1.043843 0.706302
v -0.383074 1.043843 0.712074
v -0.384750 1.045910 0.717498
v -0.386116 1.049793 0.721920
v -0.387008 1.055025 0.724806
v -0.382182 1.060975 0.709188
v -0.152287 0.164686 0.014164
v -0.148993 0.161047 0.019836
v -0.151446 0.160222 0.020132
v -0.154000 0.159936 0.019710
v -0.145527 0.163861 0.017308
v -0.146938 0.162311 0.018854
v -0.145224 0.167061 0.013310
v -0.144932 0.165511 0.015382
v -0.148226 0.169150 0.009712
v -0.146368 0.168325 0.011340
v -0.153127 0.169150 0.008196
v -0.150573 0.169436 0.008619
v -0.157635 0.167061 0.009474
v -0.155580 0.168325 0.008493
v -0.159641 0.163861 0.012946
v -0.159046 0.165511 0.011021
v -0.158205 0.161047 0.016989
v -0.159349 0.162311 0.015019
v -0.156348 0.160222 0.018618
v -0.194459 0.338208 0.159313
v -0.197013 0.337921 0.158889
v -0.192006 0.339033 0.159016
v -0.189951 0.340297 0.158035
v -0.188540 0.341847 0.156488
v -0.187945 0.343497 0.154562
v -0.188237 0.345047 0.152490
v -0.189381 0.346311 0.150520
v -0.191238 0.347135 0.148891
v -0.193586 0.347422 0.147799
v -0.196140 0.347135 0.147376
v -0.198593 0.346311 0.147673
v -0.200648 0.345047 0.148653
v -0.202059 0.343497 0.150201
v -0.202654 0.341847 0.152126
v -0.202362 0.340297 0.154199
v -0.201218 0.339033 0.156168
v -0.199360 0.338208 0.157797
v -0.237472 0.516193 0.298492
v -0.240026 0.515907 0.298069
v -0.235019 0.517018 0.298195
v -0.232963 0.518282 0.297214
v -0.231553 0.519832 0.295668
v -0.230958 0.521482 0.293742
v -0.231250 0.523032 0.291670
v -0.232393 0.524296 0.289699
v -0.234251 0.525121 0.288071
v -0.236598 0.525408 0.286979
v -0.239152 0.525121 0.286556
v -0.241605 0.524296 0.286852
v -0.243661 0.523032 0.287834
v -0.245071 0.521482 0.289380
v -0.245666 0.519832 0.291306
v -0.245374 0.518282 0.293379
v -0.244231 0.517018 0.295349
v -0.242373 0.516193 0.296977
v -0.280484 0.694179 0.437672
v -0.283038 0.693893 0.437249
v -0.278031 0.695004 0.437375
v -0.275976 0.696268 0.436394
v -0.274566 0.697818 0.434847
v -0.273970 0.699468 0.432922
v -0.274262 0.701018 0.430849
v -0.275406 0.702282 0.428880
v -0.277264 0.703107 0.427251
v -0.279611 0.703393 0.426159
v -0.282165 0.703107 0.425735
v -0.284618 0.702282 0.426032
v -0.286673 0.701018 0.427013
v -0.288084 0.699468 0.428560
v -0.288679 0.697818 0.430486
v -0.288387 0.696268 0.432558
v -0.287243 0.695004 0.434528
v -0.285386 0.694179 0.436157
v -0.323497 0.872165 0.576852
v -0.326051 0.871878 0.576428
v -0.321044 0.872990 0.576555
v -0.318989 0.874254 0.575574
v -0.317578 0.875804 0.574027
v -0.316983 0.877454 0.572101
v -0.317275 0.879004 0.570029
v -0.318419 0.880268 0.568059
v -0.320276 0.881092 0.566430
v -0.322624 0.881379 0.565338
v -0.325178 0.881092 0.564916
v -0.327631 0.880268 0.565212
v -0.329686 0.879004 0.566193
v -0.331096 0.877454 0.567740
v -0.331692 0.875804 0.569666
v -0.331400 0.874254 0.571739
v -0.330256 0.872990 0.573707
v -0.328398 0.872165 0.575336
v -0.366510 1.050151 0.716032
v -0.369064 1.049864 0.715608
v -0.364057 1.050976 0.715734
v -0.362001 1.052239 0.714754
v -0.360591 1.053790 0.713207
v -0.359996 1.055439 0.711281
v -0.360288 1.056990 0.709209
v -0.361431 1.058253 0.707239
v -0.363289 1.059078 0.705610
v -0.365636 1.059365 0.704518
v -0.368190 1.059078 0.704095
v -0.370643 1.058253 0.704392
v -0.372699 1.056990 0.705373
v -0.374109 1.055439 0.706919
v -0.374704 1.053790 0.708845
v -0.374412 1.052239 0.710918
v -0.373269 1.050976 0.712888
v -0.371411 1.050151 0.714517
v -0.367350 1.054614 0.710063
v -0.021716 0.164686 0.054516
v -0.018423 0.161047 0.060188
v -0.020875 0.160222 0.060484
v -0.023430 0.159936 0.060062
v -0.014957 0.163861 0.057659
v -0.016367 0.162311 0.059207
v -0.014653 0.167061 0.053662
v -0.014362 0.165511 0.055734
v -0.017655 0.169150 0.050063
v -0.015797 0.168325 0.051692
v -0.022556 0.169150 0.048548
v -0.020002 0.169436 0.048972
v -0.027065 0.167061 0.049826
v -0.025009 0.168325 0.048845
v -0.029070 0.163861 0.053298
v -0.028475 0.165511 0.051373
v -0.027635 0.161047 0.057341
v -0.028778 0.162311 0.055371
v -0.025777 0.160222 0.058970
v -0.063888 0.338208 0.199664
v -0.066442 0.337921 0.199242
v -0.061435 0.339033 0.199367
v -0.059380 0.340297 0.198387
v -0.057969 0.341847 0.196840
v -0.057374 0.343497 0.194914
v -0.057666 0.345047 0.192841
v -0.058810 0.346311 0.190872
v -0.060667 0.347135 0.189243
v -0.063015 0.347422 0.188151
v -0.065569 0.347135 0.187728
v -0.068022 0.346311 0.188025
v -0.070077 0.345047 0.189006
v -0.071488 0.343497 0.190553
v -0.072083 0.341847 0.192478
v -0.071791 0.340297 0.194551
v -0.070647 0.339033 0.196520
v -0.068790 0.338208 0.198150
v -0.106901 0.516194 0.338844
v -0.109455 0.515907 0.338421
v -0.104448 0.517018 0.338548
v -0.102393 0.518282 0.337566
v -0.100982 0.519832 0.336020
v -0.100387 0.521482 0.334094
v -0.100679 0.523032 0.332022
v -0.101823 0.524296 0.330051
v -0.103680 0.525121 0.328422
v -0.106028 0.525408 0.327331
v -0.108582 0.525121 0.326908
v -0.111034 0.524296 0.327205
v -0.113090 0.523032 0.328185
v -0.114500 0.521482 0.329733
v -0.115096 0.519832 0.331658
v -0.114804 0.518282 0.333731
v -0.113660 0.517018 0.335700
v -0.111802 0.516194 0.337329
v -0.149914 0.694179 0.478023
v -0.152468 0.693893 0.477601
v -0.147461 0.695004 0.477727
v -0.145405 0.696268 0.476746
v -0.143995 0.697818 0.475199
v -0.143400 0.699468 0.473274
v -0.143692 0.701018 0.471201
v -0.144835 0.702282 0.469231
v -0.146693 0.703107 0.467603
v -0.149040 0.703393 0.466511
v -0.151594 0.703107 0.466087
v -0.154047 0.702282 0.466384
v -0.156103 0.701018 0.467365
v -0.157513 0.699468 0.468912
v -0.158108 0.697818 0.470838
v -0.157816 0.696268 0.472910
v -0.156673 0.695004 0.474880
v -0.154815 0.694179 0.476509
v -0.192926 0.872165 0.617204
v -0.195480 0.871878 0.616781
v -0.190473 0.872990 0.616907
v -0.188418 0.874254 0.615926
v -0.187007 0.875804 0.614379
v -0.186412 0.877454 0.612453
v -0.186704 0.879004 0.610381
v -0.187848 0.880268 0.608412
v -0.189705 0.881092 0.606782
v -0.192053 0.881379 0.605691
v -0.194607 0.881092 0.605267
v -0.197060 0.880268 0.605564
v -0.199115 0.879004 0.606545
v -0.200526 0.877454 0.608092
v -0.201121 0.875804 0.610018
v -0.200829 0.874254 0.612090
v -0.199685 0.872990 0.614060
v -0.197828 0.872165 0.615689
v -0.235939 1.050151 0.756384
v -0.238493 1.049864 0.755960
v -0.233486 1.050976 0.756087
v -0.231431 1.052239 0.755106
v -0.230020 1.053789 0.753559
v -0.229425 1.055439 0.751634
v -0.229717 1.056990 0.749561
v -0.230861 1.058253 0.747591
v -0.232718 1.059078 0.745962
v -0.235066 1.059365 0.744870
v -0.237620 1.059078 0.744448
v -0.240073 1.058253 0.744744
v -0.242128 1.056990 0.745725
v -0.243538 1.055439 0.747272
v -0.244134 1.053789 0.749197
v -0.243842 1.052239 0.751270
v -0.242698 1.050976 0.753239
v -0.240840 1.050151 0.754868
v -0.236779 1.054614 0.750415
vn 0.9554 -0.0000 0.2953
vn 0.4723 0.4772 0.7411
vn 0.4342 0.2538 0.8643
vn 0.4210 -0.0000 0.9071
vn 0.6021 0.7311 0.3210
vn 0.5306 0.6429 0.5524
vn 0.7498 0.6428 -0.1567
vn 0.6782 0.7311 0.0747
vn 0.8461 0.2538 -0.4686
vn 0.8081 0.4772 -0.3455
vn 0.8461 -0.2538 -0.4686
vn 0.8594 -0.0000 -0.5114
vn 0.7498 -0.6428 -0.1567
vn 0.8081 -0.4772 -0.3455
vn 0.6021 -0.7310 0.3210
vn 0.6782 -0.7311 0.0746
vn 0.4723 -0.4771 0.7411
vn 0.5306 -0.6429 0.5525
vn 0.4342 -0.2539 0.8643
vn -0.2775 0.3420 0.8978
vn -0.2953 -0.0000 0.9554
vn -0.2262 0.6428 0.7319
vn -0.1476 0.8660 0.4777
vn -0.0513 0.9848 0.1660
vn 0.0513 0.9848 -0.1660
vn 0.1476 0.8660 -0.4777
vn 0.2262 0.6428 -0.7319
vn 0.2775 0.3420 -0.8978
vn 0.2953 -0.0000 -0.9554
vn 0.2775 -0.3420 -0.8978
vn 0.2262 -0.6428 -0.7319
vn 0.1476 -0.8660 -0.4777
vn 0.0513 -0.9848 -0.1660
vn -0.0513 -0.9848 0.1660
vn -0.1476 -0.8660 0.4777
vn -0.2262 -0.6428 0.7319
vn -0.2775 -0.3420 0.8978
vn 0.0513 0.9848 -0.1659
vn 0.2774 -0.3420 -0.8978
vn 0.0513 -0.9848 -0.1659
vn -0.0513 0.9848 0.1659
vn -0.0513 -0.9848 0.1659
vn -0.1477 0.8660 0.4777
vn -0.1477 -0.8660 0.4777
vn -0.2775 -0.3421 0.8978
vn -0.8461 0.2539 0.4687
vn -0.8594 -0.0000 0.5114
vn -0.8081 0.4772 0.3454
vn -0.7498 0.6429 0.1568
vn -0.6782 0.7310 -0.0747
vn -0.6021 0.7311 -0.3210
vn -0.5306 0.6428 -0.5525
vn -0.4722 0.4772 -0.7411
vn -0.4342 0.2539 -0.8643
vn -0.4210 -0.0000 -0.9071
vn -0.4342 -0.2539 -0.8643
vn -0.4722 -0.4772 -0.7411
vn -0.5306 -0.6428 -0.5525
vn -0.6021 -0.7311 -0.3210
vn -0.6782 -0.7310 -0.0746
vn -0.7498 -0.6429 0.1568
vn -0.8081 -0.4772 0.3454
vn -0.8461 -0.2539 0.4687
vn -0.9554 -0.0000 -0.2953
vn 0.4342 0.2539 0.8643
vn 0.4209 -0.0000 0.9071
vn 0.6021 0.7310 0.3210
vn 0.5305 0.6429 0.5525
vn 0.7498 0.6428 -0.1568
vn 0.6782 0.7311 0.0746
vn 0.8462 0.2539 -0.4686
vn 0.8080 0.4772 -0.3455
vn 0.8462 -0.2539 -0.4686
vn 0.8593 -0.0000 -0.5114
vn 0.7498 -0.6428 -0.1568
vn 0.8080 -0.4772 -0.3455
vn 0.4723 -0.4772 0.7411
vn 0.5305 -0.6429 0.5525
vn -0.2775 0.3421 0.8978
vn -0.1477 0.8660 0.4778
vn 0.2775 -0.3419 -0.8978
vn -0.1476 -0.8660 0.4778
vn 0.2775 0.3419 -0.8978
vn -0.1477 -0.8660 0.4778
vn -0.2262 0.6428 0.7318
vn -0.1476 0.8660 0.4778
vn -0.2262 -0.6428 0.7318
vn -0.8080 0.4772 0.3455
vn -0.7498 0.6428 0.1568
vn -0.6782 0.7310 -0.0746
vn -0.7498 -0.6428 0.1568
vn -0.8080 -0.4772 0.3455
vn 0.1870 -0.7738 -0.6051
vn 0.4513 -0.8786 0.1560
vn 0.2084 -0.9604 0.1852
vn -0.0444 -0.9887 0.1434
vn 0.7943 -0.6002 -0.0943
vn 0.6546 -0.7537 0.0586
vn 0.8243 -0.2834 -0.4901
vn 0.8532 -0.4368 -0.2850
vn 0.5273 -0.0767 -0.8462
vn 0.7110 -0.1583 -0.6851
vn 0.0422 -0.0767 -0.9962
vn 0.2950 -0.0484 -0.9543
vn -0.4041 -0.2835 -0.8697
vn -0.2006 -0.1583 -0.9668
vn -0.6026 -0.6002 -0.5260
vn -0.5438 -0.4368 -0.7166
vn -0.4605 -0.8787 -0.1259
vn -0.5737 -0.7536 -0.3208
vn -0.2767 -0.9603 0.0353
vn 0.1120 -0.5952 0.7957
vn -0.2286 -0.6334 0.7393
vn 0.4392 -0.4851 0.7561
vn 0.7132 -0.3167 0.6254
vn 0.9012 -0.1100 0.4192
vn 0.9806 0.1100 0.1623
vn 0.9417 0.3167 -0.1140
vn 0.7892 0.4852 -0.3766
vn 0.5415 0.5952 -0.5938
vn 0.2285 0.6334 -0.7393
vn -0.1120 0.5952 -0.7957
vn -0.4391 0.4852 -0.7562
vn -0.7132 0.3167 -0.6254
vn -0.9012 0.1100 -0.4192
vn -0.9806 -0.1100 -0.1624
vn -0.9417 -0.3167 0.1140
vn -0.7892 -0.4852 0.3766
vn -0.5415 -0.5952 0.5938
vn 0.4391 -0.4852 0.7562
vn 0.9806 0.1100 0.1624
vn 0.9417 0.3167 -0.1139
vn 0.2286 0.6334 -0.7393
vn -0.9012 0.1100 -0.4191
vn -0.9806 -0.1100 -0.1623
vn -0.9417 -0.3167 0.1139
vn 0.4392 -0.4852 0.7561
vn 0.7132 -0.3166 0.6253
vn 0.7891 0.4852 -0.3766
vn -0.7132 0.3166 -0.6253
vn 0.2285 0.6334 -0.7394
vn -0.4390 0.4852 -0.7562
vn -0.9416 -0.3167 0.1140
vn -0.7891 -0.4852 0.3766
vn -0.0421 0.0768 0.9962
vn -0.2951 0.0483 0.9543
vn 0.2006 0.1582 0.9668
vn 0.4042 0.2833 0.8697
vn 0.5436 0.4370 0.7166
vn 0.6026 0.6002 0.5260
vn 0.5736 0.7536 0.3210
vn 0.4606 0.8786 0.1259
vn 0.2767 0.9603 -0.0352
vn 0.0443 0.9887 -0.1434
vn -0.2086 0.9603 -0.1852
vn -0.4512 0.8787 -0.1559
vn -0.6547 0.7536 -0.0586
vn -0.7943 0.6001 0.0942
vn -0.8531 0.4370 0.2849
vn -0.8244 0.2834 0.4900
vn -0.7111 0.1585 0.6850
vn -0.5273 0.0768 0.8462
vn -0.1870 0.7739 0.6051
vn 0.4511 -0.8787 0.1559
vn 0.2086 -0.9603 0.1852
vn -0.0443 -0.9887 0.1435
vn 0.7942 -0.6002 -0.0945
vn 0.6548 -0.7535 0.0587
vn 0.8243 -0.2833 -0.4901
vn 0.8531 -0.4371 -0.2849
vn 0.5272 -0.0766 -0.8463
vn 0.7111 -0.1583 -0.6851
vn 0.0423 -0.0766 -0.9962
vn -0.4042 -0.2834 -0.8697
vn -0.2007 -0.1584 -0.9668
vn -0.5437 -0.4368 -0.7166
vn -0.4606 -0.8786 -0.1259
vn -0.5736 -0.7536 -0.3209
vn -0.2766 -0.9603 0.0353
vn 0.1122 -0.5952 0.7957
vn -0.2284 -0.6334 0.7394
vn -0.5416 -0.5951 0.5937
vn -0.2285 -0.6334 0.7394
vn 0.7892 0.4852 -0.3765
vn -0.1121 0.5952 -0.7957
vn -0.9806 -0.1099 -0.1624
vn -0.5415 -0.5952 0.5937
vn 0.5414 0.5952 -0.5938
vn -0.1119 0.5952 -0.7957
vn -0.9012 0.1099 -0.4191
vn 0.1121 -0.5952 0.7957
vn -0.2285 -0.6334 0.7393
vn -0.5416 -0.5952 0.5937
vn -0.0422 0.0768 0.9962
vn -0.2951 0.0483 0.9542
vn 0.2007 0.1585 0.9667
vn 0.4041 0.2835 0.8697
vn 0.5437 0.4368 0.7166
vn 0.5740 0.7534 0.3208
vn 0.4605 0.8787 0.1259
vn 0.2768 0.9603 -0.0353
vn -0.2084 0.9603 -0.1856
vn -0.6547 0.7536 -0.0587
vn -0.7942 0.6002 0.0944
vn -0.8533 0.4368 0.2848
vn -0.8243 0.2834 0.4901
vn -0.7111 0.1584 0.6851
vn -0.5271 0.0766 0.8463
vn -0.1870 0.7738 0.6051
vt 0.500000 0.000000
vt 0.861111 0.000000
vt 0.805556 0.000000
vt 0.750000 0.000000
vt 0.972222 0.000000
vt 0.916667 0.000000
vt 0.083333 0.000000
vt 0.027778 0.000000
vt -0.027778 0.000000
vt 0.194444 0.000000
vt 0.138889 0.000000
vt 0.305556 0.000000
vt 0.250000 0.000000
vt 0.416667 0.000000
vt 0.361111 0.000000
vt 0.527778 0.000000
vt 0.472222 0.000000
vt 0.638889 0.000000
vt 0.583333 0.000000
vt 0.694444 0.000000
vt 0.805556 0.200000
vt 0.750000 0.200000
vt 0.861111 0.200000
vt 0.916667 0.200000
vt 0.972222 0.200000
vt 0.027778 0.200000
vt -0.027778 0.200000
vt 0.083333 0.200000
vt 0.138889 0.200000
vt 0.194444 0.200000
vt 0.250000 0.200000
vt 0.305556 0.200000
vt 0.361111 0.200000
vt 0.416667 0.200000
vt 0.472222 0.200000
vt 0.527778 0.200000
vt 0.583333 0.200000
vt 0.638889 0.200000
vt 0.694444 0.200000
vt 0.805556 0.400000
vt 0.750000 0.400000
vt 0.861111 0.400000
vt 0.916667 0.400000
vt 0.972222 0.400000
vt 0.027778 0.400000
vt -0.027778 0.400000
vt 0.083333 0.400000
vt 0.138889 0.400000
vt 0.194444 0.400000
vt 0.250000 0.400000
vt 0.305556 0.400000
vt 0.361111 0.400000
vt 0.416667 0.400000
vt 0.472222 0.400000
vt 0.527778 0.400000
vt 0.583333 0.400000
vt 0.638889 0.400000
vt 0.694444 0.400000
vt 0.805556 0.600000
vt 0.750000 0.600000
vt 0.861111 0.600000
vt 0.916667 0.600000
vt 0.972222 0.600000
vt 0.027778 0.600000
vt -0.027778 0.600000
vt 0.083333 0.600000
vt 0.138889 0.600000
vt 0.194444 0.600000
vt 0.250000 0.600000
vt 0.305556 0.600000
vt 0.361111 0.600000
vt 0.416667 0.600000
vt 0.472222 0.600000
vt 0.527778 0.600000
vt 0.583333 0.600000
vt 0.638889 0.600000
vt 0.694444 0.600000
vt 0.805556 0.800000
vt 0.750000 0.800000
vt 0.861111 0.800000
vt 0.916667 0.800000
vt 0.972222 0.800000
vt 0.027778 0.800000
vt -0.027778 0.800000
vt 0.083333 0.800000
vt 0.138889 0.800000
vt 0.194444 0.800000
vt 0.250000 0.800000
vt 0.305556 0.800000
vt 0.361111 0.800000
vt 0.416667 0.800000
vt 0.472222 0.800000
vt 0.527778 0.800000
vt 0.583333 0.800000
vt 0.638889 0.800000
vt 0.694444 0.800000
vt 0.805556 1.000000
vt 0.750000 1.000000
vt 0.861111 1.000000
vt 0.916667 1.000000
vt 0.972222 1.000000
vt 0.027778 1.000000
vt -0.027778 1.000000
vt 0.083333 1.000000
vt 0.138889 1.000000
vt 0.194444 1.000000
vt 0.250000 1.000000
vt 0.305556 1.000000
vt 0.361111 1.000000
vt 0.416667 1.000000
vt 0.472222 1.000000
vt 0.527778 1.000000
vt 0.583333 1.000000
vt 0.638889 1.000000
vt 0.694444 1.000000
vt 0.500000 1.000000
vt -0.019676 1.000000
vt 0.970822 1.000000
vt 0.970820 1.000000
vt -0.019671 1.000000
s 1
usemtl wire_000000000
f 1871/946/838 1872/947/839 1873/948/840 1874/949/841
f 1871/946/838 1875/950/842 1876/951/843 1872/947/839
f 1871/946/838 1877/952/844 1878/953/845 1875/954/842
f 1871/946/838 1879/955/846 1880/956/847 1877/952/844
f 1871/946/838 1881/957/848 1882/958/849 1879/955/846
f 1871/946/838 1883/959/850 1884/960/851 1881/957/848
f 1871/946/838 1885/961/852 1886/962/853 1883/959/850
f 1871/946/838 1887/963/854 1888/964/855 1885/961/852
f 1871/946/838 1874/949/841 1889/965/856 1887/963/854
f 1874/949/841 1873/948/840 1890/966/857 1891/967/858
f 1873/948/840 1872/947/839 1892/968/859 1890/966/857
f 1872/947/839 1876/951/843 1893/969/860 1892/968/859
f 1876/951/843 1875/950/842 1894/970/861 1893/969/860
f 1875/954/842 1878/953/845 1895/971/862 1894/972/861
f 1878/953/845 1877/952/844 1896/973/863 1895/971/862
f 1877/952/844 1880/956/847 1897/974/864 1896/973/863
f 1880/956/847 1879/955/846 1898/975/865 1897/974/864
f 1879/955/846 1882/958/849 1899/976/866 1898/975/865
f 1882/958/849 1881/957/848 1900/977/867 1899/976/866
f 1881/957/848 1884/960/851 1901/978/868 1900/977/867
f 1884/960/851 1883/959/850 1902/979/869 1901/978/868
f 1883/959/850 1886/962/853 1903/980/870 1902/979/869
f 1886/962/853 1885/961/852 1904/981/871 1903/980/870
f 1885/961/852 1888/964/855 1905/982/872 1904/981/871
f 1888/964/855 1887/963/854 1906/983/873 1905/982/872
f 1887/963/854 1889/965/856 1907/984/874 1906/983/873
f 1889/965/856 1874/949/841 1891/967/858 1907/984/874
f 1891/967/858 1890/966/857 1908/985/857 1909/986/858
f 1890/966/857 1892/968/859 1910/987/859 1908/985/857
f 1892/968/859 1893/969/860 1911/988/860 1910/987/859
f 1893/969/860 1894/970/861 1912/989/861 1911/988/860
f 1894/972/861 1895/971/862 1913/990/875 1912/991/861
f 1895/971/862 1896/973/863 1914/992/863 1913/990/875
f 1896/973/863 1897/974/864 1915/993/864 1914/992/863
f 1897/974/864 1898/975/865 1916/994/865 1915/993/864
f 1898/975/865 1899/976/866 1917/995/866 1916/994/865
f 1899/976/866 1900/977/867 1918/996/876 1917/995/866
f 1900/977/867 1901/978/868 1919/997/868 1918/996/876
f 1901/978/868 1902/979/869 1920/998/869 1919/997/868
f 1902/979/869 1903/980/870 1921/999/877 1920/998/869
f 1903/980/870 1904/981/871 1922/1000/871 1921/999/877
f 1904/981/871 1905/982/872 1923/1001/872 1922/1000/871
f 1905/982/872 1906/983/873 1924/1002/873 1923/1001/872
f 1906/983/873 1907/984/874 1925/1003/874 1924/1002/873
f 1907/984/874 1891/967/858 1909/986/858 1925/1003/874
f 1909/986/858 1908/985/857 1926/1004/857 1927/1005/858
f 1908/985/857 1910/987/859 1928/1006/859 1926/1004/857
f 1910/987/859 1911/988/860 1929/1007/860 1928/1006/859
f 1911/988/860 1912/989/861 1930/1008/878 1929/1007/860
f 1912/991/861 1913/990/875 1931/1009/875 1930/1010/878
f 1913/990/875 1914/992/863 1932/1011/863 1931/1009/875
f 1914/992/863 1915/993/864 1933/1012/864 1932/1011/863
f 1915/993/864 1916/994/865 1934/1013/865 1933/1012/864
f 1916/994/865 1917/995/866 1935/1014/866 1934/1013/865
f 1917/995/866 1918/996/876 1936/1015/867 1935/1014/866
f 1918/996/876 1919/997/868 1937/1016/868 1936/1015/867
f 1919/997/868 1920/998/869 1938/1017/869 1937/1016/868
f 1920/998/869 1921/999/877 1939/1018/877 1938/1017/869
f 1921/999/877 1922/1000/871 1940/1019/879 1939/1018/877
f 1922/1000/871 1923/1001/872 1941/1020/872 1940/1019/879
f 1923/1001/872 1924/1002/873 1942/1021/873 1941/1020/872
f 1924/1002/873 1925/1003/874 1943/1022/874 1942/1021/873
f 1925/1003/874 1909/986/858 1927/1005/858 1943/1022/874
f 1927/1005/858 1926/1004/857 1944/1023/857 1945/1024/858
f 1926/1004/857 1928/1006/859 1946/1025/859 1944/1023/857
f 1928/1006/859 1929/1007/860 1947/1026/880 1946/1025/859
f 1929/1007/860 1930/1008/878 1948/1027/878 1947/1026/880
f 1930/1010/878 1931/1009/875 1949/1028/862 1948/1029/878
f 1931/1009/875 1932/1011/863 1950/1030/863 1949/1028/862
f 1932/1011/863 1933/1012/864 1951/1031/864 1950/1030/863
f 1933/1012/864 1934/1013/865 1952/1032/865 1951/1031/864
f 1934/1013/865 1935/1014/866 1953/1033/866 1952/1032/865
f 1935/1014/866 1936/1015/867 1954/1034/867 1953/1033/866
f 1936/1015/867 1937/1016/868 1955/1035/868 1954/1034/867
f 1937/1016/868 1938/1017/869 1956/1036/869 1955/1035/868
f 1938/1017/869 1939/1018/877 1957/1037/870 1956/1036/869
f 1939/1018/877 1940/1019/879 1958/1038/879 1957/1037/870
f 1940/1019/879 1941/1020/872 1959/1039/881 1958/1038/879
f 1941/1020/872 1942/1021/873 1960/1040/873 1959/1039/881
f 1942/1021/873 1943/1022/874 1961/1041/882 1960/1040/873
f 1943/1022/874 1927/1005/858 1945/1024/858 1961/1041/882
f 1945/1024/858 1944/1023/857 1962/1042/883 1963/1043/884
f 1944/1023/857 1946/1025/859 1964/1044/885 1962/1042/883
f 1946/1025/859 1947/1026/880 1965/1045/886 1964/1044/885
f 1947/1026/880 1948/1027/878 1966/1046/887 1965/1045/886
f 1948/1029/878 1949/1028/862 1967/1047/888 1966/1048/887
f 1949/1028/862 1950/1030/863 1968/1049/889 1967/1047/888
f 1950/1030/863 1951/1031/864 1969/1050/890 1968/1049/889
f 1951/1031/864 1952/1032/865 1970/1051/891 1969/1050/890
f 1952/1032/865 1953/1033/866 1971/1052/892 1970/1051/891
f 1953/1033/866 1954/1034/867 1972/1053/893 1971/1052/892
f 1954/1034/867 1955/1035/868 1973/1054/894 1972/1053/893
f 1955/1035/868 1956/1036/869 1974/1055/895 1973/1054/894
f 1956/1036/869 1957/1037/870 1975/1056/896 1974/1055/895
f 1957/1037/870 1958/1038/879 1976/1057/897 1975/1056/896
f 1958/1038/879 1959/1039/881 1977/1058/898 1976/1057/897
f 1959/1039/881 1960/1040/873 1978/1059/899 1977/1058/898
f 1960/1040/873 1961/1041/882 1979/1060/900 1978/1059/899
f 1961/1041/882 1945/1024/858 1963/1043/884 1979/1060/900
f 1980/1061/901 1979/1060/900 1963/1043/884 1962/1042/883
f 1980/1061/901 1962/1042/883 1964/1044/885 1965/1045/886
f 1980/1061/901 1965/1062/886 1966/1048/887 1967/1047/888
f 1980/1061/901 1967/1047/888 1968/1049/889 1969/1050/890
f 1980/1061/901 1969/1050/890 1970/1051/891 1971/1052/892
f 1980/1061/901 1971/1052/892 1972/1053/893 1973/1054/894
f 1980/1061/901 1973/1054/894 1974/1055/895 1975/1056/896
f 1980/1061/901 1975/1056/896 1976/1057/897 1977/1058/898
f 1980/1061/901 1977/1058/898 1978/1059/899 1979/1060/900
f 1981/946/838 1982/947/839 1983/948/902 1984/949/903
f 1981/946/838 1985/950/904 1986/951/905 1982/947/839
f 1981/946/838 1987/952/906 1988/953/907 1985/954/904
f 1981/946/838 1989/955/908 1990/956/909 1987/952/906
f 1981/946/838 1991/957/910 1992/958/911 1989/955/908
f 1981/946/838 1993/959/912 1994/960/913 1991/957/910
f 1981/946/838 1995/961/852 1996/962/853 1993/959/912
f 1981/946/838 1997/963/914 1998/964/915 1995/961/852
f 1981/946/838 1984/949/903 1999/965/856 1997/963/914
f 1984/949/903 1983/948/902 2000/966/916 2001/967/858
f 1983/948/902 1982/947/839 2002/968/859 2000/966/916
f 1982/947/839 1986/951/905 2003/969/860 2002/968/859
f 1986/951/905 1985/950/904 2004/970/861 2003/969/860
f 1985/954/904 1988/953/907 2005/971/875 2004/972/861
f 1988/953/907 1987/952/906 2006/973/863 2005/971/875
f 1987/952/906 1990/956/909 2007/974/864 2006/973/863
f 1990/956/909 1989/955/908 2008/975/865 2007/974/864
f 1989/955/908 1992/958/911 2009/976/866 2008/975/865
f 1992/958/911 1991/957/910 2010/977/867 2009/976/866
f 1991/957/910 1994/960/913 2011/978/868 2010/977/867
f 1994/960/913 1993/959/912 2012/979/869 2011/978/868
f 1993/959/912 1996/962/853 2013/980/877 2012/979/869
f 1996/962/853 1995/961/852 2014/981/879 2013/980/877
f 1995/961/852 1998/964/915 2015/982/872 2014/981/879
f 1998/964/915 1997/963/914 2016/983/873 2015/982/872
f 1997/963/914 1999/965/856 2017/984/874 2016/983/873
f 1999/965/856 1984/949/903 2001/967/858 2017/984/874
f 2001/967/858 2000/966/916 2018/985/916 2019/986/858
f 2000/966/916 2002/968/859 2020/987/859 2018/985/916
f 2002/968/859 2003/969/860 2021/988/917 2020/987/859
f 2003/969/860 2004/970/861 2022/989/861 2021/988/917
f 2004/972/861 2005/971/875 2023/990/862 2022/991/861
f 2005/971/875 2006/973/863 2024/992/863 2023/990/862
f 2006/973/863 2007/974/864 2025/993/864 2024/992/863
f 2007/974/864 2008/975/865 2026/994/865 2025/993/864
f 2008/975/865 2009/976/866 2027/995/866 2026/994/865
f 2009/976/866 2010/977/867 2028/996/918 2027/995/866
f 2010/977/867 2011/978/868 2029/997/868 2028/996/918
f 2011/978/868 2012/979/869 2030/998/869 2029/997/868
f 2012/979/869 2013/980/877 2031/999/870 2030/998/869
f 2013/980/877 2014/981/879 2032/1000/871 2031/999/870
f 2014/981/879 2015/982/872 2033/1001/919 2032/1000/871
f 2015/982/872 2016/983/873 2034/1002/873 2033/1001/919
f 2016/983/873 2017/984/874 2035/1003/882 2034/1002/873
f 2017/984/874 2001/967/858 2019/986/858 2035/1003/882
f 2019/986/858 2018/985/916 2036/1004/916 2037/1005/858
f 2018/985/916 2020/987/859 2038/1006/859 2036/1004/916
f 2020/987/859 2021/988/917 2039/1007/917 2038/1006/859
f 2021/988/917 2022/989/861 2040/1008/861 2039/1007/917
f 2022/991/861 2023/990/862 2041/1009/862 2040/1010/861
f 2023/990/862 2024/992/863 2042/1011/863 2041/1009/862
f 2024/992/863 2025/993/864 2043/1012/864 2042/1011/863
f 2025/993/864 2026/994/865 2044/1013/920 2043/1012/864
f 2026/994/865 2027/995/866 2045/1014/866 2044/1013/920
f 2027/995/866 2028/996/918 2046/1015/918 2045/1014/866
f 2028/996/918 2029/997/868 2047/1016/868 2046/1015/918
f 2029/997/868 2030/998/869 2048/1017/869 2047/1016/868
f 2030/998/869 2031/999/870 2049/1018/870 2048/1017/869
f 2031/999/870 2032/1000/871 2050/1019/871 2049/1018/870
f 2032/1000/871 2033/1001/919 2051/1020/921 2050/1019/871
f 2033/1001/919 2034/1002/873 2052/1021/873 2051/1020/921
f 2034/1002/873 2035/1003/882 2053/1022/882 2052/1021/873
f 2035/1003/882 2019/986/858 2037/1005/858 2053/1022/882
f 2037/1005/858 2036/1004/916 2054/1023/857 2055/1024/858
f 2036/1004/916 2038/1006/859 2056/1025/922 2054/1023/857
f 2038/1006/859 2039/1007/917 2057/1026/923 2056/1025/922
f 2039/1007/917 2040/1008/861 2058/1027/861 2057/1026/923
f 2040/1010/861 2041/1009/862 2059/1028/862 2058/1029/861
f 2041/1009/862 2042/1011/863 2060/1030/863 2059/1028/862
f 2042/1011/863 2043/1012/864 2061/1031/864 2060/1030/863
f 2043/1012/864 2044/1013/920 2062/1032/865 2061/1031/864
f 2044/1013/920 2045/1014/866 2063/1033/866 2062/1032/865
f 2045/1014/866 2046/1015/918 2064/1034/867 2063/1033/866
f 2046/1015/918 2047/1016/868 2065/1035/868 2064/1034/867
f 2047/1016/868 2048/1017/869 2066/1036/869 2065/1035/868
f 2048/1017/869 2049/1018/870 2067/1037/870 2066/1036/869
f 2049/1018/870 2050/1019/871 2068/1038/871 2067/1037/870
f 2050/1019/871 2051/1020/921 2069/1039/919 2068/1038/871
f 2051/1020/921 2052/1021/873 2070/1040/924 2069/1039/919
f 2052/1021/873 2053/1022/882 2071/1041/874 2070/1040/924
f 2053/1022/882 2037/1005/858 2055/1024/858 2071/1041/874
f 2055/1024/858 2054/1023/857 2072/1042/883 2073/1043/884
f 2054/1023/857 2056/1025/922 2074/1044/925 2072/1042/883
f 2056/1025/922 2057/1026/923 2075/1045/926 2074/1044/925
f 2057/1026/923 2058/1027/861 2076/1046/927 2075/1045/926
f 2058/1029/861 2059/1028/862 2077/1047/888 2076/1048/927
f 2059/1028/862 2060/1030/863 2078/1049/889 2077/1047/888
f 2060/1030/863 2061/1031/864 2079/1050/890 2078/1049/889
f 2061/1031/864 2062/1032/865 2080/1051/891 2079/1050/890
f 2062/1032/865 2063/1033/866 2081/1052/892 2080/1051/891
f 2063/1033/866 2064/1034/867 2082/1053/893 2081/1052/892
f 2064/1034/867 2065/1035/868 2083/1054/894 2082/1053/893
f 2065/1035/868 2066/1036/869 2084/1055/895 2083/1054/894
f 2066/1036/869 2067/1037/870 2085/1056/896 2084/1055/895
f 2067/1037/870 2068/1038/871 2086/1057/897 2085/1056/896
f 2068/1038/871 2069/1039/919 2087/1058/928 2086/1057/897
f 2069/1039/919 2070/1040/924 2088/1059/929 2087/1058/928
f 2070/1040/924 2071/1041/874 2089/1060/900 2088/1059/929
f 2071/1041/874 2055/1024/858 2073/1043/884 2089/1060/900
f 2090/1061/901 2089/1060/900 2073/1043/884 2072/1042/883
f 2090/1061/901 2072/1042/883 2074/1044/925 2075/1045/926
f 2090/1061/901 2075/1045/926 2076/1046/927 2077/1063/888
f 2090/1061/901 2077/1047/888 2078/1049/889 2079/1050/890
f 2090/1061/901 2079/1050/890 2080/1051/891 2081/1052/892
f 2090/1061/901 2081/1052/892 2082/1053/893 2083/1054/894
f 2090/1061/901 2083/1054/894 2084/1055/895 2085/1056/896
f 2090/1061/901 2085/1056/896 2086/1057/897 2087/1058/928
f 2090/1061/901 2087/1058/928 2088/1059/929 2089/1060/900
f 2091/946/930 2092/947/931 2093/948/932 2094/949/933
f 2091/946/930 2095/950/934 2096/951/935 2092/947/931
f 2091/946/930 2097/952/936 2098/953/937 2095/954/934
f 2091/946/930 2099/955/938 2100/956/939 2097/952/936
f 2091/946/930 2101/957/940 2102/958/941 2099/955/938
f 2091/946/930 2103/959/942 2104/960/943 2101/957/940
f 2091/946/930 2105/961/944 2106/962/945 2103/959/942
f 2091/946/930 2107/963/946 2108/964/947 2105/961/944
f 2091/946/930 2094/949/933 2109/965/948 2107/963/946
f 2094/949/933 2093/948/932 2110/966/949 2111/967/950
f 2093/948/932 2092/947/931 2112/968/951 2110/966/949
f 2092/947/931 2096/951/935 2113/969/952 2112/968/951
f 2096/951/935 2095/950/934 2114/970/953 2113/969/952
f 2095/954/934 2098/953/937 2115/971/954 2114/972/953
f 2098/953/937 2097/952/936 2116/973/955 2115/971/954
f 2097/952/936 2100/956/939 2117/974/956 2116/973/955
f 2100/956/939 2099/955/938 2118/975/957 2117/974/956
f 2099/955/938 2102/958/941 2119/976/958 2118/975/957
f 2102/958/941 2101/957/940 2120/977/959 2119/976/958
f 2101/957/940 2104/960/943 2121/978/960 2120/977/959
f 2104/960/943 2103/959/942 2122/979/961 2121/978/960
f 2103/959/942 2106/962/945 2123/980/962 2122/979/961
f 2106/962/945 2105/961/944 2124/981/963 2123/980/962
f 2105/961/944 2108/964/947 2125/982/964 2124/981/963
f 2108/964/947 2107/963/946 2126/983/965 2125/982/964
f 2107/963/946 2109/965/948 2127/984/966 2126/983/965
f 2109/965/948 2094/949/933 2111/967/950 2127/984/966
f 2111/967/950 2110/966/949 2128/985/949 2129/986/950
f 2110/966/949 2112/968/951 2130/987/967 2128/985/949
f 2112/968/951 2113/969/952 2131/988/952 2130/987/967
f 2113/969/952 2114/970/953 2132/989/953 2131/988/952
f 2114/972/953 2115/971/954 2133/990/968 2132/991/953
f 2115/971/954 2116/973/955 2134/992/969 2133/990/968
f 2116/973/955 2117/974/956 2135/993/956 2134/992/969
f 2117/974/956 2118/975/957 2136/994/957 2135/993/956
f 2118/975/957 2119/976/958 2137/995/970 2136/994/957
f 2119/976/958 2120/977/959 2138/996/959 2137/995/970
f 2120/977/959 2121/978/960 2139/997/960 2138/996/959
f 2121/978/960 2122/979/961 2140/998/961 2139/997/960
f 2122/979/961 2123/980/962 2141/999/971 2140/998/961
f 2123/980/962 2124/981/963 2142/1000/972 2141/999/971
f 2124/981/963 2125/982/964 2143/1001/973 2142/1000/972
f 2125/982/964 2126/983/965 2144/1002/965 2143/1001/973
f 2126/983/965 2127/984/966 2145/1003/966 2144/1002/965
f 2127/984/966 2111/967/950 2129/986/950 2145/1003/966
f 2129/986/950 2128/985/949 2146/1004/949 2147/1005/950
f 2128/985/949 2130/987/967 2148/1006/974 2146/1004/949
f 2130/987/967 2131/988/952 2149/1007/975 2148/1006/974
f 2131/988/952 2132/989/953 2150/1008/953 2149/1007/975
f 2132/991/953 2133/990/968 2151/1009/968 2150/1010/953
f 2133/990/968 2134/992/969 2152/1011/955 2151/1009/968
f 2134/992/969 2135/993/956 2153/1012/976 2152/1011/955
f 2135/993/956 2136/994/957 2154/1013/957 2153/1012/976
f 2136/994/957 2137/995/970 2155/1014/970 2154/1013/957
f 2137/995/970 2138/996/959 2156/1015/959 2155/1014/970
f 2138/996/959 2139/997/960 2157/1016/960 2156/1015/959
f 2139/997/960 2140/998/961 2158/1017/977 2157/1016/960
f 2140/998/961 2141/999/971 2159/1018/962 2158/1017/977
f 2141/999/971 2142/1000/972 2160/1019/963 2159/1018/962
f 2142/1000/972 2143/1001/973 2161/1020/964 2160/1019/963
f 2143/1001/973 2144/1002/965 2162/1021/965 2161/1020/964
f 2144/1002/965 2145/1003/966 2163/1022/966 2162/1021/965
f 2145/1003/966 2129/986/950 2147/1005/950 2163/1022/966
f 2147/1005/950 2146/1004/949 2164/1023/949 2165/1024/950
f 2146/1004/949 2148/1006/974 2166/1025/951 2164/1023/949
f 2148/1006/974 2149/1007/975 2167/1026/952 2166/1025/951
f 2149/1007/975 2150/1008/953 2168/1027/953 2167/1026/952
f 2150/1010/953 2151/1009/968 2169/1028/968 2168/1029/953
f 2151/1009/968 2152/1011/955 2170/1030/955 2169/1028/968
f 2152/1011/955 2153/1012/976 2171/1031/976 2170/1030/955
f 2153/1012/976 2154/1013/957 2172/1032/957 2171/1031/976
f 2154/1013/957 2155/1014/970 2173/1033/978 2172/1032/957
f 2155/1014/970 2156/1015/959 2174/1034/959 2173/1033/978
f 2156/1015/959 2157/1016/960 2175/1035/979 2174/1034/959
f 2157/1016/960 2158/1017/977 2176/1036/977 2175/1035/979
f 2158/1017/977 2159/1018/962 2177/1037/962 2176/1036/977
f 2159/1018/962 2160/1019/963 2178/1038/963 2177/1037/962
f 2160/1019/963 2161/1020/964 2179/1039/980 2178/1038/963
f 2161/1020/964 2162/1021/965 2180/1040/981 2179/1039/980
f 2162/1021/965 2163/1022/966 2181/1041/966 2180/1040/981
f 2163/1022/966 2147/1005/950 2165/1024/950 2181/1041/966
f 2165/1024/950 2164/1023/949 2182/1042/982 2183/1043/983
f 2164/1023/949 2166/1025/951 2184/1044/984 2182/1042/982
f 2166/1025/951 2167/1026/952 2185/1045/985 2184/1044/984
f 2167/1026/952 2168/1027/953 2186/1046/986 2185/1045/985
f 2168/1029/953 2169/1028/968 2187/1047/987 2186/1048/986
f 2169/1028/968 2170/1030/955 2188/1049/988 2187/1047/987
f 2170/1030/955 2171/1031/976 2189/1050/989 2188/1049/988
f 2171/1031/976 2172/1032/957 2190/1051/990 2189/1050/989
f 2172/1032/957 2173/1033/978 2191/1052/991 2190/1051/990
f 2173/1033/978 2174/1034/959 2192/1053/992 2191/1052/991
f 2174/1034/959 2175/1035/979 2193/1054/993 2192/1053/992
f 2175/1035/979 2176/1036/977 2194/1055/994 2193/1054/993
f 2176/1036/977 2177/1037/962 2195/1056/995 2194/1055/994
f 2177/1037/962 2178/1038/963 2196/1057/996 2195/1056/995
f 2178/1038/963 2179/1039/980 2197/1058/997 2196/1057/996
f 2179/1039/980 2180/1040/981 2198/1059/998 2197/1058/997
f 2180/1040/981 2181/1041/966 2199/1060/999 2198/1059/998
f 2181/1041/966 2165/1024/950 2183/1043/983 2199/1060/999
f 2200/1061/1000 2199/1060/999 2183/1043/983 2182/1042/982
f 2200/1061/1000 2182/1042/982 2184/1044/984 2185/1045/985
f 2200/1061/1000 2185/1045/985 2186/1046/986 2187/1064/987
f 2200/1061/1000 2187/1047/987 2188/1049/988 2189/1050/989
f 2200/1061/1000 2189/1050/989 2190/1051/990 2191/1052/991
f 2200/1061/1000 2191/1052/991 2192/1053/992 2193/1054/993
f 2200/1061/1000 2193/1054/993 2194/1055/994 2195/1056/995
f 2200/1061/1000 2195/1056/995 2196/1057/996 2197/1058/997
f 2200/1061/1000 2197/1058/997 2198/1059/998 2199/1060/999
f 2201/946/930 2202/947/1001 2203/948/1002 2204/949/1003
f 2201/946/930 2205/950/1004 2206/951/1005 2202/947/1001
f 2201/946/930 2207/952/1006 2208/953/1007 2205/954/1004
f 2201/946/930 2209/955/1008 2210/956/1009 2207/952/1006
f 2201/946/930 2211/957/1010 2212/958/941 2209/955/1008
f 2201/946/930 2213/959/1011 2214/960/1012 2211/957/1010
f 2201/946/930 2215/961/944 2216/962/1013 2213/959/1011
f 2201/946/930 2217/963/1014 2218/964/1015 2215/961/944
f 2201/946/930 2204/949/1003 2219/965/1016 2217/963/1014
f 2204/949/1003 2203/948/1002 2220/966/1017 2221/967/1018
f 2203/948/1002 2202/947/1001 2222/968/967 2220/966/1017
f 2202/947/1001 2206/951/1005 2223/969/952 2222/968/967
f 2206/951/1005 2205/950/1004 2224/970/953 2223/969/952
f 2205/954/1004 2208/953/1007 2225/971/968 2224/972/953
f 2208/953/1007 2207/952/1006 2226/973/955 2225/971/968
f 2207/952/1006 2210/956/1009 2227/974/976 2226/973/955
f 2210/956/1009 2209/955/1008 2228/975/957 2227/974/976
f 2209/955/1008 2212/958/941 2229/976/958 2228/975/957
f 2212/958/941 2211/957/1010 2230/977/959 2229/976/958
f 2211/957/1010 2214/960/1012 2231/978/960 2230/977/959
f 2214/960/1012 2213/959/1011 2232/979/977 2231/978/960
f 2213/959/1011 2216/962/1013 2233/980/962 2232/979/977
f 2216/962/1013 2215/961/944 2234/981/963 2233/980/962
f 2215/961/944 2218/964/1015 2235/982/964 2234/981/963
f 2218/964/1015 2217/963/1014 2236/983/965 2235/982/964
f 2217/963/1014 2219/965/1016 2237/984/1019 2236/983/965
f 2219/965/1016 2204/949/1003 2221/967/1018 2237/984/1019
f 2221/967/1018 2220/966/1017 2238/985/949 2239/986/1020
f 2220/966/1017 2222/968/967 2240/987/967 2238/985/949
f 2222/968/967 2223/969/952 2241/988/952 2240/987/967
f 2223/969/952 2224/970/953 2242/989/953 2241/988/952
f 2224/972/953 2225/971/968 2243/990/968 2242/991/953
f 2225/971/968 2226/973/955 2244/992/955 2243/990/968
f 2226/973/955 2227/974/976 2245/993/1021 2244/992/955
f 2227/974/976 2228/975/957 2246/994/957 2245/993/1021
f 2228/975/957 2229/976/958 2247/995/978 2246/994/957
f 2229/976/958 2230/977/959 2248/996/1022 2247/995/978
f 2230/977/959 2231/978/960 2249/997/960 2248/996/1022
f 2231/978/960 2232/979/977 2250/998/977 2249/997/960
f 2232/979/977 2233/980/962 2251/999/962 2250/998/977
f 2233/980/962 2234/981/963 2252/1000/1023 2251/999/962
f 2234/981/963 2235/982/964 2253/1001/964 2252/1000/1023
f 2235/982/964 2236/983/965 2254/1002/981 2253/1001/964
f 2236/983/965 2237/984/1019 2255/1003/1024 2254/1002/981
f 2237/984/1019 2221/967/1018 2239/986/1020 2255/1003/1024
f 2239/986/1020 2238/985/949 2256/1004/949 2257/1005/1020
f 2238/985/949 2240/987/967 2258/1006/967 2256/1004/949
f 2240/987/967 2241/988/952 2259/1007/952 2258/1006/967
f 2241/988/952 2242/989/953 2260/1008/953 2259/1007/952
f 2242/991/953 2243/990/968 2261/1009/968 2260/1010/953
f 2243/990/968 2244/992/955 2262/1011/969 2261/1009/968
f 2244/992/955 2245/993/1021 2263/1012/1021 2262/1011/969
f 2245/993/1021 2246/994/957 2264/1013/1025 2263/1012/1021
f 2246/994/957 2247/995/978 2265/1014/958 2264/1013/1025
f 2247/995/978 2248/996/1022 2266/1015/1026 2265/1014/958
f 2248/996/1022 2249/997/960 2267/1016/960 2266/1015/1026
f 2249/997/960 2250/998/977 2268/1017/977 2267/1016/960
f 2250/998/977 2251/999/962 2269/1018/1027 2268/1017/977
f 2251/999/962 2252/1000/1023 2270/1019/963 2269/1018/1027
f 2252/1000/1023 2253/1001/964 2271/1020/973 2270/1019/963
f 2253/1001/964 2254/1002/981 2272/1021/965 2271/1020/973
f 2254/1002/981 2255/1003/1024 2273/1022/966 2272/1021/965
f 2255/1003/1024 2239/986/1020 2257/1005/1020 2273/1022/966
f 2257/1005/1020 2256/1004/949 2274/1023/1028 2275/1024/1029
f 2256/1004/949 2258/1006/967 2276/1025/967 2274/1023/1028
f 2258/1006/967 2259/1007/952 2277/1026/952 2276/1025/967
f 2259/1007/952 2260/1008/953 2278/1027/953 2277/1026/952
f 2260/1010/953 2261/1009/968 2279/1028/968 2278/1029/953
f 2261/1009/968 2262/1011/969 2280/1030/955 2279/1028/968
f 2262/1011/969 2263/1012/1021 2281/1031/956 2280/1030/955
f 2263/1012/1021 2264/1013/1025 2282/1032/957 2281/1031/956
f 2264/1013/1025 2265/1014/958 2283/1033/958 2282/1032/957
f 2265/1014/958 2266/1015/1026 2284/1034/959 2283/1033/958
f 2266/1015/1026 2267/1016/960 2285/1035/960 2284/1034/959
f 2267/1016/960 2268/1017/977 2286/1036/977 2285/1035/960
f 2268/1017/977 2269/1018/1027 2287/1037/962 2286/1036/977
f 2269/1018/1027 2270/1019/963 2288/1038/963 2287/1037/962
f 2270/1019/963 2271/1020/973 2289/1039/964 2288/1038/963
f 2271/1020/973 2272/1021/965 2290/1040/965 2289/1039/964
f 2272/1021/965 2273/1022/966 2291/1041/1030 2290/1040/965
f 2273/1022/966 2257/1005/1020 2275/1024/1029 2291/1041/1030
f 2275/1024/1029 2274/1023/1028 2292/1042/1031 2293/1043/1032
f 2274/1023/1028 2276/1025/967 2294/1044/1033 2292/1042/1031
f 2276/1025/967 2277/1026/952 2295/1045/1034 2294/1044/1033
f 2277/1026/952 2278/1027/953 2296/1046/1035 2295/1045/1034
f 2278/1029/953 2279/1028/968 2297/1047/987 2296/1048/1035
f 2279/1028/968 2280/1030/955 2298/1049/1036 2297/1047/987
f 2280/1030/955 2281/1031/956 2299/1050/1037 2298/1049/1036
f 2281/1031/956 2282/1032/957 2300/1051/1038 2299/1050/1037
f 2282/1032/957 2283/1033/958 2301/1052/991 2300/1051/1038
f 2283/1033/958 2284/1034/959 2302/1053/1039 2301/1052/991
f 2284/1034/959 2285/1035/960 2303/1054/993 2302/1053/1039
f 2285/1035/960 2286/1036/977 2304/1055/1040 2303/1054/993
f 2286/1036/977 2287/1037/962 2305/1056/1041 2304/1055/1040
f 2287/1037/962 2288/1038/963 2306/1057/1042 2305/1056/1041
f 2288/1038/963 2289/1039/964 2307/1058/1043 2306/1057/1042
f 2289/1039/964 2290/1040/965 2308/1059/1044 2307/1058/1043
f 2290/1040/965 2291/1041/1030 2309/1060/1045 2308/1059/1044
f 2291/1041/1030 2275/1024/1029 2293/1043/1032 2309/1060/1045
f 2310/1061/1046 2309/1060/1045 2293/1043/1032 2292/1042/1031
f 2310/1061/1046 2292/1042/1031 2294/1044/1033 2295/1045/1034
f 2310/1061/1046 2295/1065/1034 2296/1048/1035 2297/1047/987
f 2310/1061/1046 2297/1047/987 2298/1049/1036 2299/1050/1037
f 2310/1061/1046 2299/1050/1037 2300/1051/1038 2301/1052/991
f 2310/1061/1046 2301/1052/991 2302/1053/1039 2303/1054/993
f 2310/1061/1046 2303/1054/993 2304/1055/1040 2305/1056/1041
f 2310/1061/1046 2305/1056/1041 2306/1057/1042 2307/1058/1043
f 2310/1061/1046 2307/1058/1043 2308/1059/1044 2309/1060/1045
o Shape005
v -0.000675 -0.231267 -0.005680
v -0.590671 -0.231267 -0.005680
v -0.539660 -0.231266 0.234306
v -0.000673 -0.231267 -0.005668
v -0.686955 -0.173389 -0.005680
v -0.627620 -0.173389 0.273467
v -0.686955 0.125890 -0.005680
v -0.627620 0.125890 0.273467
v -0.018586 0.125890 -0.005680
v -0.017036 0.125890 0.001618
v -0.018587 1.270428 -0.005680
v -0.017035 1.270428 0.001618
v -0.000675 1.270428 -0.005680
v -0.000673 1.270428 -0.005667
v -0.395449 -0.231267 0.432795
v -0.000665 -0.231267 -0.005657
v -0.459876 -0.173389 0.504348
v -0.459876 0.125889 0.504348
v -0.012650 0.125890 0.007654
v -0.012650 1.270428 0.007654
v -0.000665 1.270428 -0.005657
v -0.182973 -0.231267 0.555468
v -0.000654 -0.231266 -0.005651
v -0.212726 -0.173389 0.647040
v -0.212726 0.125889 0.647040
v -0.006189 0.125890 0.011383
v -0.006189 1.270428 0.011383
v -0.000654 1.270428 -0.005650
v 0.061030 -0.231267 0.581114
v -0.000642 -0.231266 -0.005649
v 0.071094 -0.173389 0.676871
v 0.071094 0.125889 0.676871
v 0.001230 0.125890 0.012164
v 0.001231 1.270428 0.012164
v -0.000642 1.270428 -0.005649
v 0.294369 -0.231267 0.505298
v -0.000629 -0.231267 -0.005653
v 0.342511 -0.173389 0.588682
v 0.342511 0.125889 0.588682
v 0.008326 0.125889 0.009858
v 0.008326 1.270428 0.009858
v -0.000630 1.270428 -0.005653
v 0.476696 -0.231266 0.341129
v -0.000620 -0.231266 -0.005662
v 0.554592 -0.173389 0.397724
v 0.554592 0.125889 0.397724
v 0.013871 0.125890 0.004866
v 0.013871 1.270428 0.004866
v -0.000620 1.270428 -0.005662
v 0.576488 -0.231266 0.116994
v -0.000616 -0.231266 -0.005673
v 0.670668 -0.173389 0.137012
v 0.670668 0.125890 0.137012
v 0.016905 0.125890 -0.001949
v 0.016905 1.270428 -0.001949
v -0.000616 1.270428 -0.005674
v 0.576488 -0.231267 -0.128353
v -0.000615 -0.231267 -0.005686
v 0.670668 -0.173389 -0.148372
v 0.670668 0.125889 -0.148372
v 0.016905 0.125889 -0.009411
v 0.016905 1.270428 -0.009411
v -0.000615 1.270428 -0.005686
v 0.476696 -0.231267 -0.352489
v -0.000620 -0.231267 -0.005698
v 0.554591 -0.173389 -0.409083
v 0.554591 0.125889 -0.409083
v 0.013871 0.125889 -0.016225
v 0.013870 1.270428 -0.016225
v -0.000620 1.270428 -0.005698
v 0.294369 -0.231266 -0.516657
v -0.000629 -0.231266 -0.005706
v 0.342511 -0.173389 -0.600041
v 0.342511 0.125890 -0.600041
v 0.008326 0.125890 -0.021217
v 0.008326 1.270428 -0.021218
v -0.000630 1.270428 -0.005706
v 0.061030 -0.231267 -0.592474
v -0.000642 -0.231267 -0.005710
v 0.071094 -0.173389 -0.688230
v 0.071094 0.125889 -0.688230
v 0.001231 0.125889 -0.023523
v 0.001230 1.270428 -0.023524
v -0.000642 1.270428 -0.005710
v -0.182972 -0.231267 -0.566828
v -0.000654 -0.231267 -0.005709
v -0.212726 -0.173389 -0.658399
v -0.212726 0.125889 -0.658399
v -0.006189 0.125889 -0.022743
v -0.006189 1.270428 -0.022743
v -0.000654 1.270428 -0.005708
v -0.395449 -0.231266 -0.444154
v -0.000665 -0.231267 -0.005703
v -0.459876 -0.173389 -0.515708
v -0.459876 0.125890 -0.515708
v -0.012650 0.125890 -0.019013
v -0.012651 1.270428 -0.019013
v -0.000665 1.270428 -0.005703
v -0.539660 -0.231267 -0.245665
v -0.000672 -0.231267 -0.005692
v -0.627620 -0.173389 -0.284828
v -0.627620 0.125889 -0.284828
v -0.017035 0.125890 -0.012977
v -0.017035 1.270428 -0.012977
v -0.000673 1.270428 -0.005692
vn -0.0000 1.0000 -0.0000
vn 0.2998 0.9540 -0.0000
vn 0.2738 0.9540 -0.1219
vn 0.8846 0.4663 -0.0000
vn 0.8081 0.4663 -0.3598
vn 0.7485 -0.6632 -0.0000
vn 0.6838 -0.6632 -0.3044
vn 0.6534 -0.7570 -0.0000
vn 0.5969 -0.7571 -0.2657
vn 0.7485 -0.6631 -0.0000
vn 0.6837 -0.6632 -0.3044
vn -0.0000 -1.0000 -0.0000
vn 0.2006 0.9540 -0.2228
vn -0.0055 1.0000 -0.0050
vn 0.5919 0.4663 -0.6574
vn 0.5008 -0.6632 -0.5562
vn 0.4372 -0.7570 -0.4856
vn 0.0926 0.9540 -0.2851
vn -0.0072 1.0000 -0.0024
vn 0.2734 0.4663 -0.8413
vn 0.2313 -0.6632 -0.7118
vn 0.2019 -0.7570 -0.6214
vn -0.0313 0.9540 -0.2981
vn 0.0110 0.9999 -0.0012
vn -0.0925 0.4663 -0.8798
vn -0.0782 -0.6632 -0.7444
vn -0.0683 -0.7570 -0.6498
vn -0.0782 -0.6631 -0.7444
vn -0.1499 0.9540 -0.2596
vn -0.4423 0.4663 -0.7661
vn -0.3742 -0.6632 -0.6482
vn -0.3267 -0.7571 -0.5658
vn -0.2425 0.9540 -0.1762
vn -0.0064 0.9999 0.0088
vn -0.7157 0.4663 -0.5200
vn -0.6055 -0.6632 -0.4399
vn -0.5286 -0.7570 -0.3841
vn -0.2932 0.9540 -0.0623
vn 0.0024 0.9999 -0.0112
vn -0.8653 0.4663 -0.1839
vn -0.7321 -0.6632 -0.1556
vn -0.6391 -0.7570 -0.1358
vn -0.2932 0.9540 0.0623
vn -0.0024 0.9999 -0.0114
vn -0.8653 0.4663 0.1839
vn -0.7321 -0.6632 0.1556
vn -0.6391 -0.7571 0.1359
vn -0.7321 -0.6632 0.1557
vn -0.2425 0.9540 0.1762
vn 0.0069 0.9999 0.0095
vn -0.7157 0.4663 0.5200
vn -0.6055 -0.6632 0.4399
vn -0.5286 -0.7571 0.3841
vn -0.6055 -0.6632 0.4400
vn -0.1499 0.9540 0.2596
vn 0.0004 1.0000 0.0002
vn -0.4423 0.4663 0.7661
vn -0.3742 -0.6632 0.6482
vn -0.3267 -0.7570 0.5659
vn -0.3743 -0.6632 0.6482
vn -0.0313 0.9540 0.2981
vn -0.0112 0.9999 -0.0012
vn -0.0925 0.4663 0.8798
vn -0.0782 -0.6632 0.7444
vn -0.0683 -0.7571 0.6498
vn -0.0782 -0.6631 0.7444
vn 0.0926 0.9540 0.2851
vn 0.0036 1.0000 -0.0012
vn 0.2734 0.4663 0.8413
vn 0.2313 -0.6632 0.7118
vn 0.2019 -0.7570 0.6214
vn 0.2006 0.9540 0.2228
vn 0.0027 1.0000 -0.0025
vn 0.5919 0.4663 0.6574
vn 0.5008 -0.6632 0.5562
vn 0.4372 -0.7570 0.4856
vn 0.5008 -0.6631 0.5562
vn 0.2738 0.9540 0.1219
vn 0.8081 0.4663 0.3598
vn 0.6838 -0.6632 0.3044
vn 0.5969 -0.7570 0.2657
vn 0.6837 -0.6632 0.3044
s 1
usemtl wire_000000000
f 2311//1047 2312//1048 2313//1049 2314//1047
f 2312//1048 2315//1050 2316//1051 2313//1049
f 2315//1050 2317//1052 2318//1053 2316//1051
f 2317//1052 2319//1054 2320//1055 2318//1053
f 2319//1054 2321//1056 2322//1057 2320//1055
f 2321//1056 2323//1058 2324//1058 2322//1057
f 2314//1047 2313//1049 2325//1059 2326//1060
f 2313//1049 2316//1051 2327//1061 2325//1059
f 2316//1051 2318//1053 2328//1062 2327//1061
f 2318//1053 2320//1055 2329//1063 2328//1062
f 2320//1055 2322//1057 2330//1062 2329//1063
f 2322//1057 2324//1058 2331//1058 2330//1062
f 2326//1060 2325//1059 2332//1064 2333//1065
f 2325//1059 2327//1061 2334//1066 2332//1064
f 2327//1061 2328//1062 2335//1067 2334//1066
f 2328//1062 2329//1063 2336//1068 2335//1067
f 2329//1063 2330//1062 2337//1067 2336//1068
f 2330//1062 2331//1058 2338//1058 2337//1067
f 2333//1065 2332//1064 2339//1069 2340//1070
f 2332//1064 2334//1066 2341//1071 2339//1069
f 2334//1066 2335//1067 2342//1072 2341//1071
f 2335//1067 2336//1068 2343//1073 2342//1072
f 2336//1068 2337//1067 2344//1074 2343//1073
f 2337//1067 2338//1058 2345//1058 2344//1074
f 2340//1070 2339//1069 2346//1075 2347//1047
f 2339//1069 2341//1071 2348//1076 2346//1075
f 2341//1071 2342//1072 2349//1077 2348//1076
f 2342//1072 2343//1073 2350//1078 2349//1077
f 2343//1073 2344//1074 2351//1077 2350//1078
f 2344//1074 2345//1058 2352//1058 2351//1077
f 2347//1047 2346//1075 2353//1079 2354//1080
f 2346//1075 2348//1076 2355//1081 2353//1079
f 2348//1076 2349//1077 2356//1082 2355//1081
f 2349//1077 2350//1078 2357//1083 2356//1082
f 2350//1078 2351//1077 2358//1082 2357//1083
f 2351//1077 2352//1058 2359//1058 2358//1082
f 2354//1080 2353//1079 2360//1084 2361//1085
f 2353//1079 2355//1081 2362//1086 2360//1084
f 2355//1081 2356//1082 2363//1087 2362//1086
f 2356//1082 2357//1083 2364//1088 2363//1087
f 2357//1083 2358//1082 2365//1087 2364//1088
f 2358//1082 2359//1058 2366//1058 2365//1087
f 2361//1085 2360//1084 2367//1089 2368//1090
f 2360//1084 2362//1086 2369//1091 2367//1089
f 2362//1086 2363//1087 2370//1092 2369//1091
f 2363//1087 2364//1088 2371//1093 2370//1092
f 2364//1088 2365//1087 2372//1094 2371//1093
f 2365//1087 2366//1058 2373//1058 2372//1094
f 2368//1090 2367//1089 2374//1095 2375//1096
f 2367//1089 2369//1091 2376//1097 2374//1095
f 2369//1091 2370//1092 2377//1098 2376//1097
f 2370//1092 2371//1093 2378//1099 2377//1098
f 2371//1093 2372//1094 2379//1100 2378//1099
f 2372//1094 2373//1058 2380//1058 2379//1100
f 2375//1096 2374//1095 2381//1101 2382//1102
f 2374//1095 2376//1097 2383//1103 2381//1101
f 2376//1097 2377//1098 2384//1104 2383//1103
f 2377//1098 2378//1099 2385//1105 2384//1104
f 2378//1099 2379//1100 2386//1106 2385//1105
f 2379//1100 2380//1058 2387//1058 2386//1106
f 2382//1102 2381//1101 2388//1107 2389//1108
f 2381//1101 2383//1103 2390//1109 2388//1107
f 2383//1103 2384//1104 2391//1110 2390//1109
f 2384//1104 2385//1105 2392//1111 2391//1110
f 2385//1105 2386//1106 2393//1112 2392//1111
f 2386//1106 2387//1058 2394//1058 2393//1112
f 2389//1108 2388//1107 2395//1113 2396//1114
f 2388//1107 2390//1109 2397//1115 2395//1113
f 2390//1109 2391//1110 2398//1116 2397//1115
f 2391//1110 2392//1111 2399//1117 2398//1116
f 2392//1111 2393//1112 2400//1116 2399//1117
f 2393//1112 2394//1058 2401//1058 2400//1116
f 2396//1114 2395//1113 2402//1118 2403//1119
f 2395//1113 2397//1115 2404//1120 2402//1118
f 2397//1115 2398//1116 2405//1121 2404//1120
f 2398//1116 2399//1117 2406//1122 2405//1121
f 2399//1117 2400//1116 2407//1123 2406//1122
f 2400//1116 2401//1058 2408//1058 2407//1123
f 2403//1119 2402//1118 2409//1124 2410//1047
f 2402//1118 2404//1120 2411//1125 2409//1124
f 2404//1120 2405//1121 2412//1126 2411//1125
f 2405//1121 2406//1122 2413//1127 2412//1126
f 2406//1122 2407//1123 2414//1128 2413//1127
f 2407//1123 2408//1058 2415//1058 2414//1128
f 2410//1047 2409//1124 2312//1048 2311//1047
f 2409//1124 2411//1125 2315//1050 2312//1048
f 2411//1125 2412//1126 2317//1052 2315//1050
f 2412//1126 2413//1127 2319//1054 2317//1052
f 2413//1127 2414//1128 2321//1056 2319//1054
f 2414//1128 2415//1058 2323//1058 2321//1056
o Shape011
v 0.000960 1.501478 -0.003618
v -0.049315 1.500346 -0.003618
v -0.044965 1.500346 0.016842
v 0.000962 1.501478 -0.003606
v -0.103054 1.496705 -0.003618
v -0.094059 1.496705 0.038701
v -0.158708 1.490593 -0.003618
v -0.144901 1.490593 0.061337
v -0.214725 1.482050 -0.003618
v -0.196076 1.482050 0.084121
v -0.269555 1.471113 -0.003618
v -0.246165 1.471113 0.106422
v -0.321646 1.457822 -0.003618
v -0.293753 1.457822 0.127610
v -0.369448 1.442214 -0.003618
v -0.337422 1.442214 0.147053
v -0.416289 1.442214 -0.003618
v -0.380213 1.442214 0.166105
v -0.416289 1.419990 -0.003618
v -0.380213 1.419990 0.166105
v -0.441167 1.419990 -0.003618
v -0.402941 1.419990 0.176224
v -0.441167 1.391415 -0.003618
v -0.402941 1.391415 0.176224
v -0.416289 1.391415 -0.003618
v -0.380213 1.391415 0.166105
v -0.416289 1.269708 -0.003619
v -0.380213 1.269708 0.166105
v -0.378060 0.978062 -0.003619
v -0.117448 1.021786 -0.003585
v -0.110104 1.021783 0.030510
v -0.348272 0.978064 0.136524
v -0.032670 1.500346 0.033765
v 0.000970 1.501478 -0.003596
v -0.068629 1.496705 0.073702
v -0.105869 1.490593 0.115061
v -0.143351 1.482050 0.156690
v -0.180040 1.471113 0.197437
v -0.214895 1.457822 0.236147
v -0.246881 1.442214 0.271671
v -0.278224 1.442214 0.306481
v -0.278224 1.419990 0.306481
v -0.294871 1.419990 0.324969
v -0.294871 1.391415 0.324969
v -0.278224 1.391415 0.306481
v -0.278224 1.269708 0.306481
v -0.349961 1.238293 0.167670
v -0.345387 1.238293 0.150600
v -0.106996 1.238293 0.044487
v -0.085947 1.238293 0.050161
v -0.077541 1.238293 0.061799
v -0.078684 1.238293 0.083646
v -0.252746 1.238293 0.278123
v -0.270364 1.238293 0.277225
v -0.014555 1.500346 0.044224
v 0.000981 1.501478 -0.003589
v -0.031161 1.496705 0.095334
v -0.048359 1.490593 0.148264
v -0.065670 1.482050 0.201540
v -0.082613 1.471113 0.253686
v -0.098710 1.457822 0.303227
v -0.113482 1.442214 0.348690
v -0.127956 1.442214 0.393238
v -0.127956 1.419990 0.393238
v -0.135644 1.419990 0.416899
v -0.135644 1.391415 0.416899
v -0.127956 1.391415 0.393238
v -0.127956 1.269708 0.393238
v -0.240191 1.111012 0.285141
v -0.066516 1.079857 0.091097
v -0.036328 1.080264 0.109101
v -0.116133 1.110988 0.356741
v 0.006249 1.500346 0.046411
v 0.000994 1.501478 -0.003587
v 0.011866 1.496705 0.099857
v 0.017683 1.490593 0.155206
v 0.023539 1.482050 0.210916
v 0.029270 1.471113 0.265445
v 0.034715 1.457822 0.317251
v 0.039712 1.442214 0.364791
v 0.044608 1.442214 0.411375
v 0.044608 1.419990 0.411375
v 0.047209 1.419990 0.436117
v 0.047209 1.391415 0.436117
v 0.044608 1.391415 0.411375
v 0.044608 1.269708 0.411375
v -0.101917 0.978062 0.358375
v -0.022013 1.021788 0.110432
v 0.013860 1.021785 0.114179
v 0.040612 0.978062 0.373355
v 0.026143 1.500346 0.039948
v 0.001006 1.501478 -0.003592
v 0.053013 1.496705 0.086487
v 0.080840 1.490593 0.134685
v 0.108848 1.482050 0.183197
v 0.136263 1.471113 0.230681
v 0.162309 1.457822 0.275793
v 0.186210 1.442214 0.317191
v 0.209630 1.442214 0.357757
v 0.209630 1.419990 0.357757
v 0.222069 1.419990 0.379301
v 0.222069 1.391415 0.379301
v 0.209630 1.391415 0.357757
v 0.209630 1.269708 0.357757
v 0.060510 1.021788 0.098631
v 0.190515 0.978063 0.324648
v 0.041688 1.500346 0.025951
v 0.001015 1.501478 -0.003601
v 0.085164 1.496705 0.057537
v 0.130189 1.490593 0.090250
v 0.175508 1.482050 0.123176
v 0.219866 1.471113 0.155405
v 0.262009 1.457822 0.186023
v 0.300682 1.442214 0.214121
v 0.338576 1.442214 0.241653
v 0.338576 1.419990 0.241653
v 0.358704 1.419990 0.256275
v 0.358704 1.391415 0.256275
v 0.338576 1.391415 0.241653
v 0.338576 1.269708 0.241653
v 0.087127 1.021787 0.074676
v 0.297049 0.978062 0.228726
v 0.050196 1.500346 0.006840
v 0.001020 1.501478 -0.003612
v 0.102761 1.496705 0.018013
v 0.157199 1.490593 0.029585
v 0.211992 1.482050 0.041231
v 0.265623 1.471113 0.052632
v 0.316576 1.457822 0.063462
v 0.363334 1.442214 0.073400
v 0.409151 1.442214 0.083139
v 0.409151 1.419990 0.083139
v 0.433485 1.419990 0.088312
v 0.433485 1.391415 0.088312
v 0.409151 1.391415 0.083139
v 0.409151 1.269708 0.083139
v 0.324806 1.238293 0.214671
v 0.307775 1.238293 0.219191
v 0.097705 1.238293 0.065032
v 0.091746 1.238293 0.043747
v 0.096977 1.238293 0.031089
v 0.116075 1.238293 0.021023
v 0.371860 1.238293 0.075222
v 0.379885 1.238293 0.090960
v 0.050196 1.500346 -0.014077
v 0.001020 1.501478 -0.003624
v 0.102761 1.496705 -0.025250
v 0.157199 1.490593 -0.036822
v 0.211992 1.482050 -0.048468
v 0.265623 1.471113 -0.059868
v 0.316576 1.457821 -0.070698
v 0.363334 1.442214 -0.080637
v 0.409151 1.442214 -0.090375
v 0.409151 1.419990 -0.090375
v 0.433486 1.419990 -0.095548
v 0.433486 1.391415 -0.095548
v 0.409151 1.391415 -0.090375
v 0.409151 1.269708 -0.090375
v 0.371842 1.133281 0.060875
v 0.116434 1.081428 0.006757
v 0.117704 1.081444 -0.028217
v 0.371603 1.133247 -0.082384
v 0.041688 1.500346 -0.033186
v 0.001015 1.501478 -0.003636
v 0.085164 1.496705 -0.064773
v 0.130189 1.490593 -0.097487
v 0.175507 1.482049 -0.130413
v 0.219865 1.471113 -0.162640
v 0.262009 1.457821 -0.193260
v 0.300681 1.442214 -0.221357
v 0.338576 1.442214 -0.248890
v 0.338576 1.419990 -0.248890
v 0.358703 1.419990 -0.263511
v 0.358703 1.391415 -0.263511
v 0.338576 1.391415 -0.248890
v 0.338576 1.269708 -0.248890
v 0.365925 0.978046 -0.095520
v 0.111346 1.021826 -0.041209
v 0.096095 1.021795 -0.073144
v 0.307648 0.978065 -0.226418
v 0.026142 1.500346 -0.047184
v 0.001006 1.501478 -0.003645
v 0.053012 1.496705 -0.093723
v 0.080840 1.490593 -0.141922
v 0.108848 1.482050 -0.190433
v 0.136263 1.471113 -0.237917
v 0.162309 1.457822 -0.283030
v 0.186209 1.442214 -0.324428
v 0.209630 1.442214 -0.364993
v 0.209630 1.419990 -0.364993
v 0.222069 1.419990 -0.386538
v 0.222069 1.391415 -0.386538
v 0.209630 1.391415 -0.364993
v 0.209630 1.269708 -0.364993
v 0.061469 1.021783 -0.105603
v 0.190515 0.978061 -0.331885
v 0.006248 1.500346 -0.053648
v 0.000993 1.501478 -0.003648
v 0.011866 1.496705 -0.107093
v 0.017683 1.490593 -0.162442
v 0.023539 1.482049 -0.218152
v 0.029270 1.471113 -0.272682
v 0.034715 1.457821 -0.324487
v 0.039711 1.442214 -0.372028
v 0.044608 1.442214 -0.418612
v 0.044608 1.419990 -0.418612
v 0.047208 1.419990 -0.443354
v 0.047208 1.391415 -0.443354
v 0.044608 1.391415 -0.418612
v 0.044608 1.269708 -0.418612
v 0.027110 1.021791 -0.116878
v 0.054262 0.978060 -0.376156
v -0.014555 1.500345 -0.051461
v 0.000981 1.501478 -0.003647
v -0.031161 1.496705 -0.102570
v -0.048359 1.490593 -0.155501
v -0.065670 1.482049 -0.208776
v -0.082613 1.471113 -0.260922
v -0.098710 1.457821 -0.310463
v -0.113482 1.442214 -0.355926
v -0.127956 1.442214 -0.400474
v -0.127956 1.419990 -0.400474
v -0.135644 1.419990 -0.424135
v -0.135644 1.391415 -0.424135
v -0.127956 1.391415 -0.400474
v -0.127956 1.269708 -0.400474
v 0.028126 1.238293 -0.393196
v 0.040628 1.238293 -0.380699
v 0.013457 1.238293 -0.121237
v -0.001969 1.238293 -0.105791
v -0.018049 1.238293 -0.104086
v -0.036314 1.238293 -0.115970
v -0.120515 1.238293 -0.377573
v -0.032670 1.500346 -0.041002
v 0.000970 1.501478 -0.003641
v -0.068629 1.496705 -0.080938
v -0.105869 1.490593 -0.122297
v -0.143352 1.482050 -0.163926
v -0.180040 1.471113 -0.204672
v -0.214896 1.457822 -0.243384
v -0.246882 1.442214 -0.278907
v -0.278224 1.442214 -0.313716
v -0.278224 1.419990 -0.313716
v -0.294871 1.419990 -0.332205
v -0.294871 1.391415 -0.332205
v -0.278224 1.391415 -0.313716
v -0.278224 1.269708 -0.313716
v -0.128580 1.110999 -0.356818
v -0.048766 1.080240 -0.108844
v -0.078823 1.080254 -0.090972
v -0.252593 1.110991 -0.285185
v -0.044965 1.500346 -0.024079
v 0.000962 1.501478 -0.003631
v -0.094059 1.496705 -0.045936
v -0.144901 1.490593 -0.068574
v -0.196076 1.482050 -0.091358
v -0.246165 1.471113 -0.113658
v -0.293753 1.457822 -0.134846
v -0.337422 1.442214 -0.154289
v -0.380214 1.442214 -0.173340
v -0.380214 1.419990 -0.173340
v -0.402941 1.419990 -0.183460
v -0.402941 1.391415 -0.183460
v -0.380214 1.391415 -0.173340
v -0.380214 1.269708 -0.173340
v -0.261108 0.978060 -0.273657
v -0.087177 1.021791 -0.079264
v -0.107087 1.021788 -0.051696
v -0.345289 0.978062 -0.157792
v -0.404249 1.268708 -0.003619
v -0.369214 1.268708 0.161208
v -0.369214 1.268708 -0.168444
v -0.270168 1.268708 -0.304769
v -0.124236 1.268708 -0.389023
v 0.043349 1.268708 -0.406638
v 0.203609 1.268708 -0.354565
v 0.328835 1.268708 -0.241811
v 0.397374 1.268708 -0.087872
v 0.397374 1.268708 0.080636
v 0.328836 1.268708 0.234576
v 0.203610 1.268708 0.347329
v 0.043349 1.268708 0.399401
v -0.124236 1.268708 0.381787
v -0.270167 1.268708 0.297533
v 0.000960 1.269708 -0.003619
v 0.000962 1.269708 -0.003606
v -0.010031 1.268708 0.001288
v -0.011088 1.268708 -0.003619
v 0.000970 1.269708 -0.003596
v -0.007153 1.268708 0.005272
v 0.000981 1.269708 -0.003589
v -0.002824 1.268708 0.007855
v 0.000994 1.269708 -0.003588
v 0.002302 1.268708 0.008390
v 0.001006 1.269708 -0.003592
v 0.007059 1.268708 0.006805
v 0.001015 1.269708 -0.003601
v 0.010880 1.268708 0.003367
v 0.001020 1.269708 -0.003612
v 0.012727 1.268708 -0.001106
v 0.001020 1.269708 -0.003624
v 0.012878 1.268708 -0.006123
v 0.001015 1.269708 -0.003636
v 0.010688 1.268708 -0.010711
v 0.001006 1.269708 -0.003645
v 0.007157 1.268708 -0.014021
v 0.000993 1.269708 -0.003649
v 0.002264 1.268708 -0.015626
v 0.000981 1.269708 -0.003647
v -0.002832 1.268708 -0.015087
v 0.000970 1.269708 -0.003641
v -0.007153 1.268708 -0.012509
v 0.000962 1.269708 -0.003631
v -0.010031 1.268708 -0.008524
v -0.404249 1.239293 -0.003619
v -0.369214 1.239293 0.161208
v -0.369214 1.239293 -0.168444
v -0.270168 1.239293 -0.304769
v -0.124236 1.239293 -0.389023
v 0.043349 1.239293 -0.406638
v 0.203609 1.239293 -0.354565
v 0.328835 1.239293 -0.241811
v 0.397374 1.239293 -0.087872
v 0.397374 1.239293 0.080636
v 0.328836 1.239293 0.234576
v 0.203610 1.239293 0.347329
v 0.043349 1.239293 0.399401
v -0.124236 1.239293 0.381787
v -0.270167 1.239293 0.297533
v -0.010031 1.239293 0.001288
v -0.011088 1.239293 -0.003618
v -0.007153 1.239293 0.005272
v -0.002824 1.239293 0.007855
v 0.002302 1.239293 0.008390
v 0.007059 1.239293 0.006805
v 0.010880 1.239293 0.003367
v 0.012727 1.239293 -0.001106
v 0.012878 1.239293 -0.006123
v 0.010688 1.239293 -0.010711
v 0.007157 1.239293 -0.014021
v 0.002264 1.239293 -0.015626
v -0.002832 1.239293 -0.015087
v -0.007153 1.239293 -0.012509
v -0.010031 1.239293 -0.008524
v -0.392208 1.238293 -0.003619
v -0.361134 1.238293 0.142576
v -0.358215 1.238293 -0.163547
v -0.262111 1.238293 -0.295822
v 0.197589 1.238293 -0.344139
v 0.055445 1.238293 -0.390323
v 0.319094 1.238293 -0.234734
v 0.385596 1.238293 -0.085369
v 0.385596 1.238293 0.064091
v 0.197590 1.238293 0.336902
v 0.308660 1.238293 0.236894
v 0.042091 1.238293 0.387427
v -0.120515 1.238293 0.370336
v -0.249951 1.238293 0.295606
v -0.081343 1.238445 0.033062
v -0.097124 1.238293 0.025052
v -0.103291 1.238293 -0.003585
v -0.059840 1.238446 0.062826
v -0.031938 1.238293 0.095480
v -0.057261 1.238293 0.080376
v 0.012322 1.238293 0.100104
v 0.053396 1.238293 0.086413
v 0.074918 1.238445 0.048623
v 0.075947 1.238293 0.066118
v 0.088611 1.238446 0.015168
v 0.103638 1.238293 -0.025217
v 0.102760 1.238293 0.004077
v 0.084727 1.238293 -0.064828
v 0.054241 1.238293 -0.093410
v 0.010512 1.238445 -0.093310
v 0.025336 1.238293 -0.102894
v -0.027571 1.238445 -0.089286
v -0.069320 1.238293 -0.080350
v -0.044071 1.238293 -0.095412
v -0.094168 1.238293 -0.045946
v -0.345387 1.112674 0.150600
v -0.106996 1.112674 0.044487
v -0.392208 1.112674 -0.003619
v -0.361134 1.112674 0.142576
v -0.358215 1.112674 -0.163547
v -0.271856 1.126716 -0.285713
v -0.120515 1.126716 -0.377573
v -0.036314 1.094370 -0.115970
v -0.078998 1.092615 -0.070178
v -0.044071 1.092615 -0.095412
v -0.094168 1.112674 -0.045946
v -0.103291 1.112674 -0.003585
v -0.097124 1.112674 0.025052
v -0.078684 1.093942 0.083646
v -0.252746 1.125137 0.278123
v -0.018325 1.092768 0.098921
v -0.057261 1.092310 0.080376
v 0.012322 1.112674 0.100104
v 0.053396 1.112674 0.086413
v 0.075947 1.112674 0.066118
v 0.307775 1.112675 0.219191
v 0.097705 1.112674 0.065032
v 0.197590 1.112674 0.336902
v 0.308660 1.112675 0.236894
v 0.042091 1.112675 0.387427
v -0.106887 1.126716 0.373721
v -0.249951 1.126716 0.295606
v 0.116075 1.095679 0.021023
v 0.371860 1.147629 0.075222
v 0.099645 1.092615 -0.038678
v 0.102760 1.092615 0.004077
v 0.084727 1.112674 -0.064828
v 0.054241 1.112674 -0.093410
v 0.025336 1.112674 -0.102894
v 0.040628 1.112674 -0.380698
v 0.013457 1.112674 -0.121237
v 0.197589 1.112674 -0.344139
v 0.055445 1.112674 -0.390323
v 0.319094 1.112674 -0.234734
v 0.381714 1.150144 -0.098862
v 0.385596 1.150144 0.064091
v -0.078683 1.036043 -0.090815
v -0.252748 0.992280 -0.285358
v -0.094168 1.038201 -0.045946
v -0.077541 1.038201 -0.068966
v -0.103291 1.038201 -0.003585
v -0.097124 1.038201 0.025052
v -0.345387 0.992281 0.150600
v -0.106996 1.036043 0.044487
v -0.392208 0.989730 -0.003619
v -0.361134 0.989730 0.142576
v -0.358215 0.989730 -0.163547
v -0.270364 0.989730 -0.284462
v -0.036245 1.036041 0.108844
v -0.116208 0.992284 0.356972
v 0.012322 1.038201 0.100104
v -0.017973 1.038201 0.096938
v 0.053396 1.038201 0.086413
v 0.075947 1.038201 0.066118
v 0.307775 0.992285 0.219191
v 0.097705 1.036040 0.065032
v 0.197590 0.989730 0.336902
v 0.308660 0.989730 0.236894
v 0.042091 0.989730 0.387427
v -0.106550 0.989730 0.371804
v 0.117370 1.036038 -0.028145
v 0.371864 0.992288 -0.082439
v 0.084727 1.038201 -0.064828
v 0.097588 1.038201 -0.037887
v 0.054241 1.038201 -0.093410
v 0.025336 1.038201 -0.102894
v 0.040628 0.992282 -0.380698
v 0.013457 1.036042 -0.121237
v 0.197589 0.989730 -0.344139
v 0.055445 0.989730 -0.390323
v 0.319094 0.989730 -0.234734
v 0.379885 0.989730 -0.098197
v -0.100369 1.027076 0.026416
v -0.100101 1.028564 0.035733
v -0.107685 1.025375 0.040954
v -0.346196 0.981592 0.147121
v -0.354502 0.981861 0.148974
v -0.357918 0.979793 0.141063
v -0.355737 1.238293 0.151449
v -0.098114 1.238293 0.036774
v -0.068646 1.238293 0.077597
v -0.256730 1.238293 0.287725
v -0.247511 1.115769 0.292990
v -0.253983 1.117323 0.287297
v -0.249641 1.114541 0.279914
v -0.075609 1.083344 0.085471
v -0.068291 1.084062 0.079840
v -0.059575 1.082175 0.083056
v -0.105392 0.979793 0.368446
v -0.113620 0.981862 0.365875
v -0.112665 0.981593 0.357415
v -0.032657 1.025375 0.109148
v -0.028275 1.028565 0.101048
v -0.018983 1.027077 0.100312
v 0.078742 1.027077 0.068257
v 0.086689 1.028565 0.063393
v 0.094982 1.025374 0.067386
v 0.305171 0.981594 0.221632
v 0.310904 0.981863 0.227931
v 0.305757 0.979793 0.234852
v 0.313656 1.238293 0.227770
v 0.086605 1.238293 0.061150
v 0.105878 1.238293 0.015332
v 0.382162 1.238293 0.073894
v 0.382158 1.138908 0.063287
v 0.380458 1.140355 0.071738
v 0.371987 1.136911 0.071663
v 0.116033 1.084932 0.017429
v 0.107623 1.084933 0.013908
v 0.106178 1.082798 0.004747
v 0.376395 0.979788 -0.097527
v 0.378283 0.981859 -0.089119
v 0.370474 0.981592 -0.085730
v 0.115769 1.025382 -0.031391
v 0.106515 1.028570 -0.031124
v 0.101028 1.027087 -0.038719
v 0.025779 1.027078 -0.106391
v 0.017590 1.028565 -0.110861
v 0.016860 1.025377 -0.120051
v 0.044047 0.981591 -0.379658
v 0.046590 0.981861 -0.387780
v 0.055149 0.979792 -0.386782
v 0.045064 1.238293 -0.390087
v 0.015695 1.238293 -0.109668
v -0.036102 1.238293 -0.104148
v -0.039412 1.083762 -0.114143
v -0.038207 1.084467 -0.104927
v -0.045245 1.082501 -0.098770
v -0.268050 0.979792 -0.281761
v -0.261716 0.981860 -0.287597
v -0.254903 0.981590 -0.282505
v -0.080742 1.025378 -0.087855
v -0.075948 1.028565 -0.079975
v -0.079950 1.027078 -0.071541
v -0.036102 1.093054 -0.104148
v -0.068646 1.092645 0.077597
v -0.256730 1.126321 0.287725
v 0.105878 1.093381 0.015332
v 0.382162 1.149516 0.073894
v -0.073716 1.037662 -0.080121
v -0.261834 0.990368 -0.290366
v -0.098114 1.037662 0.036774
v -0.355737 0.990368 0.151449
v -0.029523 1.037661 0.099185
v -0.115947 0.990369 0.367362
v 0.086605 1.037661 0.061150
v 0.313656 0.990369 0.227770
v 0.105558 1.037660 -0.029117
v 0.380736 0.990369 -0.087843
v 0.015695 1.037662 -0.109668
v 0.045064 0.990368 -0.390087
v -0.106830 1.027077 -0.003585
v -0.388671 0.979792 -0.003619
v -0.029625 1.082557 0.099758
v -0.115786 1.115919 0.367655
v 0.012707 1.027077 0.103623
v 0.041721 0.979793 0.383909
v 0.055175 1.027078 0.089468
v 0.195821 0.979793 0.333839
v 0.106173 1.082830 -0.029358
v 0.381006 1.138975 -0.088067
v 0.087569 1.027079 -0.066907
v 0.316233 0.979793 -0.232655
v 0.056048 1.027076 -0.096458
v 0.195821 0.979792 -0.341075
v -0.122531 1.115766 -0.372384
v -0.074139 1.082524 -0.080463
v -0.262171 1.115921 -0.290373
v -0.097398 1.027078 -0.047383
v -0.354983 0.979793 -0.162108
v -0.355737 1.112674 0.151449
v -0.098114 1.112674 0.036774
v 0.086605 1.112674 0.061150
v 0.313656 1.112675 0.227770
v 0.015695 1.112674 -0.109668
v 0.045064 1.112674 -0.390087
vn -0.0225 0.9997 -0.0000
vn -0.0481 0.9988 -0.0000
vn -0.0439 0.9988 0.0196
vn -0.0206 0.9997 0.0091
vn -0.0912 0.9958 -0.0000
vn -0.0833 0.9958 0.0371
vn -0.1327 0.9912 -0.0000
vn -0.1213 0.9912 0.0540
vn -0.1762 0.9844 -0.0000
vn -0.1609 0.9844 0.0717
vn -0.2249 0.9744 -0.0000
vn -0.2054 0.9744 0.0915
vn -0.2830 0.9591 -0.0000
vn -0.2585 0.9591 0.1151
vn -0.1366 0.9906 -0.0000
vn -0.1248 0.9906 0.0556
vn -0.7485 0.6632 -0.0000
vn -0.6838 0.6632 0.3044
vn -0.6534 0.7570 -0.0000
vn -0.5969 0.7570 0.2658
vn -0.7485 -0.6632 -0.0000
vn -0.6838 -0.6632 0.3044
vn -0.6534 -0.7570 -0.0000
vn -0.5969 -0.7570 0.2658
vn -0.7722 -0.6354 -0.0000
vn -0.7054 -0.6354 0.3141
vn -0.0195 -0.9998 -0.0000
vn 0.2909 -0.9568 -0.0000
vn 0.3545 -0.9324 0.0707
vn 0.0664 -0.9874 0.1433
vn -0.0322 0.9988 0.0357
vn -0.0151 0.9997 0.0167
vn -0.0610 0.9958 0.0677
vn -0.0888 0.9912 0.0986
vn -0.1179 0.9844 0.1309
vn -0.1505 0.9744 0.1671
vn -0.1894 0.9591 0.2103
vn -0.0914 0.9906 0.1015
vn -0.5008 0.6632 0.5562
vn -0.4372 0.7570 0.4856
vn -0.5008 -0.6632 0.5562
vn -0.4372 -0.7570 0.4856
vn -0.5167 -0.6354 0.5738
vn -0.0360 -0.9991 0.0230
vn 0.1647 -0.7469 0.6443
vn 0.3601 -0.7419 0.5656
vn 0.0044 -1.0000 -0.0034
vn 0.0047 -1.0000 -0.0031
vn -0.4274 -0.7421 -0.5163
vn -0.5628 -0.7468 -0.3542
vn -0.0330 -0.9991 0.0271
vn -0.0149 0.9988 0.0457
vn -0.0070 0.9997 0.0214
vn -0.0282 0.9958 0.0867
vn -0.0410 0.9912 0.1262
vn -0.0544 0.9844 0.1676
vn -0.0695 0.9744 0.2138
vn -0.0874 0.9591 0.2691
vn -0.0422 0.9906 0.1299
vn -0.2313 0.6632 0.7118
vn -0.2019 0.7570 0.6214
vn -0.2313 -0.6632 0.7118
vn -0.2019 -0.7570 0.6214
vn -0.2386 -0.6354 0.7344
vn -0.2482 -0.9604 0.1269
vn -0.0887 -0.9867 -0.1363
vn -0.6166 -0.7108 -0.3387
vn -0.7733 -0.6231 0.1175
vn 0.0050 0.9988 0.0478
vn 0.0024 0.9997 0.0224
vn 0.0095 0.9958 0.0907
vn 0.0139 0.9912 0.1320
vn 0.0184 0.9844 0.1752
vn 0.0235 0.9744 0.2236
vn 0.0296 0.9591 0.2814
vn 0.0143 0.9906 0.1358
vn 0.0782 0.6632 0.7444
vn 0.0683 0.7570 0.6498
vn 0.0782 -0.6632 0.7444
vn 0.0683 -0.7570 0.6498
vn 0.0807 -0.6354 0.7679
vn -0.1497 -0.9874 -0.0507
vn -0.1083 -0.9324 -0.3449
vn -0.0314 -0.9568 -0.2891
vn 0.0020 -0.9998 0.0194
vn 0.0240 0.9988 0.0416
vn 0.0114 0.9997 0.0194
vn 0.0456 0.9958 0.0789
vn 0.0664 0.9912 0.1150
vn 0.0881 0.9844 0.1526
vn 0.1124 0.9744 0.1947
vn 0.1415 0.9591 0.2451
vn 0.0683 0.9906 0.1183
vn 0.3742 0.6632 0.6482
vn 0.3267 0.7570 0.5658
vn 0.3742 -0.6632 0.6482
vn 0.3267 -0.7570 0.5658
vn 0.3861 -0.6354 0.6687
vn -0.1466 -0.9565 -0.2522
vn 0.0097 -0.9998 0.0169
vn 0.0389 0.9988 0.0283
vn 0.0186 0.9997 0.0127
vn 0.0738 0.9958 0.0536
vn 0.1074 0.9912 0.0780
vn 0.1425 0.9844 0.1036
vn 0.1819 0.9744 0.1322
vn 0.2289 0.9591 0.1663
vn 0.1105 0.9906 0.0803
vn 0.6055 0.6632 0.4399
vn 0.5286 0.7570 0.3840
vn 0.6055 -0.6632 0.4399
vn 0.5286 -0.7570 0.3840
vn 0.6247 -0.6354 0.4539
vn -0.1149 -0.9324 -0.3426
vn 0.0916 -0.9874 -0.1288
vn 0.0470 0.9988 0.0100
vn 0.0220 0.9997 0.0047
vn 0.0892 0.9958 0.0190
vn 0.1298 0.9912 0.0276
vn 0.1723 0.9844 0.0366
vn 0.2199 0.9744 0.0467
vn 0.2768 0.9591 0.0588
vn 0.1336 0.9906 0.0284
vn 0.7321 0.6632 0.1556
vn 0.6391 0.7570 0.1358
vn 0.7321 -0.6632 0.1556
vn 0.6391 -0.7570 0.1358
vn 0.7553 -0.6354 0.1605
vn 0.0379 -0.9991 0.0197
vn 0.4777 -0.7468 -0.4626
vn 0.3125 -0.7419 -0.5932
vn -0.0052 -1.0000 -0.0020
vn -0.0051 -1.0000 -0.0023
vn -0.2354 -0.7424 0.6273
vn -0.0268 -0.7469 0.6644
vn 0.0400 -0.9991 0.0150
vn 0.0470 0.9988 -0.0100
vn 0.0220 0.9997 -0.0047
vn 0.0892 0.9958 -0.0190
vn 0.1298 0.9912 -0.0276
vn 0.1723 0.9844 -0.0366
vn 0.2199 0.9744 -0.0468
vn 0.2768 0.9591 -0.0588
vn 0.1336 0.9906 -0.0284
vn 0.7321 0.6632 -0.1556
vn 0.6391 0.7570 -0.1358
vn 0.7321 -0.6632 -0.1556
vn 0.6391 -0.7570 -0.1358
vn 0.7553 -0.6354 -0.1605
vn 0.3050 -0.9399 0.1532
vn 0.0030 -0.9880 0.1547
vn 0.0782 -0.7028 0.7071
vn 0.5231 -0.6014 0.6039
vn 0.0389 0.9988 -0.0283
vn 0.0182 0.9997 -0.0132
vn 0.0737 0.9958 -0.0536
vn 0.1074 0.9912 -0.0780
vn 0.1425 0.9844 -0.1036
vn 0.1819 0.9744 -0.1322
vn 0.2289 0.9591 -0.1663
vn 0.1105 0.9906 -0.0803
vn 0.6055 0.6632 -0.4399
vn 0.5286 0.7570 -0.3840
vn 0.6055 -0.6632 -0.4399
vn 0.5286 -0.7570 -0.3840
vn 0.6247 -0.6354 -0.4539
vn 0.0311 -0.9874 0.1555
vn -0.2408 -0.9321 0.2706
vn -0.2366 -0.9559 0.1738
vn 0.0158 -0.9998 -0.0114
vn 0.0240 0.9988 -0.0416
vn 0.0113 0.9997 -0.0195
vn 0.0456 0.9958 -0.0789
vn 0.0664 0.9912 -0.1150
vn 0.0881 0.9844 -0.1526
vn 0.1124 0.9744 -0.1947
vn 0.1415 0.9591 -0.2451
vn 0.0683 0.9906 -0.1183
vn 0.3742 0.6632 -0.6482
vn 0.3267 0.7570 -0.5658
vn 0.3742 -0.6632 -0.6482
vn 0.3267 -0.7570 -0.5658
vn 0.3861 -0.6354 -0.6687
vn -0.1482 -0.9569 0.2496
vn 0.0096 -0.9998 -0.0170
vn 0.0050 0.9988 -0.0478
vn 0.0027 0.9997 -0.0224
vn 0.0095 0.9958 -0.0907
vn 0.0139 0.9911 -0.1320
vn 0.0184 0.9844 -0.1752
vn 0.0235 0.9744 -0.2236
vn 0.0296 0.9591 -0.2814
vn 0.0143 0.9906 -0.1358
vn 0.0782 0.6632 -0.7444
vn 0.0683 0.7570 -0.6498
vn 0.0782 -0.6632 -0.7444
vn 0.0683 -0.7570 -0.6498
vn 0.0807 -0.6354 -0.7679
vn -0.2396 -0.9323 0.2710
vn -0.1574 -0.9874 -0.0142
vn -0.0149 0.9988 -0.0457
vn -0.0070 0.9997 -0.0214
vn -0.0282 0.9958 -0.0867
vn -0.0410 0.9911 -0.1263
vn -0.0544 0.9844 -0.1676
vn -0.0695 0.9744 -0.2138
vn -0.0874 0.9591 -0.2691
vn -0.0422 0.9906 -0.1299
vn -0.2313 0.6632 -0.7118
vn -0.2019 0.7570 -0.6214
vn -0.2313 -0.6632 -0.7118
vn -0.2019 -0.7570 -0.6214
vn -0.2386 -0.6354 -0.7344
vn -0.0019 -0.9991 -0.0427
vn -0.6404 -0.7469 -0.1792
vn -0.6700 -0.7418 0.0291
vn 0.0008 -1.0000 0.0055
vn 0.0004 -1.0000 0.0056
vn 0.6618 -0.7415 -0.1100
vn 0.1149 -0.9119 -0.3940
vn -0.0321 0.9988 -0.0357
vn -0.0154 0.9997 -0.0164
vn -0.0610 0.9958 -0.0677
vn -0.0888 0.9912 -0.0986
vn -0.1179 0.9844 -0.1309
vn -0.1505 0.9744 -0.1671
vn -0.1894 0.9591 -0.2103
vn -0.0914 0.9906 -0.1015
vn -0.5008 0.6632 -0.5562
vn -0.4372 0.7570 -0.4856
vn -0.5008 -0.6632 -0.5562
vn -0.4372 -0.7570 -0.4856
vn -0.5167 -0.6354 -0.5738
vn 0.0024 -0.9693 -0.2459
vn 0.1682 -0.9857 -0.0134
vn 0.6083 -0.7063 -0.3622
vn 0.2879 -0.6238 -0.7266
vn -0.0439 0.9988 -0.0196
vn -0.0206 0.9997 -0.0092
vn -0.0833 0.9958 -0.0371
vn -0.1213 0.9912 -0.0540
vn -0.1609 0.9844 -0.0717
vn -0.2054 0.9744 -0.0915
vn -0.2585 0.9591 -0.1151
vn -0.1248 0.9906 -0.0556
vn -0.6838 0.6632 -0.3044
vn -0.5969 0.7570 -0.2658
vn -0.6838 -0.6632 -0.3044
vn -0.5969 -0.7570 -0.2658
vn -0.7054 -0.6354 -0.3141
vn 0.1193 -0.9874 -0.1036
vn 0.3532 -0.9322 0.0787
vn 0.2663 -0.9566 0.1185
vn -0.0178 -0.9998 -0.0079
vn -0.6886 -0.7251 -0.0000
vn -0.6291 -0.7251 0.2801
vn -0.6291 -0.7251 -0.2801
vn -0.4608 -0.7251 -0.5117
vn -0.2128 -0.7251 -0.6549
vn 0.0720 -0.7251 -0.6848
vn 0.3443 -0.7251 -0.5963
vn 0.5571 -0.7251 -0.4047
vn 0.6735 -0.7251 -0.1432
vn 0.6735 -0.7251 0.1432
vn 0.5571 -0.7251 0.4047
vn 0.3443 -0.7251 0.5963
vn 0.0720 -0.7251 0.6848
vn -0.2128 -0.7251 0.6549
vn -0.4608 -0.7251 0.5117
vn 0.0827 -0.9966 -0.0000
vn 0.0757 -0.9966 -0.0336
vn 0.7050 -0.6359 -0.3139
vn 0.7726 -0.6349 -0.0000
vn 0.0559 -0.9966 -0.0612
vn 0.5210 -0.6365 -0.5688
vn 0.0260 -0.9966 -0.0785
vn 0.2439 -0.6341 -0.7338
vn -0.0091 -0.9966 -0.0822
vn -0.0839 -0.6348 -0.7681
vn -0.0417 -0.9966 -0.0716
vn -0.3882 -0.6361 -0.6668
vn -0.0674 -0.9966 -0.0476
vn -0.6324 -0.6330 -0.4466
vn -0.0814 -0.9965 -0.0174
vn -0.7509 -0.6406 -0.1607
vn -0.0805 -0.9966 0.0169
vn -0.7595 -0.6305 0.1600
vn -0.0672 -0.9965 0.0489
vn -0.6204 -0.6396 0.4538
vn -0.0420 -0.9966 0.0711
vn -0.3944 -0.6339 0.6653
vn -0.0086 -0.9966 0.0823
vn -0.0815 -0.6351 0.7681
vn 0.0264 -0.9966 0.0783
vn 0.2445 -0.6342 0.7335
vn 0.0557 -0.9966 0.0613
vn 0.5210 -0.6365 0.5688
vn 0.0756 -0.9966 0.0338
vn 0.7050 -0.6359 0.3139
vn -0.7721 -0.6354 -0.0000
vn -0.6838 -0.6631 0.3045
vn 0.6391 0.7570 0.1359
vn 0.5286 0.7570 0.3841
vn -0.5008 -0.6631 0.5563
vn 0.6019 -0.7523 -0.2680
vn 0.6573 -0.7536 -0.0000
vn 0.4456 -0.7515 -0.4865
vn 0.2069 -0.7548 -0.6224
vn -0.0714 -0.7538 -0.6532
vn -0.3316 -0.7520 -0.5697
vn -0.5343 -0.7564 -0.3773
vn -0.6514 -0.7458 -0.1394
vn -0.6359 -0.7601 0.1340
vn -0.5365 -0.7472 0.3924
vn -0.3343 -0.7551 0.5640
vn -0.0694 -0.7534 0.6539
vn 0.2075 -0.7546 0.6225
vn 0.4456 -0.7515 0.4865
vn 0.6019 -0.7523 0.2680
vn 0.7977 -0.1665 -0.5796
vn 0.9551 -0.1767 -0.2377
vn 0.6305 -0.7678 -0.1139
vn 0.5479 -0.7357 -0.3981
vn -0.6886 -0.7252 -0.0000
vn -0.4505 -0.7288 -0.5157
vn -0.6492 -0.7177 0.2519
vn 0.5571 -0.7251 -0.4048
vn 0.3443 -0.7252 -0.5963
vn 0.6710 -0.7300 -0.1294
vn 0.1064 -0.7177 -0.6882
vn 0.6874 -0.7176 0.1114
vn 0.0720 -0.7251 0.6849
vn 0.3443 -0.7252 0.5963
vn -0.2213 -0.7288 0.6479
vn 0.5428 -0.7176 0.4363
vn -0.4402 -0.7176 0.5396
vn 0.0094 -0.9999 -0.0043
vn 0.6733 -0.7381 -0.0436
vn 0.7521 -0.6591 -0.0000
vn 0.0071 -0.9999 -0.0076
vn 0.2476 -0.6551 -0.7138
vn 0.2559 -0.7383 -0.6240
vn -0.0817 -0.6589 -0.7478
vn -0.3779 -0.6603 -0.6490
vn -0.0085 -0.9999 -0.0059
vn -0.3726 -0.7381 -0.5625
vn -0.0102 -0.9999 -0.0022
vn -0.7451 -0.6508 0.1460
vn -0.6694 -0.7385 0.0804
vn -0.6034 -0.6641 0.4414
vn -0.3840 -0.6579 0.6478
vn -0.0010 -0.9999 0.0103
vn -0.3021 -0.7379 0.6035
vn 0.0032 -0.9999 0.0098
vn 0.5020 -0.6578 0.5616
vn 0.4266 -0.7377 0.5233
vn 0.6862 -0.6601 0.3055
vn 0.2477 -0.0000 0.9688
vn 0.5371 -0.0000 0.8435
vn -1.0000 -0.0000 -0.0000
vn -0.9294 -0.0000 0.3690
vn -0.9162 -0.0000 -0.4008
vn -0.6805 -0.0195 -0.7325
vn 0.3374 -0.2028 -0.9193
vn 0.9709 -0.1537 -0.1836
vn 0.7837 -0.0484 0.6192
vn 0.6565 -0.1568 0.7378
vn 0.9265 -0.0000 0.3762
vn 1.0000 -0.0000 -0.0000
vn 0.9980 -0.0000 -0.0639
vn -0.6468 -0.1542 -0.7469
vn -0.8452 -0.1595 -0.5102
vn 0.1563 -0.0490 -0.9865
vn 0.3336 -0.1574 -0.9295
vn -0.1411 -0.0000 -0.9900
vn -0.5032 -0.0000 -0.8642
vn -0.5518 -0.0000 -0.8340
vn 0.7184 -0.0000 -0.6956
vn 0.4660 -0.0000 -0.8848
vn 0.5000 -0.0000 0.8660
vn 0.7842 -0.0000 0.6205
vn 0.1110 -0.0000 0.9938
vn -0.2934 -0.0196 0.9558
vn -0.6203 -0.1523 0.7695
vn -0.3150 -0.1530 0.9367
vn -0.0116 -0.1560 0.9877
vn -0.9248 -0.0510 0.3770
vn -0.9723 -0.1607 0.1696
vn -0.7850 -0.0000 0.6194
vn -0.5099 -0.0000 0.8602
vn -0.4482 -0.0000 0.8939
vn -0.9630 -0.0000 -0.2695
vn -0.9991 -0.0000 0.0434
vn 0.5000 -0.0000 -0.8660
vn 0.1452 -0.0000 -0.9894
vn 0.8052 -0.0000 -0.5930
vn 0.9735 -0.0166 -0.2280
vn 0.9777 -0.1459 0.1512
vn 0.8353 -0.1449 -0.5304
vn 0.6350 -0.1565 -0.7565
vn 0.9023 -0.1564 0.4017
vn 0.8778 -0.1245 0.4627
vn 0.9877 -0.1566 -0.0000
vn 0.9874 -0.1415 -0.0703
vn 0.2696 -0.1566 0.9501
vn 0.5451 -0.1453 0.8257
vn -0.9860 -0.1665 -0.0000
vn -0.9135 -0.1709 0.3693
vn -0.9008 -0.1665 -0.4011
vn -0.6831 -0.1778 -0.7083
vn -0.8791 -0.1449 -0.4540
vn -0.9736 -0.1564 -0.1665
vn -0.1073 -0.1566 -0.9818
vn -0.0366 -0.1235 -0.9917
vn -0.4970 -0.1563 -0.8536
vn -0.5520 -0.1416 -0.8217
vn 0.6912 -0.1566 -0.7055
vn 0.4465 -0.1454 -0.8829
vn 0.4930 -0.1665 0.8539
vn 0.7764 -0.1707 0.6066
vn 0.1031 -0.1665 0.9806
vn -0.2716 -0.1776 0.9459
vn 0.0470 -0.1445 0.9884
vn 0.3411 -0.1564 0.9269
vn -0.7973 -0.1555 0.5832
vn -0.8279 -0.1217 0.5475
vn -0.5036 -0.1569 0.8496
vn -0.4374 -0.1416 0.8881
vn -0.9578 -0.1566 -0.2412
vn -0.9876 -0.1452 0.0592
vn 0.4930 -0.1665 -0.8539
vn 0.1369 -0.1709 -0.9757
vn 0.7729 -0.6325 -0.0510
vn 0.7798 -0.5178 0.3520
vn 0.4947 -0.6615 0.5637
vn 0.2617 -0.7048 0.6593
vn -0.3130 -0.6269 0.7135
vn -0.5765 -0.7682 0.2783
vn -0.2698 -0.8330 0.4831
vn 0.5352 -0.8009 0.2685
vn -0.0871 -0.8022 -0.5906
vn -0.5432 -0.8326 0.1082
vn -0.4782 -0.6703 0.5675
vn -0.8135 -0.5590 0.1606
vn -0.6480 -0.7064 -0.2849
vn -0.4966 -0.7066 -0.5040
vn -0.1488 -0.6042 -0.7829
vn 0.2288 -0.7351 -0.6381
vn -0.2164 -0.7680 0.6027
vn -0.6765 -0.6268 0.3867
vn -0.6836 -0.7047 -0.1899
vn -0.6132 -0.6615 -0.4317
vn -0.4336 -0.5177 -0.7375
vn -0.0326 -0.6326 -0.7738
vn -0.4285 -0.6327 -0.6451
vn -0.0818 -0.5179 -0.8515
vn 0.2437 -0.6617 -0.7091
vn 0.4427 -0.7047 -0.5545
vn 0.7748 -0.6266 -0.0839
vn 0.5295 -0.7679 0.3606
vn 0.5542 -0.8324 -0.0066
vn -0.0328 -0.8011 -0.5977
vn -0.4699 -0.8035 0.3655
vn 0.3646 -0.8329 0.4164
vn 0.7585 -0.6392 0.1272
vn 0.5682 -0.5371 0.6235
vn 0.1267 -0.6946 0.7081
vn -0.1392 -0.7085 0.6918
vn -0.5810 -0.6220 0.5250
vn -0.6342 -0.7631 0.1241
vn 0.6728 -0.6267 0.3931
vn 0.1762 -0.7042 0.6878
vn -0.0663 -0.6609 0.7475
vn -0.4131 -0.5165 0.7501
vn -0.6435 -0.6330 0.4303
vn -0.3458 -0.6326 0.6930
vn -0.6961 -0.5175 0.4976
vn -0.7357 -0.6613 0.1465
vn -0.7020 -0.7047 -0.1027
vn -0.4615 -0.6269 -0.6277
vn 0.0473 -0.7681 -0.6385
vn -0.2835 -0.8330 -0.4751
vn -0.5016 -0.8003 0.3284
vn 0.5615 -0.7991 0.2150
vn 0.6864 -0.7055 -0.1763
vn 0.7586 -0.6005 0.2529
vn 0.4558 -0.7347 0.5025
vn -0.4133 -0.7684 -0.4887
vn 0.0055 -0.6270 -0.7790
vn 0.5088 -0.7048 -0.4943
vn 0.6821 -0.6612 -0.3124
vn 0.8557 -0.5174 -0.0054
vn 0.6870 -0.6325 0.3576
vn -0.9589 0.0414 0.2806
vn 0.2996 -0.0651 0.9518
vn 0.0142 -0.9998 -0.0161
vn 0.0120 -0.9850 -0.1722
vn -0.8368 0.0438 0.5457
vn 0.9311 -0.1266 0.3421
vn -0.1577 -0.1283 -0.9791
vn -0.9766 -0.1390 0.1642
vn -0.7695 -0.1310 0.6250
vn 0.6330 -0.1334 0.7625
vn 0.9931 -0.1091 -0.0426
vn -0.0342 -0.1549 -0.9873
vn 0.8897 -0.1139 0.4422
vn -0.4347 -0.1544 0.8872
vn -0.5347 -0.1091 -0.8379
vn -0.8366 -0.1544 0.5257
vn -0.0582 -0.1139 -0.9918
vn 0.9859 -0.1540 -0.0648
vn -0.4477 -0.1077 0.8877
vn 0.8731 -0.1548 0.4623
vn -0.8292 -0.1137 0.5473
vn -0.5512 -0.1544 -0.8200
vn 0.7355 -0.6775 -0.0000
vn -0.6772 -0.7358 -0.0000
vn -0.0401 -0.4568 -0.8886
vn -0.6433 -0.1903 0.7416
vn -0.0799 -0.6777 -0.7310
vn 0.0708 -0.7358 0.6735
vn -0.3706 -0.6763 -0.6365
vn 0.3386 -0.7358 0.5865
vn -0.7229 -0.4776 0.4992
vn 0.9671 -0.1840 0.1756
vn -0.5967 -0.6731 0.4368
vn -0.3745 -0.6787 0.6317
vn 0.3386 -0.7358 -0.5865
vn 0.2380 -0.6715 -0.7018
vn 0.8004 -0.4472 0.3992
vn -0.3197 -0.1909 -0.9281
vn 0.6727 -0.6766 0.2994
vn -0.6187 -0.7358 -0.2755
vn -0.4540 -0.0000 0.8910
vn 0.8916 -0.0000 0.4529
vn -0.0498 -0.0000 -0.9988
vn 0.9988 -0.0000 -0.0499
vn -0.8394 -0.0000 0.5436
vn -0.5448 -0.0000 -0.8386
s 1
usemtl wire_000000000
f 2416//1129 2417//1130 2418//1131 2419//1132
f 2417//1130 2420//1133 2421//1134 2418//1131
f 2420//1133 2422//1135 2423//1136 2421//1134
f 2422//1135 2424//1137 2425//1138 2423//1136
f 2424//1137 2426//1139 2427//1140 2425//1138
f 2426//1139 2428//1141 2429//1142 2427//1140
f 2428//1141 2430//1143 2431//1144 2429//1142
f 2430//1143 2432//1145 2433//1146 2431//1144
f 2432//1145 2434//1147 2435//1148 2433//1146
f 2434//1147 2436//1145 2437//1146 2435//1148
f 2436//1145 2438//1149 2439//1150 2437//1146
f 2438//1149 2440//1151 2441//1152 2439//1150
f 2440//1151 2442//1153 2443//1154 2441//1152
f 2444//1155 2445//1156 2446//1157 2447//1158
f 2419//1132 2418//1131 2448//1159 2449//1160
f 2418//1131 2421//1134 2450//1161 2448//1159
f 2421//1134 2423//1136 2451//1162 2450//1161
f 2423//1136 2425//1138 2452//1163 2451//1162
f 2425//1138 2427//1140 2453//1164 2452//1163
f 2427//1140 2429//1142 2454//1165 2453//1164
f 2429//1142 2431//1144 2455//1166 2454//1165
f 2431//1144 2433//1146 2456//1167 2455//1166
f 2433//1146 2435//1148 2457//1168 2456//1167
f 2435//1148 2437//1146 2458//1167 2457//1168
f 2437//1146 2439//1150 2459//1169 2458//1167
f 2439//1150 2441//1152 2460//1170 2459//1169
f 2441//1152 2443//1154 2461//1171 2460//1170
f 2462//1172 2463//1173 2464//1174 2465//1175 2466//1176 2467//1177 2468//1178 2469//1179
f 2449//1160 2448//1159 2470//1180 2471//1181
f 2448//1159 2450//1161 2472//1182 2470//1180
f 2450//1161 2451//1162 2473//1183 2472//1182
f 2451//1162 2452//1163 2474//1184 2473//1183
f 2452//1163 2453//1164 2475//1185 2474//1184
f 2453//1164 2454//1165 2476//1186 2475//1185
f 2454//1165 2455//1166 2477//1187 2476//1186
f 2455//1166 2456//1167 2478//1188 2477//1187
f 2456//1167 2457//1168 2479//1189 2478//1188
f 2457//1168 2458//1167 2480//1188 2479//1189
f 2458//1167 2459//1169 2481//1190 2480//1188
f 2459//1169 2460//1170 2482//1191 2481//1190
f 2460//1170 2461//1171 2483//1192 2482//1191
f 2484//1193 2485//1194 2486//1195 2487//1196
f 2471//1181 2470//1180 2488//1197 2489//1198
f 2470//1180 2472//1182 2490//1199 2488//1197
f 2472//1182 2473//1183 2491//1200 2490//1199
f 2473//1183 2474//1184 2492//1201 2491//1200
f 2474//1184 2475//1185 2493//1202 2492//1201
f 2475//1185 2476//1186 2494//1203 2493//1202
f 2476//1186 2477//1187 2495//1204 2494//1203
f 2477//1187 2478//1188 2496//1205 2495//1204
f 2478//1188 2479//1189 2497//1206 2496//1205
f 2479//1189 2480//1188 2498//1205 2497//1206
f 2480//1188 2481//1190 2499//1207 2498//1205
f 2481//1190 2482//1191 2500//1208 2499//1207
f 2482//1191 2483//1192 2501//1209 2500//1208
f 2502//1210 2503//1211 2504//1212 2505//1213
f 2489//1198 2488//1197 2506//1214 2507//1215
f 2488//1197 2490//1199 2508//1216 2506//1214
f 2490//1199 2491//1200 2509//1217 2508//1216
f 2491//1200 2492//1201 2510//1218 2509//1217
f 2492//1201 2493//1202 2511//1219 2510//1218
f 2493//1202 2494//1203 2512//1220 2511//1219
f 2494//1203 2495//1204 2513//1221 2512//1220
f 2495//1204 2496//1205 2514//1222 2513//1221
f 2496//1205 2497//1206 2515//1223 2514//1222
f 2497//1206 2498//1205 2516//1222 2515//1223
f 2498//1205 2499//1207 2517//1224 2516//1222
f 2499//1207 2500//1208 2518//1225 2517//1224
f 2500//1208 2501//1209 2519//1226 2518//1225
f 2505//1213 2504//1212 2520//1227 2521//1228
f 2507//1215 2506//1214 2522//1229 2523//1230
f 2506//1214 2508//1216 2524//1231 2522//1229
f 2508//1216 2509//1217 2525//1232 2524//1231
f 2509//1217 2510//1218 2526//1233 2525//1232
f 2510//1218 2511//1219 2527//1234 2526//1233
f 2511//1219 2512//1220 2528//1235 2527//1234
f 2512//1220 2513//1221 2529//1236 2528//1235
f 2513//1221 2514//1222 2530//1237 2529//1236
f 2514//1222 2515//1223 2531//1238 2530//1237
f 2515//1223 2516//1222 2532//1237 2531//1238
f 2516//1222 2517//1224 2533//1239 2532//1237
f 2517//1224 2518//1225 2534//1240 2533//1239
f 2518//1225 2519//1226 2535//1241 2534//1240
f 2521//1228 2520//1227 2536//1242 2537//1243
f 2523//1230 2522//1229 2538//1244 2539//1245
f 2522//1229 2524//1231 2540//1246 2538//1244
f 2524//1231 2525//1232 2541//1247 2540//1246
f 2525//1232 2526//1233 2542//1248 2541//1247
f 2526//1233 2527//1234 2543//1249 2542//1248
f 2527//1234 2528//1235 2544//1250 2543//1249
f 2528//1235 2529//1236 2545//1251 2544//1250
f 2529//1236 2530//1237 2546//1252 2545//1251
f 2530//1237 2531//1238 2547//1253 2546//1252
f 2531//1238 2532//1237 2548//1252 2547//1253
f 2532//1237 2533//1239 2549//1254 2548//1252
f 2533//1239 2534//1240 2550//1255 2549//1254
f 2534//1240 2535//1241 2551//1256 2550//1255
f 2552//1257 2553//1258 2554//1259 2555//1260 2556//1261 2557//1262 2558//1263 2559//1264
f 2539//1245 2538//1244 2560//1265 2561//1266
f 2538//1244 2540//1246 2562//1267 2560//1265
f 2540//1246 2541//1247 2563//1268 2562//1267
f 2541//1247 2542//1248 2564//1269 2563//1268
f 2542//1248 2543//1249 2565//1270 2564//1269
f 2543//1249 2544//1250 2566//1271 2565//1270
f 2544//1250 2545//1251 2567//1272 2566//1271
f 2545//1251 2546//1252 2568//1273 2567//1272
f 2546//1252 2547//1253 2569//1274 2568//1273
f 2547//1253 2548//1252 2570//1273 2569//1274
f 2548//1252 2549//1254 2571//1275 2570//1273
f 2549//1254 2550//1255 2572//1276 2571//1275
f 2550//1255 2551//1256 2573//1277 2572//1276
f 2574//1278 2575//1279 2576//1280 2577//1281
f 2561//1266 2560//1265 2578//1282 2579//1283
f 2560//1265 2562//1267 2580//1284 2578//1282
f 2562//1267 2563//1268 2581//1285 2580//1284
f 2563//1268 2564//1269 2582//1286 2581//1285
f 2564//1269 2565//1270 2583//1287 2582//1286
f 2565//1270 2566//1271 2584//1288 2583//1287
f 2566//1271 2567//1272 2585//1289 2584//1288
f 2567//1272 2568//1273 2586//1290 2585//1289
f 2568//1273 2569//1274 2587//1291 2586//1290
f 2569//1274 2570//1273 2588//1290 2587//1291
f 2570//1273 2571//1275 2589//1292 2588//1290
f 2571//1275 2572//1276 2590//1293 2589//1292
f 2572//1276 2573//1277 2591//1294 2590//1293
f 2592//1295 2593//1296 2594//1297 2595//1298
f 2579//1283 2578//1282 2596//1299 2597//1300
f 2578//1282 2580//1284 2598//1301 2596//1299
f 2580//1284 2581//1285 2599//1302 2598//1301
f 2581//1285 2582//1286 2600//1303 2599//1302
f 2582//1286 2583//1287 2601//1304 2600//1303
f 2583//1287 2584//1288 2602//1305 2601//1304
f 2584//1288 2585//1289 2603//1306 2602//1305
f 2585//1289 2586//1290 2604//1307 2603//1306
f 2586//1290 2587//1291 2605//1308 2604//1307
f 2587//1291 2588//1290 2606//1307 2605//1308
f 2588//1290 2589//1292 2607//1309 2606//1307
f 2589//1292 2590//1293 2608//1310 2607//1309
f 2590//1293 2591//1294 2609//1311 2608//1310
f 2595//1298 2594//1297 2610//1312 2611//1313
f 2597//1300 2596//1299 2612//1314 2613//1315
f 2596//1299 2598//1301 2614//1316 2612//1314
f 2598//1301 2599//1302 2615//1317 2614//1316
f 2599//1302 2600//1303 2616//1318 2615//1317
f 2600//1303 2601//1304 2617//1319 2616//1318
f 2601//1304 2602//1305 2618//1320 2617//1319
f 2602//1305 2603//1306 2619//1321 2618//1320
f 2603//1306 2604//1307 2620//1322 2619//1321
f 2604//1307 2605//1308 2621//1323 2620//1322
f 2605//1308 2606//1307 2622//1322 2621//1323
f 2606//1307 2607//1309 2623//1324 2622//1322
f 2607//1309 2608//1310 2624//1325 2623//1324
f 2608//1310 2609//1311 2625//1326 2624//1325
f 2611//1313 2610//1312 2626//1327 2627//1328
f 2613//1315 2612//1314 2628//1329 2629//1330
f 2612//1314 2614//1316 2630//1331 2628//1329
f 2614//1316 2615//1317 2631//1332 2630//1331
f 2615//1317 2616//1318 2632//1333 2631//1332
f 2616//1318 2617//1319 2633//1334 2632//1333
f 2617//1319 2618//1320 2634//1335 2633//1334
f 2618//1320 2619//1321 2635//1336 2634//1335
f 2619//1321 2620//1322 2636//1337 2635//1336
f 2620//1322 2621//1323 2637//1338 2636//1337
f 2621//1323 2622//1322 2638//1337 2637//1338
f 2622//1322 2623//1324 2639//1339 2638//1337
f 2623//1324 2624//1325 2640//1340 2639//1339
f 2624//1325 2625//1326 2641//1341 2640//1340
f 2642//1342 2643//1343 2644//1344 2645//1345 2646//1346 2647//1347 2648//1348
f 2629//1330 2628//1329 2649//1349 2650//1350
f 2628//1329 2630//1331 2651//1351 2649//1349
f 2630//1331 2631//1332 2652//1352 2651//1351
f 2631//1332 2632//1333 2653//1353 2652//1352
f 2632//1333 2633//1334 2654//1354 2653//1353
f 2633//1334 2634//1335 2655//1355 2654//1354
f 2634//1335 2635//1336 2656//1356 2655//1355
f 2635//1336 2636//1337 2657//1357 2656//1356
f 2636//1337 2637//1338 2658//1358 2657//1357
f 2637//1338 2638//1337 2659//1357 2658//1358
f 2638//1337 2639//1339 2660//1359 2659//1357
f 2639//1339 2640//1340 2661//1360 2660//1359
f 2640//1340 2641//1341 2662//1361 2661//1360
f 2663//1362 2664//1363 2665//1364 2666//1365
f 2650//1350 2649//1349 2667//1366 2668//1367
f 2649//1349 2651//1351 2669//1368 2667//1366
f 2651//1351 2652//1352 2670//1369 2669//1368
f 2652//1352 2653//1353 2671//1370 2670//1369
f 2653//1353 2654//1354 2672//1371 2671//1370
f 2654//1354 2655//1355 2673//1372 2672//1371
f 2655//1355 2656//1356 2674//1373 2673//1372
f 2656//1356 2657//1357 2675//1374 2674//1373
f 2657//1357 2658//1358 2676//1375 2675//1374
f 2658//1358 2659//1357 2677//1374 2676//1375
f 2659//1357 2660//1359 2678//1376 2677//1374
f 2660//1359 2661//1360 2679//1377 2678//1376
f 2661//1360 2662//1361 2680//1378 2679//1377
f 2681//1379 2682//1380 2683//1381 2684//1382
f 2668//1367 2667//1366 2417//1130 2416//1129
f 2667//1366 2669//1368 2420//1133 2417//1130
f 2669//1368 2670//1369 2422//1135 2420//1133
f 2670//1369 2671//1370 2424//1137 2422//1135
f 2671//1370 2672//1371 2426//1139 2424//1137
f 2672//1371 2673//1372 2428//1141 2426//1139
f 2673//1372 2674//1373 2430//1143 2428//1141
f 2674//1373 2675//1374 2432//1145 2430//1143
f 2675//1374 2676//1375 2434//1147 2432//1145
f 2676//1375 2677//1374 2436//1145 2434//1147
f 2677//1374 2678//1376 2438//1149 2436//1145
f 2678//1376 2679//1377 2440//1151 2438//1149
f 2679//1377 2680//1378 2442//1153 2440//1151
f 2684//1382 2683//1381 2445//1156 2444//1155
f 2443//1154 2442//1153 2685//1383 2686//1384
f 2442//1153 2680//1378 2687//1385 2685//1383
f 2680//1378 2662//1361 2688//1386 2687//1385
f 2662//1361 2641//1341 2689//1387 2688//1386
f 2641//1341 2625//1326 2690//1388 2689//1387
f 2625//1326 2609//1311 2691//1389 2690//1388
f 2609//1311 2591//1294 2692//1390 2691//1389
f 2591//1294 2573//1277 2693//1391 2692//1390
f 2573//1277 2551//1256 2694//1392 2693//1391
f 2551//1256 2535//1241 2695//1393 2694//1392
f 2535//1241 2519//1226 2696//1394 2695//1393
f 2519//1226 2501//1209 2697//1395 2696//1394
f 2501//1209 2483//1192 2698//1396 2697//1395
f 2483//1192 2461//1171 2699//1397 2698//1396
f 2461//1171 2443//1154 2686//1384 2699//1397
f 2700//1398 2701//1399 2702//1400 2703//1401
f 2701//1399 2704//1402 2705//1403 2702//1400
f 2704//1402 2706//1404 2707//1405 2705//1403
f 2706//1404 2708//1406 2709//1407 2707//1405
f 2708//1406 2710//1408 2711//1409 2709//1407
f 2710//1408 2712//1410 2713//1411 2711//1409
f 2712//1410 2714//1412 2715//1413 2713//1411
f 2714//1412 2716//1414 2717//1415 2715//1413
f 2716//1414 2718//1416 2719//1417 2717//1415
f 2718//1416 2720//1418 2721//1419 2719//1417
f 2720//1418 2722//1420 2723//1421 2721//1419
f 2722//1420 2724//1422 2725//1423 2723//1421
f 2724//1422 2726//1424 2727//1425 2725//1423
f 2726//1424 2728//1426 2729//1427 2727//1425
f 2728//1426 2700//1398 2703//1401 2729//1427
f 2686//1384 2685//1383 2730//1428 2731//1429
f 2685//1383 2687//1385 2732//1378 2730//1428
f 2687//1385 2688//1386 2733//1361 2732//1378
f 2688//1386 2689//1387 2734//1341 2733//1361
f 2689//1387 2690//1388 2735//1324 2734//1341
f 2690//1388 2691//1389 2736//1311 2735//1324
f 2691//1389 2692//1390 2737//1294 2736//1311
f 2692//1390 2693//1391 2738//1277 2737//1294
f 2693//1391 2694//1392 2739//1430 2738//1277
f 2694//1392 2695//1393 2740//1431 2739//1430
f 2695//1393 2696//1394 2741//1226 2740//1431
f 2696//1394 2697//1395 2742//1209 2741//1226
f 2697//1395 2698//1396 2743//1192 2742//1209
f 2698//1396 2699//1397 2744//1432 2743//1192
f 2699//1397 2686//1384 2731//1429 2744//1432
f 2703//1401 2702//1400 2745//1433 2746//1434
f 2702//1400 2705//1403 2747//1435 2745//1433
f 2705//1403 2707//1405 2748//1436 2747//1435
f 2707//1405 2709//1407 2749//1437 2748//1436
f 2709//1407 2711//1409 2750//1438 2749//1437
f 2711//1409 2713//1411 2751//1439 2750//1438
f 2713//1411 2715//1413 2752//1440 2751//1439
f 2715//1413 2717//1415 2753//1441 2752//1440
f 2717//1415 2719//1417 2754//1442 2753//1441
f 2719//1417 2721//1419 2755//1443 2754//1442
f 2721//1419 2723//1421 2756//1444 2755//1443
f 2723//1421 2725//1423 2757//1445 2756//1444
f 2725//1423 2727//1425 2758//1446 2757//1445
f 2727//1425 2729//1427 2759//1447 2758//1446
f 2729//1427 2703//1401 2746//1434 2759//1447
f 2870//1448 2871//1449 2910//1450 2962//1451
f 2730//1428 2732//1378 2762//1385 2760//1452
f 2732//1378 2733//1361 2763//1453 2762//1385
f 2733//1361 2734//1341 2648//1348 2763//1453
f 2761//1454 2731//1429 2730//1428 2760//1452
f 2735//1324 2642//1342 2648//1348 2734//1341
f 2736//1311 2737//1294 2766//1455 2764//1456
f 2737//1294 2738//1277 2767//1457 2766//1455
f 2765//1458 2735//1324 2736//1311 2764//1456
f 2739//1430 2768//1459 2767//1457 2738//1277
f 2740//1431 2552//1257 2559//1264 2739//1430
f 2741//1226 2742//1209 2771//1460 2769//1461
f 2742//1209 2743//1192 2772//1462 2771//1460
f 2770//1463 2740//1431 2741//1226 2769//1461
f 2744//1432 2773//1464 2772//1462 2743//1192
f 2746//1434 2745//1433 2774//1465 2775//1466 2776//1467
f 2745//1433 2747//1435 2777//1468 2466//1176 2465//1175 2774//1465
f 2747//1435 2748//1436 2778//1469 2779//1470 2777//1468
f 2748//1436 2749//1437 2780//1471 2778//1469
f 2749//1437 2750//1438 2781//1472 2780//1471
f 2750//1438 2751//1439 2782//1473 2783//1474 2781//1472
f 2751//1439 2752//1440 2784//1475 2556//1261 2555//1260 2782//1473
f 2752//1440 2753//1441 2785//1476 2786//1477 2784//1475
f 2753//1441 2754//1442 2787//1478 2785//1476
f 2754//1442 2755//1443 2788//1479 2787//1478
f 2755//1443 2756//1444 2789//1480 2790//1481 2788//1479
f 2756//1444 2757//1445 2791//1482 2646//1346 2645//1345 2789//1480
f 2757//1445 2758//1446 2792//1483 2793//1484 2791//1482
f 2758//1446 2759//1447 2794//1485 2792//1483
f 2759//1447 2746//1434 2776//1467 2794//1485
f 2464//1174 2463//1173 2795//1486 2796//1487
f 2761//1454 2760//1452 2797//1488 2798//1489
f 2760//1452 2762//1385 2799//1490 2797//1488
f 2762//1385 2763//1453 2800//1491 2799//1490
f 2763//1453 2648//1348 2801//1492 2800//1491
f 2648//1348 2647//1347 2802//1493 2801//1492
f 2793//1484 2792//1483 2803//1494 2804//1495
f 2792//1483 2794//1485 2805//1496 2803//1494
f 2794//1485 2776//1467 2806//1497 2805//1496
f 2776//1467 2775//1466 2807//1498 2806//1497
f 2468//1178 2467//1177 2808//1499 2809//1500
f 2779//1470 2778//1469 2810//1501 2811//1502
f 2778//1469 2780//1471 2812//1503 2810//1501
f 2780//1471 2781//1472 2813//1504 2812//1503
f 2781//1472 2783//1474 2814//1505 2813//1504
f 2554//1259 2553//1258 2815//1506 2816//1507
f 2770//1463 2769//1461 2817//1508 2818//1509
f 2769//1461 2771//1460 2819//1510 2817//1508
f 2771//1460 2772//1462 2820//1511 2819//1510
f 2772//1462 2773//1464 2821//1512 2820//1511
f 2558//1263 2557//1262 2822//1513 2823//1514
f 2786//1477 2785//1476 2824//1515 2825//1516
f 2785//1476 2787//1478 2826//1517 2824//1515
f 2787//1478 2788//1479 2827//1518 2826//1517
f 2788//1479 2790//1481 2828//1519 2827//1518
f 2644//1344 2643//1343 2829//1520 2830//1521
f 2765//1458 2764//1456 2831//1522 2832//1523
f 2764//1456 2766//1455 2833//1524 2831//1522
f 2766//1455 2767//1457 2834//1525 2833//1524
f 2767//1457 2768//1459 2835//1526 2834//1525
f 2666//1365 2665//1364 2836//1527 2837//1528
f 2803//1494 2805//1496 2838//1529 2839//1530
f 2805//1496 2806//1497 2840//1531 2838//1529
f 2806//1497 2807//1498 2841//1532 2840//1531
f 2796//1487 2795//1486 2842//1533 2843//1534
f 2798//1489 2797//1488 2844//1535 2845//1536
f 2797//1488 2799//1490 2846//1537 2844//1535
f 2799//1490 2800//1491 2847//1538 2846//1537
f 2487//1196 2486//1195 2848//1539 2849//1540
f 2810//1501 2812//1503 2850//1541 2851//1542
f 2812//1503 2813//1504 2852//1543 2850//1541
f 2813//1504 2814//1505 2853//1544 2852//1543
f 2816//1507 2815//1506 2854//1545 2855//1546
f 2818//1509 2817//1508 2856//1547 2857//1548
f 2817//1508 2819//1510 2858//1549 2856//1547
f 2819//1510 2820//1511 2859//1550 2858//1549
f 2577//1281 2576//1280 2860//1551 2861//1552
f 2824//1515 2826//1517 2862//1553 2863//1554
f 2826//1517 2827//1518 2864//1555 2862//1553
f 2827//1518 2828//1519 2865//1556 2864//1555
f 2830//1521 2829//1520 2866//1557 2867//1558
f 2832//1523 2831//1522 2868//1559 2869//1560
f 2831//1522 2833//1524 2870//1448 2868//1559
f 2833//1524 2834//1525 2871//1449 2870//1448
f 2446//1157 2872//1561 2873//1562 2874//1563
f 2447//1158 2875//1564 2876//1565 2877//1566
f 2462//1172 2878//1567 2463//1173
f 2464//1174 2879//1568 2465//1175
f 2466//1176 2880//1569 2467//1177
f 2468//1178 2881//1570 2469//1179
f 2484//1193 2882//1571 2883//1572 2884//1573
f 2485//1194 2885//1574 2886//1575 2887//1576
f 2502//1210 2888//1577 2889//1578 2890//1579
f 2503//1211 2891//1580 2892//1581 2893//1582
f 2536//1242 2894//1583 2895//1584 2896//1585
f 2537//1243 2897//1586 2898//1587 2899//1588
f 2552//1257 2900//1589 2553//1258
f 2554//1259 2901//1590 2555//1260
f 2556//1261 2902//1591 2557//1262
f 2558//1263 2903//1592 2559//1264
f 2574//1278 2904//1593 2905//1594 2906//1595
f 2575//1279 2907//1596 2908//1597 2909//1598
f 2592//1295 2910//1450 2911//1599 2912//1600
f 2593//1296 2913//1601 2914//1602 2915//1603
f 2626//1327 2916//1604 2917//1605 2918//1606
f 2627//1328 2919//1607 2920//1608 2921//1609
f 2642//1342 2922//1610 2643//1343
f 2644//1344 2923//1611 2645//1345
f 2646//1346 2924//1612 2647//1347
f 2664//1363 2925//1613 2926//1614 2927//1615
f 2681//1379 2928//1616 2929//1617 2930//1618
f 2682//1380 2931//1619 2932//1620 2933//1621
f 2761//1454 2878//1567 2731//1622
f 2735//1623 2922//1610 2642//1342
f 2765//1458 2922//1610 2735//1623
f 2739//1624 2903//1592 2768//1459
f 2740//1625 2900//1589 2552//1257
f 2559//1264 2903//1592 2739//1624
f 2770//1463 2900//1589 2740//1625
f 2744//1626 2881//1570 2773//1464
f 2731//1622 2878//1567 2462//1172
f 2469//1179 2881//1570 2744//1626
f 2774//1465 2879//1568 2775//1466
f 2777//1468 2880//1569 2466//1176
f 2465//1175 2879//1568 2774//1465
f 2779//1470 2880//1569 2777//1468
f 2782//1473 2901//1590 2783//1474
f 2784//1475 2902//1591 2556//1261
f 2555//1260 2901//1590 2782//1473
f 2786//1477 2902//1591 2784//1475
f 2789//1480 2923//1611 2790//1481
f 2791//1482 2924//1612 2646//1346
f 2645//1345 2923//1611 2789//1480
f 2793//1484 2924//1612 2791//1482
f 2802//1493 2934//1627 2926//1614 2925//1613
f 2804//1495 2927//1615 2926//1614 2934//1627
f 2808//1499 2935//1628 2886//1575 2885//1574
f 2809//1500 2884//1573 2883//1572 2936//1629
f 2811//1502 2887//1576 2886//1575 2935//1628
f 2821//1512 2936//1629 2883//1572 2882//1571
f 2822//1513 2937//1630 2908//1597 2907//1596
f 2823//1514 2906//1595 2905//1594 2938//1631
f 2825//1516 2909//1598 2908//1597 2937//1630
f 2835//1526 2938//1631 2905//1594 2904//1593
f 2836//1527 2939//1632 2932//1620 2931//1619
f 2837//1528 2930//1618 2929//1617 2940//1633
f 2839//1530 2933//1621 2932//1620 2939//1632
f 2841//1532 2941//1634 2873//1562 2872//1561
f 2842//1533 2942//1635 2876//1565 2875//1564
f 2843//1534 2874//1563 2873//1562 2941//1634
f 2845//1536 2877//1566 2876//1565 2942//1635
f 2847//1538 2940//1633 2929//1617 2928//1616
f 2848//1539 2943//1636 2892//1581 2891//1580
f 2849//1540 2890//1579 2889//1578 2944//1637
f 2851//1542 2893//1582 2892//1581 2943//1636
f 2853//1544 2945//1638 2895//1584 2894//1583
f 2854//1545 2946//1639 2898//1587 2897//1586
f 2855//1546 2896//1585 2895//1584 2945//1638
f 2857//1548 2899//1588 2898//1587 2946//1639
f 2859//1550 2944//1637 2889//1578 2888//1577
f 2860//1551 2947//1640 2914//1602 2913//1601
f 2861//1552 2912//1600 2911//1599 2948//1641
f 2863//1554 2915//1603 2914//1602 2947//1640
f 2865//1556 2949//1642 2917//1605 2916//1604
f 2866//1557 2950//1643 2920//1608 2919//1607
f 2867//1558 2918//1606 2917//1605 2949//1642
f 2869//1560 2921//1609 2920//1608 2950//1643
f 2871//1449 2948//1641 2911//1599 2910//1450
f 2446//1157 2445//1156 2951//1644 2872//1561
f 2447//1158 2446//1157 2874//1563 2875//1564
f 2444//1155 2447//1158 2877//1566 2952//1645
f 2485//1194 2484//1193 2884//1573 2885//1574
f 2486//1195 2485//1194 2887//1576 2953//1646
f 2484//1193 2487//1196 2954//1647 2882//1571
f 2503//1211 2502//1210 2890//1579 2891//1580
f 2504//1212 2503//1211 2893//1582 2955//1648
f 2502//1210 2505//1213 2956//1649 2888//1577
f 2520//1227 2504//1212 2955//1648 2957//1650
f 2505//1213 2521//1228 2958//1651 2956//1649
f 2536//1242 2520//1227 2957//1650 2894//1583
f 2537//1243 2536//1242 2896//1585 2897//1586
f 2521//1228 2537//1243 2899//1588 2958//1651
f 2575//1279 2574//1278 2906//1595 2907//1596
f 2576//1280 2575//1279 2909//1598 2959//1652
f 2574//1278 2577//1281 2960//1653 2904//1593
f 2593//1296 2592//1295 2912//1600 2913//1601
f 2594//1297 2593//1296 2915//1603 2961//1654
f 2592//1295 2595//1298 2962//1451 2910//1450
f 2610//1312 2594//1297 2961//1654 2963//1655
f 2595//1298 2611//1313 2964//1656 2962//1451
f 2626//1327 2610//1312 2963//1655 2916//1604
f 2627//1328 2626//1327 2918//1606 2919//1607
f 2611//1313 2627//1328 2921//1609 2964//1656
f 2664//1363 2663//1362 2965//1657 2925//1613
f 2665//1364 2664//1363 2927//1615 2966//1658
f 2663//1362 2666//1365 2967//1659 2965//1657
f 2682//1380 2681//1379 2930//1618 2931//1619
f 2683//1381 2682//1380 2933//1621 2968//1660
f 2681//1379 2684//1382 2969//1661 2928//1616
f 2445//1156 2683//1381 2968//1660 2951//1644
f 2684//1382 2444//1155 2952//1645 2969//1661
f 2795//1486 2463//1173 2878//1567 2970//1662
f 2464//1174 2796//1487 2971//1663 2879//1568
f 2761//1454 2798//1489 2970//1662 2878//1567
f 2800//1491 2801//1492 2965//1657 2967//1659
f 2802//1493 2647//1347 2924//1612 2934//1627
f 2801//1492 2802//1493 2925//1613 2965//1657
f 2804//1495 2803//1494 2966//1658 2927//1615
f 2793//1484 2804//1495 2934//1627 2924//1612
f 2807//1498 2775//1466 2879//1568 2971//1663
f 2808//1499 2467//1177 2880//1569 2935//1628
f 2809//1500 2808//1499 2885//1574 2884//1573
f 2468//1178 2809//1500 2936//1629 2881//1570
f 2811//1502 2810//1501 2953//1646 2887//1576
f 2779//1470 2811//1502 2935//1628 2880//1569
f 2814//1505 2783//1474 2901//1590 2972//1664
f 2815//1506 2553//1258 2900//1589 2973//1665
f 2554//1259 2816//1507 2972//1664 2901//1590
f 2770//1463 2818//1509 2973//1665 2900//1589
f 2821//1512 2773//1464 2881//1570 2936//1629
f 2820//1511 2821//1512 2882//1571 2954//1647
f 2822//1513 2557//1262 2902//1591 2937//1630
f 2823//1514 2822//1513 2907//1596 2906//1595
f 2558//1263 2823//1514 2938//1631 2903//1592
f 2825//1516 2824//1515 2959//1652 2909//1598
f 2786//1477 2825//1516 2937//1630 2902//1591
f 2828//1519 2790//1481 2923//1611 2974//1666
f 2829//1520 2643//1343 2922//1610 2975//1667
f 2644//1344 2830//1521 2974//1666 2923//1611
f 2765//1458 2832//1523 2975//1667 2922//1610
f 2835//1526 2768//1459 2903//1592 2938//1631
f 2834//1525 2835//1526 2904//1593 2960//1653
f 2836//1527 2665//1364 2966//1658 2939//1632
f 2837//1528 2836//1527 2931//1619 2930//1618
f 2666//1365 2837//1528 2940//1633 2967//1659
f 2839//1530 2838//1529 2968//1660 2933//1621
f 2803//1494 2839//1530 2939//1632 2966//1658
f 2838//1529 2840//1531 2951//1644 2968//1660
f 2841//1532 2807//1498 2971//1663 2941//1634
f 2840//1531 2841//1532 2872//1561 2951//1644
f 2842//1533 2795//1486 2970//1662 2942//1635
f 2843//1534 2842//1533 2875//1564 2874//1563
f 2796//1487 2843//1534 2941//1634 2971//1663
f 2845//1536 2844//1535 2952//1645 2877//1566
f 2798//1489 2845//1536 2942//1635 2970//1662
f 2844//1535 2846//1537 2969//1661 2952//1645
f 2847//1538 2800//1491 2967//1659 2940//1633
f 2846//1537 2847//1538 2928//1616 2969//1661
f 2848//1539 2486//1195 2953//1646 2943//1636
f 2849//1540 2848//1539 2891//1580 2890//1579
f 2487//1196 2849//1540 2944//1637 2954//1647
f 2851//1542 2850//1541 2955//1648 2893//1582
f 2810//1501 2851//1542 2943//1636 2953//1646
f 2850//1541 2852//1543 2957//1650 2955//1648
f 2853//1544 2814//1505 2972//1664 2945//1638
f 2852//1543 2853//1544 2894//1583 2957//1650
f 2854//1545 2815//1506 2973//1665 2946//1639
f 2855//1546 2854//1545 2897//1586 2896//1585
f 2816//1507 2855//1546 2945//1638 2972//1664
f 2857//1548 2856//1547 2958//1651 2899//1588
f 2818//1509 2857//1548 2946//1639 2973//1665
f 2856//1547 2858//1549 2956//1649 2958//1651
f 2859//1550 2820//1511 2954//1647 2944//1637
f 2858//1549 2859//1550 2888//1577 2956//1649
f 2860//1551 2576//1280 2959//1652 2947//1640
f 2861//1552 2860//1551 2913//1601 2912//1600
f 2577//1281 2861//1552 2948//1641 2960//1653
f 2863//1554 2862//1553 2961//1654 2915//1603
f 2824//1515 2863//1554 2947//1640 2959//1652
f 2862//1553 2864//1555 2963//1655 2961//1654
f 2865//1556 2828//1519 2974//1666 2949//1642
f 2864//1555 2865//1556 2916//1604 2963//1655
f 2866//1557 2829//1520 2975//1667 2950//1643
f 2867//1558 2866//1557 2919//1607 2918//1606
f 2830//1521 2867//1558 2949//1642 2974//1666
f 2869//1560 2868//1559 2964//1656 2921//1609
f 2832//1523 2869//1560 2950//1643 2975//1667
f 2868//1559 2870//1448 2962//1451 2964//1656
f 2871//1449 2834//1525 2960//1653 2948//1641
f 2469//1179 2744//1432 2731//1429 2462//1172
