# Blender 5.0.1
# www.blender.org
mtllib laba3.3.mtl
o Shape005
v -0.000675 -0.231267 -0.005680
v -0.590671 -0.231267 -0.005680
v -0.539660 -0.231266 0.234306
v -0.000673 -0.231267 -0.005668
v -0.686955 -0.173389 -0.005680
v -0.627620 -0.173389 0.273467
v -0.686955 0.125890 -0.005680
v -0.627620 0.125890 0.273467
v -0.018586 0.125890 -0.005680
v -0.017036 0.125890 0.001618
v -0.018587 1.270428 -0.005680
v -0.017035 1.270428 0.001618
v -0.000675 1.270428 -0.005680
v -0.000673 1.270428 -0.005667
v -0.395449 -0.231267 0.432795
v -0.000665 -0.231267 -0.005657
v -0.459876 -0.173389 0.504348
v -0.459876 0.125889 0.504348
v -0.012650 0.125890 0.007654
v -0.012650 1.270428 0.007654
v -0.000665 1.270428 -0.005657
v -0.182973 -0.231267 0.555468
v -0.000654 -0.231266 -0.005651
v -0.212726 -0.173389 0.647040
v -0.212726 0.125889 0.647040
v -0.006189 0.125890 0.011383
v -0.006189 1.270428 0.011383
v -0.000654 1.270428 -0.005650
v 0.061030 -0.231267 0.581114
v -0.000642 -0.231266 -0.005649
v 0.071094 -0.173389 0.676871
v 0.071094 0.125889 0.676871
v 0.001230 0.125890 0.012164
v 0.001231 1.270428 0.012164
v -0.000642 1.270428 -0.005649
v 0.294369 -0.231267 0.505298
v -0.000629 -0.231267 -0.005653
v 0.342511 -0.173389 0.588682
v 0.342511 0.125889 0.588682
v 0.008326 0.125889 0.009858
v 0.008326 1.270428 0.009858
v -0.000630 1.270428 -0.005653
v 0.476696 -0.231266 0.341129
v -0.000620 -0.231266 -0.005662
v 0.554592 -0.173389 0.397724
v 0.554592 0.125889 0.397724
v 0.013871 0.125890 0.004866
v 0.013871 1.270428 0.004866
v -0.000620 1.270428 -0.005662
v 0.576488 -0.231266 0.116994
v -0.000616 -0.231266 -0.005673
v 0.670668 -0.173389 0.137012
v 0.670668 0.125890 0.137012
v 0.016905 0.125890 -0.001949
v 0.016905 1.270428 -0.001949
v -0.000616 1.270428 -0.005674
v 0.576488 -0.231267 -0.128353
v -0.000615 -0.231267 -0.005686
v 0.670668 -0.173389 -0.148372
v 0.670668 0.125889 -0.148372
v 0.016905 0.125889 -0.009411
v 0.016905 1.270428 -0.009411
v -0.000615 1.270428 -0.005686
v 0.476696 -0.231267 -0.352489
v -0.000620 -0.231267 -0.005698
v 0.554591 -0.173389 -0.409083
v 0.554591 0.125889 -0.409083
v 0.013871 0.125889 -0.016225
v 0.013870 1.270428 -0.016225
v -0.000620 1.270428 -0.005698
v 0.294369 -0.231266 -0.516657
v -0.000629 -0.231266 -0.005706
v 0.342511 -0.173389 -0.600041
v 0.342511 0.125890 -0.600041
v 0.008326 0.125890 -0.021217
v 0.008326 1.270428 -0.021218
v -0.000630 1.270428 -0.005706
v 0.061030 -0.231267 -0.592474
v -0.000642 -0.231267 -0.005710
v 0.071094 -0.173389 -0.688230
v 0.071094 0.125889 -0.688230
v 0.001231 0.125889 -0.023523
v 0.001230 1.270428 -0.023524
v -0.000642 1.270428 -0.005710
v -0.182972 -0.231267 -0.566828
v -0.000654 -0.231267 -0.005709
v -0.212726 -0.173389 -0.658399
v -0.212726 0.125889 -0.658399
v -0.006189 0.125889 -0.022743
v -0.006189 1.270428 -0.022743
v -0.000654 1.270428 -0.005708
v -0.395449 -0.231266 -0.444154
v -0.000665 -0.231267 -0.005703
v -0.459876 -0.173389 -0.515708
v -0.459876 0.125890 -0.515708
v -0.012650 0.125890 -0.019013
v -0.012651 1.270428 -0.019013
v -0.000665 1.270428 -0.005703
v -0.539660 -0.231267 -0.245665
v -0.000672 -0.231267 -0.005692
v -0.627620 -0.173389 -0.284828
v -0.627620 0.125889 -0.284828
v -0.017035 0.125890 -0.012977
v -0.017035 1.270428 -0.012977
v -0.000673 1.270428 -0.005692
vn -0.0000 1.0000 -0.0000
vn 0.2998 0.9540 -0.0000
vn 0.2738 0.9540 -0.1219
vn 0.8846 0.4663 -0.0000
vn 0.8081 0.4663 -0.3598
vn 0.7485 -0.6632 -0.0000
vn 0.6838 -0.6632 -0.3044
vn 0.6534 -0.7570 -0.0000
vn 0.5969 -0.7571 -0.2657
vn 0.7485 -0.6631 -0.0000
vn 0.6837 -0.6632 -0.3044
vn -0.0000 -1.0000 -0.0000
vn 0.2006 0.9540 -0.2228
vn -0.0055 1.0000 -0.0050
vn 0.5919 0.4663 -0.6574
vn 0.5008 -0.6632 -0.5562
vn 0.4372 -0.7570 -0.4856
vn 0.0926 0.9540 -0.2851
vn -0.0072 1.0000 -0.0024
vn 0.2734 0.4663 -0.8413
vn 0.2313 -0.6632 -0.7118
vn 0.2019 -0.7570 -0.6214
vn -0.0313 0.9540 -0.2981
vn 0.0110 0.9999 -0.0012
vn -0.0925 0.4663 -0.8798
vn -0.0782 -0.6632 -0.7444
vn -0.0683 -0.7570 -0.6498
vn -0.0782 -0.6631 -0.7444
vn -0.1499 0.9540 -0.2596
vn -0.4423 0.4663 -0.7661
vn -0.3742 -0.6632 -0.6482
vn -0.3267 -0.7571 -0.5658
vn -0.2425 0.9540 -0.1762
vn -0.0064 0.9999 0.0088
vn -0.7157 0.4663 -0.5200
vn -0.6055 -0.6632 -0.4399
vn -0.5286 -0.7570 -0.3841
vn -0.2932 0.9540 -0.0623
vn 0.0024 0.9999 -0.0112
vn -0.8653 0.4663 -0.1839
vn -0.7321 -0.6632 -0.1556
vn -0.6391 -0.7570 -0.1358
vn -0.2932 0.9540 0.0623
vn -0.0024 0.9999 -0.0114
vn -0.8653 0.4663 0.1839
vn -0.7321 -0.6632 0.1556
vn -0.6391 -0.7571 0.1359
vn -0.7321 -0.6632 0.1557
vn -0.2425 0.9540 0.1762
vn 0.0069 0.9999 0.0095
vn -0.7157 0.4663 0.5200
vn -0.6055 -0.6632 0.4399
vn -0.5286 -0.7571 0.3841
vn -0.6055 -0.6632 0.4400
vn -0.1499 0.9540 0.2596
vn 0.0004 1.0000 0.0002
vn -0.4423 0.4663 0.7661
vn -0.3742 -0.6632 0.6482
vn -0.3267 -0.7570 0.5659
vn -0.3743 -0.6632 0.6482
vn -0.0313 0.9540 0.2981
vn -0.0112 0.9999 -0.0012
vn -0.0925 0.4663 0.8798
vn -0.0782 -0.6632 0.7444
vn -0.0683 -0.7571 0.6498
vn -0.0782 -0.6631 0.7444
vn 0.0926 0.9540 0.2851
vn 0.0036 1.0000 -0.0012
vn 0.2734 0.4663 0.8413
vn 0.2313 -0.6632 0.7118
vn 0.2019 -0.7570 0.6214
vn 0.2006 0.9540 0.2228
vn 0.0027 1.0000 -0.0025
vn 0.5919 0.4663 0.6574
vn 0.5008 -0.6632 0.5562
vn 0.4372 -0.7570 0.4856
vn 0.5008 -0.6631 0.5562
vn 0.2738 0.9540 0.1219
vn 0.8081 0.4663 0.3598
vn 0.6838 -0.6632 0.3044
vn 0.5969 -0.7570 0.2657
vn 0.6837 -0.6632 0.3044
s 1
usemtl wire_000000000
f 1//1 2//2 3//3 4//1
f 2//2 5//4 6//5 3//3
f 5//4 7//6 8//7 6//5
f 7//6 9//8 10//9 8//7
f 9//8 11//10 12//11 10//9
f 11//10 13//12 14//12 12//11
f 4//1 3//3 15//13 16//14
f 3//3 6//5 17//15 15//13
f 6//5 8//7 18//16 17//15
f 8//7 10//9 19//17 18//16
f 10//9 12//11 20//16 19//17
f 12//11 14//12 21//12 20//16
f 16//14 15//13 22//18 23//19
f 15//13 17//15 24//20 22//18
f 17//15 18//16 25//21 24//20
f 18//16 19//17 26//22 25//21
f 19//17 20//16 27//21 26//22
f 20//16 21//12 28//12 27//21
f 23//19 22//18 29//23 30//24
f 22//18 24//20 31//25 29//23
f 24//20 25//21 32//26 31//25
f 25//21 26//22 33//27 32//26
f 26//22 27//21 34//28 33//27
f 27//21 28//12 35//12 34//28
f 30//24 29//23 36//29 37//1
f 29//23 31//25 38//30 36//29
f 31//25 32//26 39//31 38//30
f 32//26 33//27 40//32 39//31
f 33//27 34//28 41//31 40//32
f 34//28 35//12 42//12 41//31
f 37//1 36//29 43//33 44//34
f 36//29 38//30 45//35 43//33
f 38//30 39//31 46//36 45//35
f 39//31 40//32 47//37 46//36
f 40//32 41//31 48//36 47//37
f 41//31 42//12 49//12 48//36
f 44//34 43//33 50//38 51//39
f 43//33 45//35 52//40 50//38
f 45//35 46//36 53//41 52//40
f 46//36 47//37 54//42 53//41
f 47//37 48//36 55//41 54//42
f 48//36 49//12 56//12 55//41
f 51//39 50//38 57//43 58//44
f 50//38 52//40 59//45 57//43
f 52//40 53//41 60//46 59//45
f 53//41 54//42 61//47 60//46
f 54//42 55//41 62//48 61//47
f 55//41 56//12 63//12 62//48
f 58//44 57//43 64//49 65//50
f 57//43 59//45 66//51 64//49
f 59//45 60//46 67//52 66//51
f 60//46 61//47 68//53 67//52
f 61//47 62//48 69//54 68//53
f 62//48 63//12 70//12 69//54
f 65//50 64//49 71//55 72//56
f 64//49 66//51 73//57 71//55
f 66//51 67//52 74//58 73//57
f 67//52 68//53 75//59 74//58
f 68//53 69//54 76//60 75//59
f 69//54 70//12 77//12 76//60
f 72//56 71//55 78//61 79//62
f 71//55 73//57 80//63 78//61
f 73//57 74//58 81//64 80//63
f 74//58 75//59 82//65 81//64
f 75//59 76//60 83//66 82//65
f 76//60 77//12 84//12 83//66
f 79//62 78//61 85//67 86//68
f 78//61 80//63 87//69 85//67
f 80//63 81//64 88//70 87//69
f 81//64 82//65 89//71 88//70
f 82//65 83//66 90//70 89//71
f 83//66 84//12 91//12 90//70
f 86//68 85//67 92//72 93//73
f 85//67 87//69 94//74 92//72
f 87//69 88//70 95//75 94//74
f 88//70 89//71 96//76 95//75
f 89//71 90//70 97//77 96//76
f 90//70 91//12 98//12 97//77
f 93//73 92//72 99//78 100//1
f 92//72 94//74 101//79 99//78
f 94//74 95//75 102//80 101//79
f 95//75 96//76 103//81 102//80
f 96//76 97//77 104//82 103//81
f 97//77 98//12 105//12 104//82
f 100//1 99//78 2//2 1//1
f 99//78 101//79 5//4 2//2
f 101//79 102//80 7//6 5//4
f 102//80 103//81 9//8 7//6
f 103//81 104//82 11//10 9//8
f 104//82 105//12 13//12 11//10
o Shape011
v 0.000960 1.501478 -0.003618
v -0.049315 1.500346 -0.003618
v -0.044965 1.500346 0.016842
v 0.000962 1.501478 -0.003606
v -0.103054 1.496705 -0.003618
v -0.094059 1.496705 0.038701
v -0.158708 1.490593 -0.003618
v -0.144901 1.490593 0.061337
v -0.214725 1.482050 -0.003618
v -0.196076 1.482050 0.084121
v -0.269555 1.471113 -0.003618
v -0.246165 1.471113 0.106422
v -0.321646 1.457822 -0.003618
v -0.293753 1.457822 0.127610
v -0.369448 1.442214 -0.003618
v -0.337422 1.442214 0.147053
v -0.416289 1.442214 -0.003618
v -0.380213 1.442214 0.166105
v -0.416289 1.419990 -0.003618
v -0.380213 1.419990 0.166105
v -0.441167 1.419990 -0.003618
v -0.402941 1.419990 0.176224
v -0.441167 1.391415 -0.003618
v -0.402941 1.391415 0.176224
v -0.416289 1.391415 -0.003618
v -0.380213 1.391415 0.166105
v -0.416289 1.269708 -0.003619
v -0.380213 1.269708 0.166105
v -0.378060 0.978062 -0.003619
v -0.117448 1.021786 -0.003585
v -0.110104 1.021783 0.030510
v -0.348272 0.978064 0.136524
v -0.032670 1.500346 0.033765
v 0.000970 1.501478 -0.003596
v -0.068629 1.496705 0.073702
v -0.105869 1.490593 0.115061
v -0.143351 1.482050 0.156690
v -0.180040 1.471113 0.197437
v -0.214895 1.457822 0.236147
v -0.246881 1.442214 0.271671
v -0.278224 1.442214 0.306481
v -0.278224 1.419990 0.306481
v -0.294871 1.419990 0.324969
v -0.294871 1.391415 0.324969
v -0.278224 1.391415 0.306481
v -0.278224 1.269708 0.306481
v -0.349961 1.238293 0.167670
v -0.345387 1.238293 0.150600
v -0.106996 1.238293 0.044487
v -0.085947 1.238293 0.050161
v -0.077541 1.238293 0.061799
v -0.078684 1.238293 0.083646
v -0.252746 1.238293 0.278123
v -0.270364 1.238293 0.277225
v -0.014555 1.500346 0.044224
v 0.000981 1.501478 -0.003589
v -0.031161 1.496705 0.095334
v -0.048359 1.490593 0.148264
v -0.065670 1.482050 0.201540
v -0.082613 1.471113 0.253686
v -0.098710 1.457822 0.303227
v -0.113482 1.442214 0.348690
v -0.127956 1.442214 0.393238
v -0.127956 1.419990 0.393238
v -0.135644 1.419990 0.416899
v -0.135644 1.391415 0.416899
v -0.127956 1.391415 0.393238
v -0.127956 1.269708 0.393238
v -0.240191 1.111012 0.285141
v -0.066516 1.079857 0.091097
v -0.036328 1.080264 0.109101
v -0.116133 1.110988 0.356741
v 0.006249 1.500346 0.046411
v 0.000994 1.501478 -0.003587
v 0.011866 1.496705 0.099857
v 0.017683 1.490593 0.155206
v 0.023539 1.482050 0.210916
v 0.029270 1.471113 0.265445
v 0.034715 1.457822 0.317251
v 0.039712 1.442214 0.364791
v 0.044608 1.442214 0.411375
v 0.044608 1.419990 0.411375
v 0.047209 1.419990 0.436117
v 0.047209 1.391415 0.436117
v 0.044608 1.391415 0.411375
v 0.044608 1.269708 0.411375
v -0.101917 0.978062 0.358375
v -0.022013 1.021788 0.110432
v 0.013860 1.021785 0.114179
v 0.040612 0.978062 0.373355
v 0.026143 1.500346 0.039948
v 0.001006 1.501478 -0.003592
v 0.053013 1.496705 0.086487
v 0.080840 1.490593 0.134685
v 0.108848 1.482050 0.183197
v 0.136263 1.471113 0.230681
v 0.162309 1.457822 0.275793
v 0.186210 1.442214 0.317191
v 0.209630 1.442214 0.357757
v 0.209630 1.419990 0.357757
v 0.222069 1.419990 0.379301
v 0.222069 1.391415 0.379301
v 0.209630 1.391415 0.357757
v 0.209630 1.269708 0.357757
v 0.060510 1.021788 0.098631
v 0.190515 0.978063 0.324648
v 0.041688 1.500346 0.025951
v 0.001015 1.501478 -0.003601
v 0.085164 1.496705 0.057537
v 0.130189 1.490593 0.090250
v 0.175508 1.482050 0.123176
v 0.219866 1.471113 0.155405
v 0.262009 1.457822 0.186023
v 0.300682 1.442214 0.214121
v 0.338576 1.442214 0.241653
v 0.338576 1.419990 0.241653
v 0.358704 1.419990 0.256275
v 0.358704 1.391415 0.256275
v 0.338576 1.391415 0.241653
v 0.338576 1.269708 0.241653
v 0.087127 1.021787 0.074676
v 0.297049 0.978062 0.228726
v 0.050196 1.500346 0.006840
v 0.001020 1.501478 -0.003612
v 0.102761 1.496705 0.018013
v 0.157199 1.490593 0.029585
v 0.211992 1.482050 0.041231
v 0.265623 1.471113 0.052632
v 0.316576 1.457822 0.063462
v 0.363334 1.442214 0.073400
v 0.409151 1.442214 0.083139
v 0.409151 1.419990 0.083139
v 0.433485 1.419990 0.088312
v 0.433485 1.391415 0.088312
v 0.409151 1.391415 0.083139
v 0.409151 1.269708 0.083139
v 0.324806 1.238293 0.214671
v 0.307775 1.238293 0.219191
v 0.097705 1.238293 0.065032
v 0.091746 1.238293 0.043747
v 0.096977 1.238293 0.031089
v 0.116075 1.238293 0.021023
v 0.371860 1.238293 0.075222
v 0.379885 1.238293 0.090960
v 0.050196 1.500346 -0.014077
v 0.001020 1.501478 -0.003624
v 0.102761 1.496705 -0.025250
v 0.157199 1.490593 -0.036822
v 0.211992 1.482050 -0.048468
v 0.265623 1.471113 -0.059868
v 0.316576 1.457821 -0.070698
v 0.363334 1.442214 -0.080637
v 0.409151 1.442214 -0.090375
v 0.409151 1.419990 -0.090375
v 0.433486 1.419990 -0.095548
v 0.433486 1.391415 -0.095548
v 0.409151 1.391415 -0.090375
v 0.409151 1.269708 -0.090375
v 0.371842 1.133281 0.060875
v 0.116434 1.081428 0.006757
v 0.117704 1.081444 -0.028217
v 0.371603 1.133247 -0.082384
v 0.041688 1.500346 -0.033186
v 0.001015 1.501478 -0.003636
v 0.085164 1.496705 -0.064773
v 0.130189 1.490593 -0.097487
v 0.175507 1.482049 -0.130413
v 0.219865 1.471113 -0.162640
v 0.262009 1.457821 -0.193260
v 0.300681 1.442214 -0.221357
v 0.338576 1.442214 -0.248890
v 0.338576 1.419990 -0.248890
v 0.358703 1.419990 -0.263511
v 0.358703 1.391415 -0.263511
v 0.338576 1.391415 -0.248890
v 0.338576 1.269708 -0.248890
v 0.365925 0.978046 -0.095520
v 0.111346 1.021826 -0.041209
v 0.096095 1.021795 -0.073144
v 0.307648 0.978065 -0.226418
v 0.026142 1.500346 -0.047184
v 0.001006 1.501478 -0.003645
v 0.053012 1.496705 -0.093723
v 0.080840 1.490593 -0.141922
v 0.108848 1.482050 -0.190433
v 0.136263 1.471113 -0.237917
v 0.162309 1.457822 -0.283030
v 0.186209 1.442214 -0.324428
v 0.209630 1.442214 -0.364993
v 0.209630 1.419990 -0.364993
v 0.222069 1.419990 -0.386538
v 0.222069 1.391415 -0.386538
v 0.209630 1.391415 -0.364993
v 0.209630 1.269708 -0.364993
v 0.061469 1.021783 -0.105603
v 0.190515 0.978061 -0.331885
v 0.006248 1.500346 -0.053648
v 0.000993 1.501478 -0.003648
v 0.011866 1.496705 -0.107093
v 0.017683 1.490593 -0.162442
v 0.023539 1.482049 -0.218152
v 0.029270 1.471113 -0.272682
v 0.034715 1.457821 -0.324487
v 0.039711 1.442214 -0.372028
v 0.044608 1.442214 -0.418612
v 0.044608 1.419990 -0.418612
v 0.047208 1.419990 -0.443354
v 0.047208 1.391415 -0.443354
v 0.044608 1.391415 -0.418612
v 0.044608 1.269708 -0.418612
v 0.027110 1.021791 -0.116878
v 0.054262 0.978060 -0.376156
v -0.014555 1.500345 -0.051461
v 0.000981 1.501478 -0.003647
v -0.031161 1.496705 -0.102570
v -0.048359 1.490593 -0.155501
v -0.065670 1.482049 -0.208776
v -0.082613 1.471113 -0.260922
v -0.098710 1.457821 -0.310463
v -0.113482 1.442214 -0.355926
v -0.127956 1.442214 -0.400474
v -0.127956 1.419990 -0.400474
v -0.135644 1.419990 -0.424135
v -0.135644 1.391415 -0.424135
v -0.127956 1.391415 -0.400474
v -0.127956 1.269708 -0.400474
v 0.028126 1.238293 -0.393196
v 0.040628 1.238293 -0.380699
v 0.013457 1.238293 -0.121237
v -0.001969 1.238293 -0.105791
v -0.018049 1.238293 -0.104086
v -0.036314 1.238293 -0.115970
v -0.120515 1.238293 -0.377573
v -0.032670 1.500346 -0.041002
v 0.000970 1.501478 -0.003641
v -0.068629 1.496705 -0.080938
v -0.105869 1.490593 -0.122297
v -0.143352 1.482050 -0.163926
v -0.180040 1.471113 -0.204672
v -0.214896 1.457822 -0.243384
v -0.246882 1.442214 -0.278907
v -0.278224 1.442214 -0.313716
v -0.278224 1.419990 -0.313716
v -0.294871 1.419990 -0.332205
v -0.294871 1.391415 -0.332205
v -0.278224 1.391415 -0.313716
v -0.278224 1.269708 -0.313716
v -0.128580 1.110999 -0.356818
v -0.048766 1.080240 -0.108844
v -0.078823 1.080254 -0.090972
v -0.252593 1.110991 -0.285185
v -0.044965 1.500346 -0.024079
v 0.000962 1.501478 -0.003631
v -0.094059 1.496705 -0.045936
v -0.144901 1.490593 -0.068574
v -0.196076 1.482050 -0.091358
v -0.246165 1.471113 -0.113658
v -0.293753 1.457822 -0.134846
v -0.337422 1.442214 -0.154289
v -0.380214 1.442214 -0.173340
v -0.380214 1.419990 -0.173340
v -0.402941 1.419990 -0.183460
v -0.402941 1.391415 -0.183460
v -0.380214 1.391415 -0.173340
v -0.380214 1.269708 -0.173340
v -0.261108 0.978060 -0.273657
v -0.087177 1.021791 -0.079264
v -0.107087 1.021788 -0.051696
v -0.345289 0.978062 -0.157792
v -0.404249 1.268708 -0.003619
v -0.369214 1.268708 0.161208
v -0.369214 1.268708 -0.168444
v -0.270168 1.268708 -0.304769
v -0.124236 1.268708 -0.389023
v 0.043349 1.268708 -0.406638
v 0.203609 1.268708 -0.354565
v 0.328835 1.268708 -0.241811
v 0.397374 1.268708 -0.087872
v 0.397374 1.268708 0.080636
v 0.328836 1.268708 0.234576
v 0.203610 1.268708 0.347329
v 0.043349 1.268708 0.399401
v -0.124236 1.268708 0.381787
v -0.270167 1.268708 0.297533
v 0.000960 1.269708 -0.003619
v 0.000962 1.269708 -0.003606
v -0.010031 1.268708 0.001288
v -0.011088 1.268708 -0.003619
v 0.000970 1.269708 -0.003596
v -0.007153 1.268708 0.005272
v 0.000981 1.269708 -0.003589
v -0.002824 1.268708 0.007855
v 0.000994 1.269708 -0.003588
v 0.002302 1.268708 0.008390
v 0.001006 1.269708 -0.003592
v 0.007059 1.268708 0.006805
v 0.001015 1.269708 -0.003601
v 0.010880 1.268708 0.003367
v 0.001020 1.269708 -0.003612
v 0.012727 1.268708 -0.001106
v 0.001020 1.269708 -0.003624
v 0.012878 1.268708 -0.006123
v 0.001015 1.269708 -0.003636
v 0.010688 1.268708 -0.010711
v 0.001006 1.269708 -0.003645
v 0.007157 1.268708 -0.014021
v 0.000993 1.269708 -0.003649
v 0.002264 1.268708 -0.015626
v 0.000981 1.269708 -0.003647
v -0.002832 1.268708 -0.015087
v 0.000970 1.269708 -0.003641
v -0.007153 1.268708 -0.012509
v 0.000962 1.269708 -0.003631
v -0.010031 1.268708 -0.008524
v -0.404249 1.239293 -0.003619
v -0.369214 1.239293 0.161208
v -0.369214 1.239293 -0.168444
v -0.270168 1.239293 -0.304769
v -0.124236 1.239293 -0.389023
v 0.043349 1.239293 -0.406638
v 0.203609 1.239293 -0.354565
v 0.328835 1.239293 -0.241811
v 0.397374 1.239293 -0.087872
v 0.397374 1.239293 0.080636
v 0.328836 1.239293 0.234576
v 0.203610 1.239293 0.347329
v 0.043349 1.239293 0.399401
v -0.124236 1.239293 0.381787
v -0.270167 1.239293 0.297533
v -0.010031 1.239293 0.001288
v -0.011088 1.239293 -0.003618
v -0.007153 1.239293 0.005272
v -0.002824 1.239293 0.007855
v 0.002302 1.239293 0.008390
v 0.007059 1.239293 0.006805
v 0.010880 1.239293 0.003367
v 0.012727 1.239293 -0.001106
v 0.012878 1.239293 -0.006123
v 0.010688 1.239293 -0.010711
v 0.007157 1.239293 -0.014021
v 0.002264 1.239293 -0.015626
v -0.002832 1.239293 -0.015087
v -0.007153 1.239293 -0.012509
v -0.010031 1.239293 -0.008524
v -0.392208 1.238293 -0.003619
v -0.361134 1.238293 0.142576
v -0.358215 1.238293 -0.163547
v -0.262111 1.238293 -0.295822
v 0.197589 1.238293 -0.344139
v 0.055445 1.238293 -0.390323
v 0.319094 1.238293 -0.234734
v 0.385596 1.238293 -0.085369
v 0.385596 1.238293 0.064091
v 0.197590 1.238293 0.336902
v 0.308660 1.238293 0.236894
v 0.042091 1.238293 0.387427
v -0.120515 1.238293 0.370336
v -0.249951 1.238293 0.295606
v -0.081343 1.238445 0.033062
v -0.097124 1.238293 0.025052
v -0.103291 1.238293 -0.003585
v -0.059840 1.238446 0.062826
v -0.031938 1.238293 0.095480
v -0.057261 1.238293 0.080376
v 0.012322 1.238293 0.100104
v 0.053396 1.238293 0.086413
v 0.074918 1.238445 0.048623
v 0.075947 1.238293 0.066118
v 0.088611 1.238446 0.015168
v 0.103638 1.238293 -0.025217
v 0.102760 1.238293 0.004077
v 0.084727 1.238293 -0.064828
v 0.054241 1.238293 -0.093410
v 0.010512 1.238445 -0.093310
v 0.025336 1.238293 -0.102894
v -0.027571 1.238445 -0.089286
v -0.069320 1.238293 -0.080350
v -0.044071 1.238293 -0.095412
v -0.094168 1.238293 -0.045946
v -0.345387 1.112674 0.150600
v -0.106996 1.112674 0.044487
v -0.392208 1.112674 -0.003619
v -0.361134 1.112674 0.142576
v -0.358215 1.112674 -0.163547
v -0.271856 1.126716 -0.285713
v -0.120515 1.126716 -0.377573
v -0.036314 1.094370 -0.115970
v -0.078998 1.092615 -0.070178
v -0.044071 1.092615 -0.095412
v -0.094168 1.112674 -0.045946
v -0.103291 1.112674 -0.003585
v -0.097124 1.112674 0.025052
v -0.078684 1.093942 0.083646
v -0.252746 1.125137 0.278123
v -0.018325 1.092768 0.098921
v -0.057261 1.092310 0.080376
v 0.012322 1.112674 0.100104
v 0.053396 1.112674 0.086413
v 0.075947 1.112674 0.066118
v 0.307775 1.112675 0.219191
v 0.097705 1.112674 0.065032
v 0.197590 1.112674 0.336902
v 0.308660 1.112675 0.236894
v 0.042091 1.112675 0.387427
v -0.106887 1.126716 0.373721
v -0.249951 1.126716 0.295606
v 0.116075 1.095679 0.021023
v 0.371860 1.147629 0.075222
v 0.099645 1.092615 -0.038678
v 0.102760 1.092615 0.004077
v 0.084727 1.112674 -0.064828
v 0.054241 1.112674 -0.093410
v 0.025336 1.112674 -0.102894
v 0.040628 1.112674 -0.380698
v 0.013457 1.112674 -0.121237
v 0.197589 1.112674 -0.344139
v 0.055445 1.112674 -0.390323
v 0.319094 1.112674 -0.234734
v 0.381714 1.150144 -0.098862
v 0.385596 1.150144 0.064091
v -0.078683 1.036043 -0.090815
v -0.252748 0.992280 -0.285358
v -0.094168 1.038201 -0.045946
v -0.077541 1.038201 -0.068966
v -0.103291 1.038201 -0.003585
v -0.097124 1.038201 0.025052
v -0.345387 0.992281 0.150600
v -0.106996 1.036043 0.044487
v -0.392208 0.989730 -0.003619
v -0.361134 0.989730 0.142576
v -0.358215 0.989730 -0.163547
v -0.270364 0.989730 -0.284462
v -0.036245 1.036041 0.108844
v -0.116208 0.992284 0.356972
v 0.012322 1.038201 0.100104
v -0.017973 1.038201 0.096938
v 0.053396 1.038201 0.086413
v 0.075947 1.038201 0.066118
v 0.307775 0.992285 0.219191
v 0.097705 1.036040 0.065032
v 0.197590 0.989730 0.336902
v 0.308660 0.989730 0.236894
v 0.042091 0.989730 0.387427
v -0.106550 0.989730 0.371804
v 0.117370 1.036038 -0.028145
v 0.371864 0.992288 -0.082439
v 0.084727 1.038201 -0.064828
v 0.097588 1.038201 -0.037887
v 0.054241 1.038201 -0.093410
v 0.025336 1.038201 -0.102894
v 0.040628 0.992282 -0.380698
v 0.013457 1.036042 -0.121237
v 0.197589 0.989730 -0.344139
v 0.055445 0.989730 -0.390323
v 0.319094 0.989730 -0.234734
v 0.379885 0.989730 -0.098197
v -0.100369 1.027076 0.026416
v -0.100101 1.028564 0.035733
v -0.107685 1.025375 0.040954
v -0.346196 0.981592 0.147121
v -0.354502 0.981861 0.148974
v -0.357918 0.979793 0.141063
v -0.355737 1.238293 0.151449
v -0.098114 1.238293 0.036774
v -0.068646 1.238293 0.077597
v -0.256730 1.238293 0.287725
v -0.247511 1.115769 0.292990
v -0.253983 1.117323 0.287297
v -0.249641 1.114541 0.279914
v -0.075609 1.083344 0.085471
v -0.068291 1.084062 0.079840
v -0.059575 1.082175 0.083056
v -0.105392 0.979793 0.368446
v -0.113620 0.981862 0.365875
v -0.112665 0.981593 0.357415
v -0.032657 1.025375 0.109148
v -0.028275 1.028565 0.101048
v -0.018983 1.027077 0.100312
v 0.078742 1.027077 0.068257
v 0.086689 1.028565 0.063393
v 0.094982 1.025374 0.067386
v 0.305171 0.981594 0.221632
v 0.310904 0.981863 0.227931
v 0.305757 0.979793 0.234852
v 0.313656 1.238293 0.227770
v 0.086605 1.238293 0.061150
v 0.105878 1.238293 0.015332
v 0.382162 1.238293 0.073894
v 0.382158 1.138908 0.063287
v 0.380458 1.140355 0.071738
v 0.371987 1.136911 0.071663
v 0.116033 1.084932 0.017429
v 0.107623 1.084933 0.013908
v 0.106178 1.082798 0.004747
v 0.376395 0.979788 -0.097527
v 0.378283 0.981859 -0.089119
v 0.370474 0.981592 -0.085730
v 0.115769 1.025382 -0.031391
v 0.106515 1.028570 -0.031124
v 0.101028 1.027087 -0.038719
v 0.025779 1.027078 -0.106391
v 0.017590 1.028565 -0.110861
v 0.016860 1.025377 -0.120051
v 0.044047 0.981591 -0.379658
v 0.046590 0.981861 -0.387780
v 0.055149 0.979792 -0.386782
v 0.045064 1.238293 -0.390087
v 0.015695 1.238293 -0.109668
v -0.036102 1.238293 -0.104148
v -0.039412 1.083762 -0.114143
v -0.038207 1.084467 -0.104927
v -0.045245 1.082501 -0.098770
v -0.268050 0.979792 -0.281761
v -0.261716 0.981860 -0.287597
v -0.254903 0.981590 -0.282505
v -0.080742 1.025378 -0.087855
v -0.075948 1.028565 -0.079975
v -0.079950 1.027078 -0.071541
v -0.036102 1.093054 -0.104148
v -0.068646 1.092645 0.077597
v -0.256730 1.126321 0.287725
v 0.105878 1.093381 0.015332
v 0.382162 1.149516 0.073894
v -0.073716 1.037662 -0.080121
v -0.261834 0.990368 -0.290366
v -0.098114 1.037662 0.036774
v -0.355737 0.990368 0.151449
v -0.029523 1.037661 0.099185
v -0.115947 0.990369 0.367362
v 0.086605 1.037661 0.061150
v 0.313656 0.990369 0.227770
v 0.105558 1.037660 -0.029117
v 0.380736 0.990369 -0.087843
v 0.015695 1.037662 -0.109668
v 0.045064 0.990368 -0.390087
v -0.106830 1.027077 -0.003585
v -0.388671 0.979792 -0.003619
v -0.029625 1.082557 0.099758
v -0.115786 1.115919 0.367655
v 0.012707 1.027077 0.103623
v 0.041721 0.979793 0.383909
v 0.055175 1.027078 0.089468
v 0.195821 0.979793 0.333839
v 0.106173 1.082830 -0.029358
v 0.381006 1.138975 -0.088067
v 0.087569 1.027079 -0.066907
v 0.316233 0.979793 -0.232655
v 0.056048 1.027076 -0.096458
v 0.195821 0.979792 -0.341075
v -0.122531 1.115766 -0.372384
v -0.074139 1.082524 -0.080463
v -0.262171 1.115921 -0.290373
v -0.097398 1.027078 -0.047383
v -0.354983 0.979793 -0.162108
v -0.355737 1.112674 0.151449
v -0.098114 1.112674 0.036774
v 0.086605 1.112674 0.061150
v 0.313656 1.112675 0.227770
v 0.015695 1.112674 -0.109668
v 0.045064 1.112674 -0.390087
vn -0.0225 0.9997 -0.0000
vn -0.0481 0.9988 -0.0000
vn -0.0439 0.9988 0.0196
vn -0.0206 0.9997 0.0091
vn -0.0912 0.9958 -0.0000
vn -0.0833 0.9958 0.0371
vn -0.1327 0.9912 -0.0000
vn -0.1213 0.9912 0.0540
vn -0.1762 0.9844 -0.0000
vn -0.1609 0.9844 0.0717
vn -0.2249 0.9744 -0.0000
vn -0.2054 0.9744 0.0915
vn -0.2830 0.9591 -0.0000
vn -0.2585 0.9591 0.1151
vn -0.1366 0.9906 -0.0000
vn -0.1248 0.9906 0.0556
vn -0.7485 0.6632 -0.0000
vn -0.6838 0.6632 0.3044
vn -0.6534 0.7570 -0.0000
vn -0.5969 0.7570 0.2658
vn -0.7485 -0.6632 -0.0000
vn -0.6838 -0.6632 0.3044
vn -0.6534 -0.7570 -0.0000
vn -0.5969 -0.7570 0.2658
vn -0.7722 -0.6354 -0.0000
vn -0.7054 -0.6354 0.3141
vn -0.0195 -0.9998 -0.0000
vn 0.2909 -0.9568 -0.0000
vn 0.3545 -0.9324 0.0707
vn 0.0664 -0.9874 0.1433
vn -0.0322 0.9988 0.0357
vn -0.0151 0.9997 0.0167
vn -0.0610 0.9958 0.0677
vn -0.0888 0.9912 0.0986
vn -0.1179 0.9844 0.1309
vn -0.1505 0.9744 0.1671
vn -0.1894 0.9591 0.2103
vn -0.0914 0.9906 0.1015
vn -0.5008 0.6632 0.5562
vn -0.4372 0.7570 0.4856
vn -0.5008 -0.6632 0.5562
vn -0.4372 -0.7570 0.4856
vn -0.5167 -0.6354 0.5738
vn -0.0360 -0.9991 0.0230
vn 0.1647 -0.7469 0.6443
vn 0.3601 -0.7419 0.5656
vn 0.0044 -1.0000 -0.0034
vn 0.0047 -1.0000 -0.0031
vn -0.4274 -0.7421 -0.5163
vn -0.5628 -0.7468 -0.3542
vn -0.0330 -0.9991 0.0271
vn -0.0149 0.9988 0.0457
vn -0.0070 0.9997 0.0214
vn -0.0282 0.9958 0.0867
vn -0.0410 0.9912 0.1262
vn -0.0544 0.9844 0.1676
vn -0.0695 0.9744 0.2138
vn -0.0874 0.9591 0.2691
vn -0.0422 0.9906 0.1299
vn -0.2313 0.6632 0.7118
vn -0.2019 0.7570 0.6214
vn -0.2313 -0.6632 0.7118
vn -0.2019 -0.7570 0.6214
vn -0.2386 -0.6354 0.7344
vn -0.2482 -0.9604 0.1269
vn -0.0887 -0.9867 -0.1363
vn -0.6166 -0.7108 -0.3387
vn -0.7733 -0.6231 0.1175
vn 0.0050 0.9988 0.0478
vn 0.0024 0.9997 0.0224
vn 0.0095 0.9958 0.0907
vn 0.0139 0.9912 0.1320
vn 0.0184 0.9844 0.1752
vn 0.0235 0.9744 0.2236
vn 0.0296 0.9591 0.2814
vn 0.0143 0.9906 0.1358
vn 0.0782 0.6632 0.7444
vn 0.0683 0.7570 0.6498
vn 0.0782 -0.6632 0.7444
vn 0.0683 -0.7570 0.6498
vn 0.0807 -0.6354 0.7679
vn -0.1497 -0.9874 -0.0507
vn -0.1083 -0.9324 -0.3449
vn -0.0314 -0.9568 -0.2891
vn 0.0020 -0.9998 0.0194
vn 0.0240 0.9988 0.0416
vn 0.0114 0.9997 0.0194
vn 0.0456 0.9958 0.0789
vn 0.0664 0.9912 0.1150
vn 0.0881 0.9844 0.1526
vn 0.1124 0.9744 0.1947
vn 0.1415 0.9591 0.2451
vn 0.0683 0.9906 0.1183
vn 0.3742 0.6632 0.6482
vn 0.3267 0.7570 0.5658
vn 0.3742 -0.6632 0.6482
vn 0.3267 -0.7570 0.5658
vn 0.3861 -0.6354 0.6687
vn -0.1466 -0.9565 -0.2522
vn 0.0097 -0.9998 0.0169
vn 0.0389 0.9988 0.0283
vn 0.0186 0.9997 0.0127
vn 0.0738 0.9958 0.0536
vn 0.1074 0.9912 0.0780
vn 0.1425 0.9844 0.1036
vn 0.1819 0.9744 0.1322
vn 0.2289 0.9591 0.1663
vn 0.1105 0.9906 0.0803
vn 0.6055 0.6632 0.4399
vn 0.5286 0.7570 0.3840
vn 0.6055 -0.6632 0.4399
vn 0.5286 -0.7570 0.3840
vn 0.6247 -0.6354 0.4539
vn -0.1149 -0.9324 -0.3426
vn 0.0916 -0.9874 -0.1288
vn 0.0470 0.9988 0.0100
vn 0.0220 0.9997 0.0047
vn 0.0892 0.9958 0.0190
vn 0.1298 0.9912 0.0276
vn 0.1723 0.9844 0.0366
vn 0.2199 0.9744 0.0467
vn 0.2768 0.9591 0.0588
vn 0.1336 0.9906 0.0284
vn 0.7321 0.6632 0.1556
vn 0.6391 0.7570 0.1358
vn 0.7321 -0.6632 0.1556
vn 0.6391 -0.7570 0.1358
vn 0.7553 -0.6354 0.1605
vn 0.0379 -0.9991 0.0197
vn 0.4777 -0.7468 -0.4626
vn 0.3125 -0.7419 -0.5932
vn -0.0052 -1.0000 -0.0020
vn -0.0051 -1.0000 -0.0023
vn -0.2354 -0.7424 0.6273
vn -0.0268 -0.7469 0.6644
vn 0.0400 -0.9991 0.0150
vn 0.0470 0.9988 -0.0100
vn 0.0220 0.9997 -0.0047
vn 0.0892 0.9958 -0.0190
vn 0.1298 0.9912 -0.0276
vn 0.1723 0.9844 -0.0366
vn 0.2199 0.9744 -0.0468
vn 0.2768 0.9591 -0.0588
vn 0.1336 0.9906 -0.0284
vn 0.7321 0.6632 -0.1556
vn 0.6391 0.7570 -0.1358
vn 0.7321 -0.6632 -0.1556
vn 0.6391 -0.7570 -0.1358
vn 0.7553 -0.6354 -0.1605
vn 0.3050 -0.9399 0.1532
vn 0.0030 -0.9880 0.1547
vn 0.0782 -0.7028 0.7071
vn 0.5231 -0.6014 0.6039
vn 0.0389 0.9988 -0.0283
vn 0.0182 0.9997 -0.0132
vn 0.0737 0.9958 -0.0536
vn 0.1074 0.9912 -0.0780
vn 0.1425 0.9844 -0.1036
vn 0.1819 0.9744 -0.1322
vn 0.2289 0.9591 -0.1663
vn 0.1105 0.9906 -0.0803
vn 0.6055 0.6632 -0.4399
vn 0.5286 0.7570 -0.3840
vn 0.6055 -0.6632 -0.4399
vn 0.5286 -0.7570 -0.3840
vn 0.6247 -0.6354 -0.4539
vn 0.0311 -0.9874 0.1555
vn -0.2408 -0.9321 0.2706
vn -0.2366 -0.9559 0.1738
vn 0.0158 -0.9998 -0.0114
vn 0.0240 0.9988 -0.0416
vn 0.0113 0.9997 -0.0195
vn 0.0456 0.9958 -0.0789
vn 0.0664 0.9912 -0.1150
vn 0.0881 0.9844 -0.1526
vn 0.1124 0.9744 -0.1947
vn 0.1415 0.9591 -0.2451
vn 0.0683 0.9906 -0.1183
vn 0.3742 0.6632 -0.6482
vn 0.3267 0.7570 -0.5658
vn 0.3742 -0.6632 -0.6482
vn 0.3267 -0.7570 -0.5658
vn 0.3861 -0.6354 -0.6687
vn -0.1482 -0.9569 0.2496
vn 0.0096 -0.9998 -0.0170
vn 0.0050 0.9988 -0.0478
vn 0.0027 0.9997 -0.0224
vn 0.0095 0.9958 -0.0907
vn 0.0139 0.9911 -0.1320
vn 0.0184 0.9844 -0.1752
vn 0.0235 0.9744 -0.2236
vn 0.0296 0.9591 -0.2814
vn 0.0143 0.9906 -0.1358
vn 0.0782 0.6632 -0.7444
vn 0.0683 0.7570 -0.6498
vn 0.0782 -0.6632 -0.7444
vn 0.0683 -0.7570 -0.6498
vn 0.0807 -0.6354 -0.7679
vn -0.2396 -0.9323 0.2710
vn -0.1574 -0.9874 -0.0142
vn -0.0149 0.9988 -0.0457
vn -0.0070 0.9997 -0.0214
vn -0.0282 0.9958 -0.0867
vn -0.0410 0.9911 -0.1263
vn -0.0544 0.9844 -0.1676
vn -0.0695 0.9744 -0.2138
vn -0.0874 0.9591 -0.2691
vn -0.0422 0.9906 -0.1299
vn -0.2313 0.6632 -0.7118
vn -0.2019 0.7570 -0.6214
vn -0.2313 -0.6632 -0.7118
vn -0.2019 -0.7570 -0.6214
vn -0.2386 -0.6354 -0.7344
vn -0.0019 -0.9991 -0.0427
vn -0.6404 -0.7469 -0.1792
vn -0.6700 -0.7418 0.0291
vn 0.0008 -1.0000 0.0055
vn 0.0004 -1.0000 0.0056
vn 0.6618 -0.7415 -0.1100
vn 0.1149 -0.9119 -0.3940
vn -0.0321 0.9988 -0.0357
vn -0.0154 0.9997 -0.0164
vn -0.0610 0.9958 -0.0677
vn -0.0888 0.9912 -0.0986
vn -0.1179 0.9844 -0.1309
vn -0.1505 0.9744 -0.1671
vn -0.1894 0.9591 -0.2103
vn -0.0914 0.9906 -0.1015
vn -0.5008 0.6632 -0.5562
vn -0.4372 0.7570 -0.4856
vn -0.5008 -0.6632 -0.5562
vn -0.4372 -0.7570 -0.4856
vn -0.5167 -0.6354 -0.5738
vn 0.0024 -0.9693 -0.2459
vn 0.1682 -0.9857 -0.0134
vn 0.6083 -0.7063 -0.3622
vn 0.2879 -0.6238 -0.7266
vn -0.0439 0.9988 -0.0196
vn -0.0206 0.9997 -0.0092
vn -0.0833 0.9958 -0.0371
vn -0.1213 0.9912 -0.0540
vn -0.1609 0.9844 -0.0717
vn -0.2054 0.9744 -0.0915
vn -0.2585 0.9591 -0.1151
vn -0.1248 0.9906 -0.0556
vn -0.6838 0.6632 -0.3044
vn -0.5969 0.7570 -0.2658
vn -0.6838 -0.6632 -0.3044
vn -0.5969 -0.7570 -0.2658
vn -0.7054 -0.6354 -0.3141
vn 0.1193 -0.9874 -0.1036
vn 0.3532 -0.9322 0.0787
vn 0.2663 -0.9566 0.1185
vn -0.0178 -0.9998 -0.0079
vn -0.6886 -0.7251 -0.0000
vn -0.6291 -0.7251 0.2801
vn -0.6291 -0.7251 -0.2801
vn -0.4608 -0.7251 -0.5117
vn -0.2128 -0.7251 -0.6549
vn 0.0720 -0.7251 -0.6848
vn 0.3443 -0.7251 -0.5963
vn 0.5571 -0.7251 -0.4047
vn 0.6735 -0.7251 -0.1432
vn 0.6735 -0.7251 0.1432
vn 0.5571 -0.7251 0.4047
vn 0.3443 -0.7251 0.5963
vn 0.0720 -0.7251 0.6848
vn -0.2128 -0.7251 0.6549
vn -0.4608 -0.7251 0.5117
vn 0.0827 -0.9966 -0.0000
vn 0.0757 -0.9966 -0.0336
vn 0.7050 -0.6359 -0.3139
vn 0.7726 -0.6349 -0.0000
vn 0.0559 -0.9966 -0.0612
vn 0.5210 -0.6365 -0.5688
vn 0.0260 -0.9966 -0.0785
vn 0.2439 -0.6341 -0.7338
vn -0.0091 -0.9966 -0.0822
vn -0.0839 -0.6348 -0.7681
vn -0.0417 -0.9966 -0.0716
vn -0.3882 -0.6361 -0.6668
vn -0.0674 -0.9966 -0.0476
vn -0.6324 -0.6330 -0.4466
vn -0.0814 -0.9965 -0.0174
vn -0.7509 -0.6406 -0.1607
vn -0.0805 -0.9966 0.0169
vn -0.7595 -0.6305 0.1600
vn -0.0672 -0.9965 0.0489
vn -0.6204 -0.6396 0.4538
vn -0.0420 -0.9966 0.0711
vn -0.3944 -0.6339 0.6653
vn -0.0086 -0.9966 0.0823
vn -0.0815 -0.6351 0.7681
vn 0.0264 -0.9966 0.0783
vn 0.2445 -0.6342 0.7335
vn 0.0557 -0.9966 0.0613
vn 0.5210 -0.6365 0.5688
vn 0.0756 -0.9966 0.0338
vn 0.7050 -0.6359 0.3139
vn -0.7721 -0.6354 -0.0000
vn -0.6838 -0.6631 0.3045
vn 0.6391 0.7570 0.1359
vn 0.5286 0.7570 0.3841
vn -0.5008 -0.6631 0.5563
vn 0.6019 -0.7523 -0.2680
vn 0.6573 -0.7536 -0.0000
vn 0.4456 -0.7515 -0.4865
vn 0.2069 -0.7548 -0.6224
vn -0.0714 -0.7538 -0.6532
vn -0.3316 -0.7520 -0.5697
vn -0.5343 -0.7564 -0.3773
vn -0.6514 -0.7458 -0.1394
vn -0.6359 -0.7601 0.1340
vn -0.5365 -0.7472 0.3924
vn -0.3343 -0.7551 0.5640
vn -0.0694 -0.7534 0.6539
vn 0.2075 -0.7546 0.6225
vn 0.4456 -0.7515 0.4865
vn 0.6019 -0.7523 0.2680
vn 0.7977 -0.1665 -0.5796
vn 0.9551 -0.1767 -0.2377
vn 0.6305 -0.7678 -0.1139
vn 0.5479 -0.7357 -0.3981
vn -0.6886 -0.7252 -0.0000
vn -0.4505 -0.7288 -0.5157
vn -0.6492 -0.7177 0.2519
vn 0.5571 -0.7251 -0.4048
vn 0.3443 -0.7252 -0.5963
vn 0.6710 -0.7300 -0.1294
vn 0.1064 -0.7177 -0.6882
vn 0.6874 -0.7176 0.1114
vn 0.0720 -0.7251 0.6849
vn 0.3443 -0.7252 0.5963
vn -0.2213 -0.7288 0.6479
vn 0.5428 -0.7176 0.4363
vn -0.4402 -0.7176 0.5396
vn 0.0094 -0.9999 -0.0043
vn 0.6733 -0.7381 -0.0436
vn 0.7521 -0.6591 -0.0000
vn 0.0071 -0.9999 -0.0076
vn 0.2476 -0.6551 -0.7138
vn 0.2559 -0.7383 -0.6240
vn -0.0817 -0.6589 -0.7478
vn -0.3779 -0.6603 -0.6490
vn -0.0085 -0.9999 -0.0059
vn -0.3726 -0.7381 -0.5625
vn -0.0102 -0.9999 -0.0022
vn -0.7451 -0.6508 0.1460
vn -0.6694 -0.7385 0.0804
vn -0.6034 -0.6641 0.4414
vn -0.3840 -0.6579 0.6478
vn -0.0010 -0.9999 0.0103
vn -0.3021 -0.7379 0.6035
vn 0.0032 -0.9999 0.0098
vn 0.5020 -0.6578 0.5616
vn 0.4266 -0.7377 0.5233
vn 0.6862 -0.6601 0.3055
vn 0.2477 -0.0000 0.9688
vn 0.5371 -0.0000 0.8435
vn -1.0000 -0.0000 -0.0000
vn -0.9294 -0.0000 0.3690
vn -0.9162 -0.0000 -0.4008
vn -0.6805 -0.0195 -0.7325
vn 0.3374 -0.2028 -0.9193
vn 0.9709 -0.1537 -0.1836
vn 0.7837 -0.0484 0.6192
vn 0.6565 -0.1568 0.7378
vn 0.9265 -0.0000 0.3762
vn 1.0000 -0.0000 -0.0000
vn 0.9980 -0.0000 -0.0639
vn -0.6468 -0.1542 -0.7469
vn -0.8452 -0.1595 -0.5102
vn 0.1563 -0.0490 -0.9865
vn 0.3336 -0.1574 -0.9295
vn -0.1411 -0.0000 -0.9900
vn -0.5032 -0.0000 -0.8642
vn -0.5518 -0.0000 -0.8340
vn 0.7184 -0.0000 -0.6956
vn 0.4660 -0.0000 -0.8848
vn 0.5000 -0.0000 0.8660
vn 0.7842 -0.0000 0.6205
vn 0.1110 -0.0000 0.9938
vn -0.2934 -0.0196 0.9558
vn -0.6203 -0.1523 0.7695
vn -0.3150 -0.1530 0.9367
vn -0.0116 -0.1560 0.9877
vn -0.9248 -0.0510 0.3770
vn -0.9723 -0.1607 0.1696
vn -0.7850 -0.0000 0.6194
vn -0.5099 -0.0000 0.8602
vn -0.4482 -0.0000 0.8939
vn -0.9630 -0.0000 -0.2695
vn -0.9991 -0.0000 0.0434
vn 0.5000 -0.0000 -0.8660
vn 0.1452 -0.0000 -0.9894
vn 0.8052 -0.0000 -0.5930
vn 0.9735 -0.0166 -0.2280
vn 0.9777 -0.1459 0.1512
vn 0.8353 -0.1449 -0.5304
vn 0.6350 -0.1565 -0.7565
vn 0.9023 -0.1564 0.4017
vn 0.8778 -0.1245 0.4627
vn 0.9877 -0.1566 -0.0000
vn 0.9874 -0.1415 -0.0703
vn 0.2696 -0.1566 0.9501
vn 0.5451 -0.1453 0.8257
vn -0.9860 -0.1665 -0.0000
vn -0.9135 -0.1709 0.3693
vn -0.9008 -0.1665 -0.4011
vn -0.6831 -0.1778 -0.7083
vn -0.8791 -0.1449 -0.4540
vn -0.9736 -0.1564 -0.1665
vn -0.1073 -0.1566 -0.9818
vn -0.0366 -0.1235 -0.9917
vn -0.4970 -0.1563 -0.8536
vn -0.5520 -0.1416 -0.8217
vn 0.6912 -0.1566 -0.7055
vn 0.4465 -0.1454 -0.8829
vn 0.4930 -0.1665 0.8539
vn 0.7764 -0.1707 0.6066
vn 0.1031 -0.1665 0.9806
vn -0.2716 -0.1776 0.9459
vn 0.0470 -0.1445 0.9884
vn 0.3411 -0.1564 0.9269
vn -0.7973 -0.1555 0.5832
vn -0.8279 -0.1217 0.5475
vn -0.5036 -0.1569 0.8496
vn -0.4374 -0.1416 0.8881
vn -0.9578 -0.1566 -0.2412
vn -0.9876 -0.1452 0.0592
vn 0.4930 -0.1665 -0.8539
vn 0.1369 -0.1709 -0.9757
vn 0.7729 -0.6325 -0.0510
vn 0.7798 -0.5178 0.3520
vn 0.4947 -0.6615 0.5637
vn 0.2617 -0.7048 0.6593
vn -0.3130 -0.6269 0.7135
vn -0.5765 -0.7682 0.2783
vn -0.2698 -0.8330 0.4831
vn 0.5352 -0.8009 0.2685
vn -0.0871 -0.8022 -0.5906
vn -0.5432 -0.8326 0.1082
vn -0.4782 -0.6703 0.5675
vn -0.8135 -0.5590 0.1606
vn -0.6480 -0.7064 -0.2849
vn -0.4966 -0.7066 -0.5040
vn -0.1488 -0.6042 -0.7829
vn 0.2288 -0.7351 -0.6381
vn -0.2164 -0.7680 0.6027
vn -0.6765 -0.6268 0.3867
vn -0.6836 -0.7047 -0.1899
vn -0.6132 -0.6615 -0.4317
vn -0.4336 -0.5177 -0.7375
vn -0.0326 -0.6326 -0.7738
vn -0.4285 -0.6327 -0.6451
vn -0.0818 -0.5179 -0.8515
vn 0.2437 -0.6617 -0.7091
vn 0.4427 -0.7047 -0.5545
vn 0.7748 -0.6266 -0.0839
vn 0.5295 -0.7679 0.3606
vn 0.5542 -0.8324 -0.0066
vn -0.0328 -0.8011 -0.5977
vn -0.4699 -0.8035 0.3655
vn 0.3646 -0.8329 0.4164
vn 0.7585 -0.6392 0.1272
vn 0.5682 -0.5371 0.6235
vn 0.1267 -0.6946 0.7081
vn -0.1392 -0.7085 0.6918
vn -0.5810 -0.6220 0.5250
vn -0.6342 -0.7631 0.1241
vn 0.6728 -0.6267 0.3931
vn 0.1762 -0.7042 0.6878
vn -0.0663 -0.6609 0.7475
vn -0.4131 -0.5165 0.7501
vn -0.6435 -0.6330 0.4303
vn -0.3458 -0.6326 0.6930
vn -0.6961 -0.5175 0.4976
vn -0.7357 -0.6613 0.1465
vn -0.7020 -0.7047 -0.1027
vn -0.4615 -0.6269 -0.6277
vn 0.0473 -0.7681 -0.6385
vn -0.2835 -0.8330 -0.4751
vn -0.5016 -0.8003 0.3284
vn 0.5615 -0.7991 0.2150
vn 0.6864 -0.7055 -0.1763
vn 0.7586 -0.6005 0.2529
vn 0.4558 -0.7347 0.5025
vn -0.4133 -0.7684 -0.4887
vn 0.0055 -0.6270 -0.7790
vn 0.5088 -0.7048 -0.4943
vn 0.6821 -0.6612 -0.3124
vn 0.8557 -0.5174 -0.0054
vn 0.6870 -0.6325 0.3576
vn -0.9589 0.0414 0.2806
vn 0.2996 -0.0651 0.9518
vn 0.0142 -0.9998 -0.0161
vn 0.0120 -0.9850 -0.1722
vn -0.8368 0.0438 0.5457
vn 0.9311 -0.1266 0.3421
vn -0.1577 -0.1283 -0.9791
vn -0.9766 -0.1390 0.1642
vn -0.7695 -0.1310 0.6250
vn 0.6330 -0.1334 0.7625
vn 0.9931 -0.1091 -0.0426
vn -0.0342 -0.1549 -0.9873
vn 0.8897 -0.1139 0.4422
vn -0.4347 -0.1544 0.8872
vn -0.5347 -0.1091 -0.8379
vn -0.8366 -0.1544 0.5257
vn -0.0582 -0.1139 -0.9918
vn 0.9859 -0.1540 -0.0648
vn -0.4477 -0.1077 0.8877
vn 0.8731 -0.1548 0.4623
vn -0.8292 -0.1137 0.5473
vn -0.5512 -0.1544 -0.8200
vn 0.7355 -0.6775 -0.0000
vn -0.6772 -0.7358 -0.0000
vn -0.0401 -0.4568 -0.8886
vn -0.6433 -0.1903 0.7416
vn -0.0799 -0.6777 -0.7310
vn 0.0708 -0.7358 0.6735
vn -0.3706 -0.6763 -0.6365
vn 0.3386 -0.7358 0.5865
vn -0.7229 -0.4776 0.4992
vn 0.9671 -0.1840 0.1756
vn -0.5967 -0.6731 0.4368
vn -0.3745 -0.6787 0.6317
vn 0.3386 -0.7358 -0.5865
vn 0.2380 -0.6715 -0.7018
vn 0.8004 -0.4472 0.3992
vn -0.3197 -0.1909 -0.9281
vn 0.6727 -0.6766 0.2994
vn -0.6187 -0.7358 -0.2755
vn -0.4540 -0.0000 0.8910
vn 0.8916 -0.0000 0.4529
vn -0.0498 -0.0000 -0.9988
vn 0.9988 -0.0000 -0.0499
vn -0.8394 -0.0000 0.5436
vn -0.5448 -0.0000 -0.8386
s 1
usemtl wire_000000000
f 106//83 107//84 108//85 109//86
f 107//84 110//87 111//88 108//85
f 110//87 112//89 113//90 111//88
f 112//89 114//91 115//92 113//90
f 114//91 116//93 117//94 115//92
f 116//93 118//95 119//96 117//94
f 118//95 120//97 121//98 119//96
f 120//97 122//99 123//100 121//98
f 122//99 124//101 125//102 123//100
f 124//101 126//99 127//100 125//102
f 126//99 128//103 129//104 127//100
f 128//103 130//105 131//106 129//104
f 130//105 132//107 133//108 131//106
f 134//109 135//110 136//111 137//112
f 109//86 108//85 138//113 139//114
f 108//85 111//88 140//115 138//113
f 111//88 113//90 141//116 140//115
f 113//90 115//92 142//117 141//116
f 115//92 117//94 143//118 142//117
f 117//94 119//96 144//119 143//118
f 119//96 121//98 145//120 144//119
f 121//98 123//100 146//121 145//120
f 123//100 125//102 147//122 146//121
f 125//102 127//100 148//121 147//122
f 127//100 129//104 149//123 148//121
f 129//104 131//106 150//124 149//123
f 131//106 133//108 151//125 150//124
f 152//126 153//127 154//128 155//129 156//130 157//131 158//132 159//133
f 139//114 138//113 160//134 161//135
f 138//113 140//115 162//136 160//134
f 140//115 141//116 163//137 162//136
f 141//116 142//117 164//138 163//137
f 142//117 143//118 165//139 164//138
f 143//118 144//119 166//140 165//139
f 144//119 145//120 167//141 166//140
f 145//120 146//121 168//142 167//141
f 146//121 147//122 169//143 168//142
f 147//122 148//121 170//142 169//143
f 148//121 149//123 171//144 170//142
f 149//123 150//124 172//145 171//144
f 150//124 151//125 173//146 172//145
f 174//147 175//148 176//149 177//150
f 161//135 160//134 178//151 179//152
f 160//134 162//136 180//153 178//151
f 162//136 163//137 181//154 180//153
f 163//137 164//138 182//155 181//154
f 164//138 165//139 183//156 182//155
f 165//139 166//140 184//157 183//156
f 166//140 167//141 185//158 184//157
f 167//141 168//142 186//159 185//158
f 168//142 169//143 187//160 186//159
f 169//143 170//142 188//159 187//160
f 170//142 171//144 189//161 188//159
f 171//144 172//145 190//162 189//161
f 172//145 173//146 191//163 190//162
f 192//164 193//165 194//166 195//167
f 179//152 178//151 196//168 197//169
f 178//151 180//153 198//170 196//168
f 180//153 181//154 199//171 198//170
f 181//154 182//155 200//172 199//171
f 182//155 183//156 201//173 200//172
f 183//156 184//157 202//174 201//173
f 184//157 185//158 203//175 202//174
f 185//158 186//159 204//176 203//175
f 186//159 187//160 205//177 204//176
f 187//160 188//159 206//176 205//177
f 188//159 189//161 207//178 206//176
f 189//161 190//162 208//179 207//178
f 190//162 191//163 209//180 208//179
f 195//167 194//166 210//181 211//182
f 197//169 196//168 212//183 213//184
f 196//168 198//170 214//185 212//183
f 198//170 199//171 215//186 214//185
f 199//171 200//172 216//187 215//186
f 200//172 201//173 217//188 216//187
f 201//173 202//174 218//189 217//188
f 202//174 203//175 219//190 218//189
f 203//175 204//176 220//191 219//190
f 204//176 205//177 221//192 220//191
f 205//177 206//176 222//191 221//192
f 206//176 207//178 223//193 222//191
f 207//178 208//179 224//194 223//193
f 208//179 209//180 225//195 224//194
f 211//182 210//181 226//196 227//197
f 213//184 212//183 228//198 229//199
f 212//183 214//185 230//200 228//198
f 214//185 215//186 231//201 230//200
f 215//186 216//187 232//202 231//201
f 216//187 217//188 233//203 232//202
f 217//188 218//189 234//204 233//203
f 218//189 219//190 235//205 234//204
f 219//190 220//191 236//206 235//205
f 220//191 221//192 237//207 236//206
f 221//192 222//191 238//206 237//207
f 222//191 223//193 239//208 238//206
f 223//193 224//194 240//209 239//208
f 224//194 225//195 241//210 240//209
f 242//211 243//212 244//213 245//214 246//215 247//216 248//217 249//218
f 229//199 228//198 250//219 251//220
f 228//198 230//200 252//221 250//219
f 230//200 231//201 253//222 252//221
f 231//201 232//202 254//223 253//222
f 232//202 233//203 255//224 254//223
f 233//203 234//204 256//225 255//224
f 234//204 235//205 257//226 256//225
f 235//205 236//206 258//227 257//226
f 236//206 237//207 259//228 258//227
f 237//207 238//206 260//227 259//228
f 238//206 239//208 261//229 260//227
f 239//208 240//209 262//230 261//229
f 240//209 241//210 263//231 262//230
f 264//232 265//233 266//234 267//235
f 251//220 250//219 268//236 269//237
f 250//219 252//221 270//238 268//236
f 252//221 253//222 271//239 270//238
f 253//222 254//223 272//240 271//239
f 254//223 255//224 273//241 272//240
f 255//224 256//225 274//242 273//241
f 256//225 257//226 275//243 274//242
f 257//226 258//227 276//244 275//243
f 258//227 259//228 277//245 276//244
f 259//228 260//227 278//244 277//245
f 260//227 261//229 279//246 278//244
f 261//229 262//230 280//247 279//246
f 262//230 263//231 281//248 280//247
f 282//249 283//250 284//251 285//252
f 269//237 268//236 286//253 287//254
f 268//236 270//238 288//255 286//253
f 270//238 271//239 289//256 288//255
f 271//239 272//240 290//257 289//256
f 272//240 273//241 291//258 290//257
f 273//241 274//242 292//259 291//258
f 274//242 275//243 293//260 292//259
f 275//243 276//244 294//261 293//260
f 276//244 277//245 295//262 294//261
f 277//245 278//244 296//261 295//262
f 278//244 279//246 297//263 296//261
f 279//246 280//247 298//264 297//263
f 280//247 281//248 299//265 298//264
f 285//252 284//251 300//266 301//267
f 287//254 286//253 302//268 303//269
f 286//253 288//255 304//270 302//268
f 288//255 289//256 305//271 304//270
f 289//256 290//257 306//272 305//271
f 290//257 291//258 307//273 306//272
f 291//258 292//259 308//274 307//273
f 292//259 293//260 309//275 308//274
f 293//260 294//261 310//276 309//275
f 294//261 295//262 311//277 310//276
f 295//262 296//261 312//276 311//277
f 296//261 297//263 313//278 312//276
f 297//263 298//264 314//279 313//278
f 298//264 299//265 315//280 314//279
f 301//267 300//266 316//281 317//282
f 303//269 302//268 318//283 319//284
f 302//268 304//270 320//285 318//283
f 304//270 305//271 321//286 320//285
f 305//271 306//272 322//287 321//286
f 306//272 307//273 323//288 322//287
f 307//273 308//274 324//289 323//288
f 308//274 309//275 325//290 324//289
f 309//275 310//276 326//291 325//290
f 310//276 311//277 327//292 326//291
f 311//277 312//276 328//291 327//292
f 312//276 313//278 329//293 328//291
f 313//278 314//279 330//294 329//293
f 314//279 315//280 331//295 330//294
f 332//296 333//297 334//298 335//299 336//300 337//301 338//302
f 319//284 318//283 339//303 340//304
f 318//283 320//285 341//305 339//303
f 320//285 321//286 342//306 341//305
f 321//286 322//287 343//307 342//306
f 322//287 323//288 344//308 343//307
f 323//288 324//289 345//309 344//308
f 324//289 325//290 346//310 345//309
f 325//290 326//291 347//311 346//310
f 326//291 327//292 348//312 347//311
f 327//292 328//291 349//311 348//312
f 328//291 329//293 350//313 349//311
f 329//293 330//294 351//314 350//313
f 330//294 331//295 352//315 351//314
f 353//316 354//317 355//318 356//319
f 340//304 339//303 357//320 358//321
f 339//303 341//305 359//322 357//320
f 341//305 342//306 360//323 359//322
f 342//306 343//307 361//324 360//323
f 343//307 344//308 362//325 361//324
f 344//308 345//309 363//326 362//325
f 345//309 346//310 364//327 363//326
f 346//310 347//311 365//328 364//327
f 347//311 348//312 366//329 365//328
f 348//312 349//311 367//328 366//329
f 349//311 350//313 368//330 367//328
f 350//313 351//314 369//331 368//330
f 351//314 352//315 370//332 369//331
f 371//333 372//334 373//335 374//336
f 358//321 357//320 107//84 106//83
f 357//320 359//322 110//87 107//84
f 359//322 360//323 112//89 110//87
f 360//323 361//324 114//91 112//89
f 361//324 362//325 116//93 114//91
f 362//325 363//326 118//95 116//93
f 363//326 364//327 120//97 118//95
f 364//327 365//328 122//99 120//97
f 365//328 366//329 124//101 122//99
f 366//329 367//328 126//99 124//101
f 367//328 368//330 128//103 126//99
f 368//330 369//331 130//105 128//103
f 369//331 370//332 132//107 130//105
f 374//336 373//335 135//110 134//109
f 133//108 132//107 375//337 376//338
f 132//107 370//332 377//339 375//337
f 370//332 352//315 378//340 377//339
f 352//315 331//295 379//341 378//340
f 331//295 315//280 380//342 379//341
f 315//280 299//265 381//343 380//342
f 299//265 281//248 382//344 381//343
f 281//248 263//231 383//345 382//344
f 263//231 241//210 384//346 383//345
f 241//210 225//195 385//347 384//346
f 225//195 209//180 386//348 385//347
f 209//180 191//163 387//349 386//348
f 191//163 173//146 388//350 387//349
f 173//146 151//125 389//351 388//350
f 151//125 133//108 376//338 389//351
f 390//352 391//353 392//354 393//355
f 391//353 394//356 395//357 392//354
f 394//356 396//358 397//359 395//357
f 396//358 398//360 399//361 397//359
f 398//360 400//362 401//363 399//361
f 400//362 402//364 403//365 401//363
f 402//364 404//366 405//367 403//365
f 404//366 406//368 407//369 405//367
f 406//368 408//370 409//371 407//369
f 408//370 410//372 411//373 409//371
f 410//372 412//374 413//375 411//373
f 412//374 414//376 415//377 413//375
f 414//376 416//378 417//379 415//377
f 416//378 418//380 419//381 417//379
f 418//380 390//352 393//355 419//381
f 376//338 375//337 420//382 421//383
f 375//337 377//339 422//332 420//382
f 377//339 378//340 423//315 422//332
f 378//340 379//341 424//295 423//315
f 379//341 380//342 425//278 424//295
f 380//342 381//343 426//265 425//278
f 381//343 382//344 427//248 426//265
f 382//344 383//345 428//231 427//248
f 383//345 384//346 429//384 428//231
f 384//346 385//347 430//385 429//384
f 385//347 386//348 431//180 430//385
f 386//348 387//349 432//163 431//180
f 387//349 388//350 433//146 432//163
f 388//350 389//351 434//386 433//146
f 389//351 376//338 421//383 434//386
f 393//355 392//354 435//387 436//388
f 392//354 395//357 437//389 435//387
f 395//357 397//359 438//390 437//389
f 397//359 399//361 439//391 438//390
f 399//361 401//363 440//392 439//391
f 401//363 403//365 441//393 440//392
f 403//365 405//367 442//394 441//393
f 405//367 407//369 443//395 442//394
f 407//369 409//371 444//396 443//395
f 409//371 411//373 445//397 444//396
f 411//373 413//375 446//398 445//397
f 413//375 415//377 447//399 446//398
f 415//377 417//379 448//400 447//399
f 417//379 419//381 449//401 448//400
f 419//381 393//355 436//388 449//401
f 560//402 561//403 600//404 652//405
f 420//382 422//332 452//339 450//406
f 422//332 423//315 453//407 452//339
f 423//315 424//295 338//302 453//407
f 451//408 421//383 420//382 450//406
f 425//278 332//296 338//302 424//295
f 426//265 427//248 456//409 454//410
f 427//248 428//231 457//411 456//409
f 455//412 425//278 426//265 454//410
f 429//384 458//413 457//411 428//231
f 430//385 242//211 249//218 429//384
f 431//180 432//163 461//414 459//415
f 432//163 433//146 462//416 461//414
f 460//417 430//385 431//180 459//415
f 434//386 463//418 462//416 433//146
f 436//388 435//387 464//419 465//420 466//421
f 435//387 437//389 467//422 156//130 155//129 464//419
f 437//389 438//390 468//423 469//424 467//422
f 438//390 439//391 470//425 468//423
f 439//391 440//392 471//426 470//425
f 440//392 441//393 472//427 473//428 471//426
f 441//393 442//394 474//429 246//215 245//214 472//427
f 442//394 443//395 475//430 476//431 474//429
f 443//395 444//396 477//432 475//430
f 444//396 445//397 478//433 477//432
f 445//397 446//398 479//434 480//435 478//433
f 446//398 447//399 481//436 336//300 335//299 479//434
f 447//399 448//400 482//437 483//438 481//436
f 448//400 449//401 484//439 482//437
f 449//401 436//388 466//421 484//439
f 154//128 153//127 485//440 486//441
f 451//408 450//406 487//442 488//443
f 450//406 452//339 489//444 487//442
f 452//339 453//407 490//445 489//444
f 453//407 338//302 491//446 490//445
f 338//302 337//301 492//447 491//446
f 483//438 482//437 493//448 494//449
f 482//437 484//439 495//450 493//448
f 484//439 466//421 496//451 495//450
f 466//421 465//420 497//452 496//451
f 158//132 157//131 498//453 499//454
f 469//424 468//423 500//455 501//456
f 468//423 470//425 502//457 500//455
f 470//425 471//426 503//458 502//457
f 471//426 473//428 504//459 503//458
f 244//213 243//212 505//460 506//461
f 460//417 459//415 507//462 508//463
f 459//415 461//414 509//464 507//462
f 461//414 462//416 510//465 509//464
f 462//416 463//418 511//466 510//465
f 248//217 247//216 512//467 513//468
f 476//431 475//430 514//469 515//470
f 475//430 477//432 516//471 514//469
f 477//432 478//433 517//472 516//471
f 478//433 480//435 518//473 517//472
f 334//298 333//297 519//474 520//475
f 455//412 454//410 521//476 522//477
f 454//410 456//409 523//478 521//476
f 456//409 457//411 524//479 523//478
f 457//411 458//413 525//480 524//479
f 356//319 355//318 526//481 527//482
f 493//448 495//450 528//483 529//484
f 495//450 496//451 530//485 528//483
f 496//451 497//452 531//486 530//485
f 486//441 485//440 532//487 533//488
f 488//443 487//442 534//489 535//490
f 487//442 489//444 536//491 534//489
f 489//444 490//445 537//492 536//491
f 177//150 176//149 538//493 539//494
f 500//455 502//457 540//495 541//496
f 502//457 503//458 542//497 540//495
f 503//458 504//459 543//498 542//497
f 506//461 505//460 544//499 545//500
f 508//463 507//462 546//501 547//502
f 507//462 509//464 548//503 546//501
f 509//464 510//465 549//504 548//503
f 267//235 266//234 550//505 551//506
f 514//469 516//471 552//507 553//508
f 516//471 517//472 554//509 552//507
f 517//472 518//473 555//510 554//509
f 520//475 519//474 556//511 557//512
f 522//477 521//476 558//513 559//514
f 521//476 523//478 560//402 558//513
f 523//478 524//479 561//403 560//402
f 136//111 562//515 563//516 564//517
f 137//112 565//518 566//519 567//520
f 152//126 568//521 153//127
f 154//128 569//522 155//129
f 156//130 570//523 157//131
f 158//132 571//524 159//133
f 174//147 572//525 573//526 574//527
f 175//148 575//528 576//529 577//530
f 192//164 578//531 579//532 580//533
f 193//165 581//534 582//535 583//536
f 226//196 584//537 585//538 586//539
f 227//197 587//540 588//541 589//542
f 242//211 590//543 243//212
f 244//213 591//544 245//214
f 246//215 592//545 247//216
f 248//217 593//546 249//218
f 264//232 594//547 595//548 596//549
f 265//233 597//550 598//551 599//552
f 282//249 600//404 601//553 602//554
f 283//250 603//555 604//556 605//557
f 316//281 606//558 607//559 608//560
f 317//282 609//561 610//562 611//563
f 332//296 612//564 333//297
f 334//298 613//565 335//299
f 336//300 614//566 337//301
f 354//317 615//567 616//568 617//569
f 371//333 618//570 619//571 620//572
f 372//334 621//573 622//574 623//575
f 451//408 568//521 421//576
f 425//577 612//564 332//296
f 455//412 612//564 425//577
f 429//578 593//546 458//413
f 430//579 590//543 242//211
f 249//218 593//546 429//578
f 460//417 590//543 430//579
f 434//580 571//524 463//418
f 421//576 568//521 152//126
f 159//133 571//524 434//580
f 464//419 569//522 465//420
f 467//422 570//523 156//130
f 155//129 569//522 464//419
f 469//424 570//523 467//422
f 472//427 591//544 473//428
f 474//429 592//545 246//215
f 245//214 591//544 472//427
f 476//431 592//545 474//429
f 479//434 613//565 480//435
f 481//436 614//566 336//300
f 335//299 613//565 479//434
f 483//438 614//566 481//436
f 492//447 624//581 616//568 615//567
f 494//449 617//569 616//568 624//581
f 498//453 625//582 576//529 575//528
f 499//454 574//527 573//526 626//583
f 501//456 577//530 576//529 625//582
f 511//466 626//583 573//526 572//525
f 512//467 627//584 598//551 597//550
f 513//468 596//549 595//548 628//585
f 515//470 599//552 598//551 627//584
f 525//480 628//585 595//548 594//547
f 526//481 629//586 622//574 621//573
f 527//482 620//572 619//571 630//587
f 529//484 623//575 622//574 629//586
f 531//486 631//588 563//516 562//515
f 532//487 632//589 566//519 565//518
f 533//488 564//517 563//516 631//588
f 535//490 567//520 566//519 632//589
f 537//492 630//587 619//571 618//570
f 538//493 633//590 582//535 581//534
f 539//494 580//533 579//532 634//591
f 541//496 583//536 582//535 633//590
f 543//498 635//592 585//538 584//537
f 544//499 636//593 588//541 587//540
f 545//500 586//539 585//538 635//592
f 547//502 589//542 588//541 636//593
f 549//504 634//591 579//532 578//531
f 550//505 637//594 604//556 603//555
f 551//506 602//554 601//553 638//595
f 553//508 605//557 604//556 637//594
f 555//510 639//596 607//559 606//558
f 556//511 640//597 610//562 609//561
f 557//512 608//560 607//559 639//596
f 559//514 611//563 610//562 640//597
f 561//403 638//595 601//553 600//404
f 136//111 135//110 641//598 562//515
f 137//112 136//111 564//517 565//518
f 134//109 137//112 567//520 642//599
f 175//148 174//147 574//527 575//528
f 176//149 175//148 577//530 643//600
f 174//147 177//150 644//601 572//525
f 193//165 192//164 580//533 581//534
f 194//166 193//165 583//536 645//602
f 192//164 195//167 646//603 578//531
f 210//181 194//166 645//602 647//604
f 195//167 211//182 648//605 646//603
f 226//196 210//181 647//604 584//537
f 227//197 226//196 586//539 587//540
f 211//182 227//197 589//542 648//605
f 265//233 264//232 596//549 597//550
f 266//234 265//233 599//552 649//606
f 264//232 267//235 650//607 594//547
f 283//250 282//249 602//554 603//555
f 284//251 283//250 605//557 651//608
f 282//249 285//252 652//405 600//404
f 300//266 284//251 651//608 653//609
f 285//252 301//267 654//610 652//405
f 316//281 300//266 653//609 606//558
f 317//282 316//281 608//560 609//561
f 301//267 317//282 611//563 654//610
f 354//317 353//316 655//611 615//567
f 355//318 354//317 617//569 656//612
f 353//316 356//319 657//613 655//611
f 372//334 371//333 620//572 621//573
f 373//335 372//334 623//575 658//614
f 371//333 374//336 659//615 618//570
f 135//110 373//335 658//614 641//598
f 374//336 134//109 642//599 659//615
f 485//440 153//127 568//521 660//616
f 154//128 486//441 661//617 569//522
f 451//408 488//443 660//616 568//521
f 490//445 491//446 655//611 657//613
f 492//447 337//301 614//566 624//581
f 491//446 492//447 615//567 655//611
f 494//449 493//448 656//612 617//569
f 483//438 494//449 624//581 614//566
f 497//452 465//420 569//522 661//617
f 498//453 157//131 570//523 625//582
f 499//454 498//453 575//528 574//527
f 158//132 499//454 626//583 571//524
f 501//456 500//455 643//600 577//530
f 469//424 501//456 625//582 570//523
f 504//459 473//428 591//544 662//618
f 505//460 243//212 590//543 663//619
f 244//213 506//461 662//618 591//544
f 460//417 508//463 663//619 590//543
f 511//466 463//418 571//524 626//583
f 510//465 511//466 572//525 644//601
f 512//467 247//216 592//545 627//584
f 513//468 512//467 597//550 596//549
f 248//217 513//468 628//585 593//546
f 515//470 514//469 649//606 599//552
f 476//431 515//470 627//584 592//545
f 518//473 480//435 613//565 664//620
f 519//474 333//297 612//564 665//621
f 334//298 520//475 664//620 613//565
f 455//412 522//477 665//621 612//564
f 525//480 458//413 593//546 628//585
f 524//479 525//480 594//547 650//607
f 526//481 355//318 656//612 629//586
f 527//482 526//481 621//573 620//572
f 356//319 527//482 630//587 657//613
f 529//484 528//483 658//614 623//575
f 493//448 529//484 629//586 656//612
f 528//483 530//485 641//598 658//614
f 531//486 497//452 661//617 631//588
f 530//485 531//486 562//515 641//598
f 532//487 485//440 660//616 632//589
f 533//488 532//487 565//518 564//517
f 486//441 533//488 631//588 661//617
f 535//490 534//489 642//599 567//520
f 488//443 535//490 632//589 660//616
f 534//489 536//491 659//615 642//599
f 537//492 490//445 657//613 630//587
f 536//491 537//492 618//570 659//615
f 538//493 176//149 643//600 633//590
f 539//494 538//493 581//534 580//533
f 177//150 539//494 634//591 644//601
f 541//496 540//495 645//602 583//536
f 500//455 541//496 633//590 643//600
f 540//495 542//497 647//604 645//602
f 543//498 504//459 662//618 635//592
f 542//497 543//498 584//537 647//604
f 544//499 505//460 663//619 636//593
f 545//500 544//499 587//540 586//539
f 506//461 545//500 635//592 662//618
f 547//502 546//501 648//605 589//542
f 508//463 547//502 636//593 663//619
f 546//501 548//503 646//603 648//605
f 549//504 510//465 644//601 634//591
f 548//503 549//504 578//531 646//603
f 550//505 266//234 649//606 637//594
f 551//506 550//505 603//555 602//554
f 267//235 551//506 638//595 650//607
f 553//508 552//507 651//608 605//557
f 514//469 553//508 637//594 649//606
f 552//507 554//509 653//609 651//608
f 555//510 518//473 664//620 639//596
f 554//509 555//510 606//558 653//609
f 556//511 519//474 665//621 640//597
f 557//512 556//511 609//561 608//560
f 520//475 557//512 639//596 664//620
f 559//514 558//513 654//610 611//563
f 522//477 559//514 640//597 665//621
f 558//513 560//402 652//405 654//610
f 561//403 524//479 650//607 638//595
f 159//133 434//386 421//383 152//126
o Cylinder002
v 0.309045 1.065357 0.013978
v 0.341617 1.035722 0.006255
v 0.349544 1.048958 0.004504
v 0.352585 1.064172 0.003895
v 0.315407 1.021138 0.012227
v 0.329762 1.026060 0.008937
v 0.286221 1.027245 0.019020
v 0.300286 1.021550 0.015729
v 0.267714 1.051185 0.023453
v 0.274909 1.037537 0.021702
v 0.268546 1.081756 0.023453
v 0.265504 1.066542 0.024062
v 0.288328 1.104654 0.019020
v 0.276473 1.094992 0.021702
v 0.317803 1.109164 0.012227
v 0.302682 1.109576 0.015729
v 0.343181 1.093176 0.006255
v 0.331869 1.103469 0.008937
v 0.350376 1.079529 0.004504
v 0.345847 1.049059 -0.011470
v 0.348889 1.064273 -0.012077
v 0.337920 1.035822 -0.009718
v 0.326065 1.026160 -0.007036
v 0.311712 1.021239 -0.003746
v 0.296590 1.021651 -0.000244
v 0.282525 1.027345 0.003046
v 0.271213 1.037638 0.005729
v 0.264018 1.051286 0.007480
v 0.261809 1.066643 0.008087
v 0.264850 1.081857 0.007480
v 0.272777 1.095093 0.005729
v 0.284632 1.104755 0.003046
v 0.298986 1.109676 -0.000244
v 0.314108 1.109264 -0.003746
v 0.328172 1.103570 -0.007036
v 0.339484 1.093277 -0.009718
v 0.346680 1.079629 -0.011470
v 0.342151 1.049159 -0.027443
v 0.345193 1.064373 -0.028051
v 0.334225 1.035923 -0.025692
v 0.322369 1.026261 -0.023010
v 0.308015 1.021340 -0.019719
v 0.292894 1.021751 -0.016217
v 0.278829 1.027446 -0.012927
v 0.267516 1.037739 -0.010244
v 0.260322 1.051386 -0.008493
v 0.258112 1.066743 -0.007885
v 0.261154 1.081957 -0.008493
v 0.269080 1.095193 -0.010244
v 0.280936 1.104855 -0.012927
v 0.295290 1.109777 -0.016217
v 0.310411 1.109365 -0.019719
v 0.324476 1.103670 -0.023010
v 0.335789 1.093378 -0.025692
v 0.342983 1.079730 -0.027443
v 0.338455 1.049260 -0.043416
v 0.341497 1.064474 -0.044024
v 0.330528 1.036024 -0.041665
v 0.318673 1.026362 -0.038982
v 0.304319 1.021440 -0.035692
v 0.289197 1.021852 -0.032190
v 0.275133 1.027547 -0.028900
v 0.263821 1.037839 -0.026218
v 0.256625 1.051487 -0.024467
v 0.254415 1.066844 -0.023859
v 0.257458 1.082058 -0.024467
v 0.265385 1.095294 -0.026218
v 0.277240 1.104956 -0.028900
v 0.291593 1.109877 -0.032191
v 0.306715 1.109466 -0.035692
v 0.320780 1.103771 -0.038982
v 0.332092 1.093478 -0.041665
v 0.339287 1.079831 -0.043416
v 0.334758 1.049360 -0.059390
v 0.337801 1.064574 -0.059997
v 0.326832 1.036124 -0.057639
v 0.314977 1.026462 -0.054956
v 0.300623 1.021541 -0.051666
v 0.285502 1.021952 -0.048164
v 0.271436 1.027647 -0.044873
v 0.260124 1.037940 -0.042190
v 0.252930 1.051588 -0.040439
v 0.250720 1.066945 -0.039832
v 0.253762 1.082158 -0.040439
v 0.261688 1.095395 -0.042190
v 0.273543 1.105057 -0.044873
v 0.287897 1.109978 -0.048164
v 0.303019 1.109566 -0.051666
v 0.317084 1.103871 -0.054956
v 0.328396 1.093579 -0.057639
v 0.335591 1.079931 -0.059390
v 0.331063 1.049461 -0.075363
v 0.334104 1.064675 -0.075970
v 0.323136 1.036225 -0.073612
v 0.311281 1.026563 -0.070929
v 0.296926 1.021641 -0.067638
v 0.281805 1.022053 -0.064136
v 0.267740 1.027748 -0.060846
v 0.256428 1.038041 -0.058163
v 0.249233 1.051688 -0.056413
v 0.247023 1.067045 -0.055805
v 0.250065 1.082259 -0.056413
v 0.257991 1.095495 -0.058163
v 0.269847 1.105157 -0.060846
v 0.284201 1.110079 -0.064136
v 0.299322 1.109667 -0.067638
v 0.313388 1.103972 -0.070929
v 0.324700 1.093679 -0.073612
v 0.331895 1.080032 -0.075363
v 0.290564 1.065860 -0.065887
v 0.318105 1.065110 0.053132
v 0.356554 1.030128 0.044014
v 0.365911 1.045752 0.041948
v 0.369501 1.063712 0.041231
v 0.325615 1.012914 0.051066
v 0.342560 1.018724 0.047182
v 0.291164 1.020123 0.059083
v 0.307766 1.013399 0.055199
v 0.269318 1.048382 0.064316
v 0.277810 1.032272 0.062251
v 0.270300 1.084468 0.064316
v 0.266709 1.066509 0.065034
v 0.293651 1.111497 0.059083
v 0.279656 1.100092 0.062251
v 0.328444 1.116821 0.051066
v 0.310594 1.117307 0.055199
v 0.358400 1.097949 0.044014
v 0.345047 1.110098 0.047182
v 0.366893 1.081839 0.041948
v 0.363991 1.045805 0.033650
v 0.367582 1.063764 0.032933
v 0.354634 1.030181 0.035717
v 0.340640 1.018776 0.038884
v 0.323696 1.012966 0.042768
v 0.305846 1.013452 0.046902
v 0.289244 1.020175 0.050785
v 0.275890 1.032324 0.053952
v 0.267397 1.048434 0.056019
v 0.264789 1.066562 0.056736
v 0.268380 1.084520 0.056019
v 0.277736 1.100145 0.053952
v 0.291731 1.111549 0.050785
v 0.308674 1.117359 0.046902
v 0.326524 1.116874 0.042768
v 0.343127 1.110150 0.038884
v 0.356480 1.098001 0.035717
v 0.364973 1.081891 0.033650
v 0.362070 1.045857 0.025353
v 0.365661 1.063816 0.024636
v 0.352714 1.030233 0.027420
v 0.338719 1.018828 0.030587
v 0.321776 1.013018 0.034470
v 0.303926 1.013504 0.038604
v 0.287323 1.020227 0.042489
v 0.273970 1.032376 0.045655
v 0.265477 1.048486 0.047721
v 0.262869 1.066614 0.048439
v 0.266459 1.084573 0.047721
v 0.275816 1.100197 0.045655
v 0.289810 1.111601 0.042489
v 0.306755 1.117412 0.038604
v 0.324604 1.116926 0.034470
v 0.341206 1.110202 0.030587
v 0.354560 1.098054 0.027420
v 0.363053 1.081944 0.025353
v 0.360150 1.045909 0.017055
v 0.363741 1.063868 0.016338
v 0.350793 1.030285 0.019123
v 0.336799 1.018881 0.022289
v 0.319856 1.013070 0.026173
v 0.302006 1.013556 0.030306
v 0.285403 1.020280 0.034192
v 0.272051 1.032428 0.037357
v 0.263557 1.048538 0.039423
v 0.260949 1.066666 0.040142
v 0.264539 1.084625 0.039423
v 0.273897 1.100249 0.037357
v 0.287890 1.111654 0.034192
v 0.304834 1.117464 0.030306
v 0.322684 1.116978 0.026173
v 0.339286 1.110255 0.022289
v 0.352639 1.098106 0.019123
v 0.361132 1.081996 0.017055
v 0.358230 1.045961 0.008757
v 0.361821 1.063920 0.008040
v 0.348873 1.030337 0.010824
v 0.334880 1.018933 0.013991
v 0.317935 1.013123 0.017875
v 0.300086 1.013608 0.022008
v 0.283484 1.020332 0.025893
v 0.270130 1.032481 0.029059
v 0.261638 1.048591 0.031125
v 0.259029 1.066718 0.031844
v 0.262620 1.084677 0.031125
v 0.271976 1.100302 0.029059
v 0.285971 1.111706 0.025893
v 0.302914 1.117516 0.022008
v 0.320764 1.117030 0.017875
v 0.337367 1.110307 0.013991
v 0.350719 1.098158 0.010824
v 0.359212 1.082048 0.008757
v 0.356310 1.046014 0.000460
v 0.359900 1.063973 -0.000258
v 0.346954 1.030390 0.002526
v 0.332959 1.018985 0.005693
v 0.316015 1.013175 0.009577
v 0.298166 1.013661 0.013710
v 0.281563 1.020384 0.017595
v 0.268210 1.032533 0.020761
v 0.259717 1.048643 0.022827
v 0.257109 1.066771 0.023546
v 0.260699 1.084730 0.022827
v 0.270056 1.100354 0.020761
v 0.284050 1.111758 0.017595
v 0.300994 1.117568 0.013710
v 0.318843 1.117083 0.009577
v 0.335446 1.110359 0.005693
v 0.348800 1.098210 0.002526
v 0.357293 1.082100 0.000460
v 0.308504 1.065372 0.011644
vn 0.2254 -0.0061 0.9742
vn 0.6919 -0.4962 0.5245
vn 0.8235 -0.2764 0.4955
vn 0.8740 -0.0238 0.4854
vn 0.2567 -0.7383 0.6237
vn 0.4950 -0.6566 0.5691
vn -0.2279 -0.6369 0.7365
vn 0.0056 -0.7315 0.6818
vn -0.5352 -0.2394 0.8101
vn -0.4158 -0.4660 0.7810
vn -0.5214 0.2682 0.8101
vn -0.5719 0.0156 0.8202
vn -0.1929 0.6484 0.7365
vn -0.3898 0.4879 0.7810
vn 0.2965 0.7233 0.6237
vn 0.0454 0.7301 0.6818
vn 0.7178 0.4578 0.5245
vn 0.5300 0.6287 0.5691
vn 0.8373 0.2312 0.4955
vn 0.9058 -0.3668 -0.2119
vn 0.9739 -0.0265 -0.2255
vn 0.7285 -0.6629 -0.1728
vn 0.4634 -0.8790 -0.1128
vn 0.1423 -0.9890 -0.0392
vn -0.1959 -0.9798 0.0392
vn -0.5105 -0.8525 0.1128
vn -0.7635 -0.6222 0.1728
vn -0.9245 -0.3170 0.2119
vn -0.9739 0.0265 0.2255
vn -0.9058 0.3668 0.2119
vn -0.7286 0.6628 0.1728
vn -0.4634 0.8790 0.1128
vn -0.1423 0.9890 0.0392
vn 0.1959 0.9798 -0.0392
vn 0.5105 0.8525 -0.1128
vn 0.7635 0.6222 -0.1728
vn 0.9244 0.3170 -0.2119
vn 0.7286 -0.6628 -0.1728
vn 0.9245 0.3170 -0.2119
vn 0.5214 -0.2682 -0.8101
vn 0.5719 -0.0156 -0.8202
vn 0.3898 -0.4879 -0.7810
vn 0.1929 -0.6484 -0.7365
vn -0.0454 -0.7301 -0.6818
vn -0.2965 -0.7233 -0.6237
vn -0.5300 -0.6287 -0.5691
vn -0.7179 -0.4578 -0.5245
vn -0.8373 -0.2312 -0.4955
vn -0.8740 0.0238 -0.4854
vn -0.8235 0.2764 -0.4955
vn -0.6919 0.4962 -0.5245
vn -0.4950 0.6566 -0.5691
vn -0.2567 0.7383 -0.6237
vn -0.0057 0.7315 -0.6818
vn 0.2279 0.6369 -0.7365
vn 0.4157 0.4660 -0.7810
vn 0.5352 0.2394 -0.8101
vn -0.2254 0.0061 -0.9742
vn -0.4157 -0.4660 0.7810
vn 0.2965 0.7232 0.6237
vn -0.7635 -0.6223 0.1728
vn -0.7285 0.6629 0.1728
vn 0.7635 0.6223 -0.1728
vn 0.9739 -0.0265 -0.2256
vn -0.5105 -0.8524 0.1127
vn -0.7635 -0.6223 0.1727
vn -0.7285 0.6629 0.1727
vn -0.4634 0.8790 0.1127
vn 0.7285 -0.6629 -0.1727
vn 0.4634 -0.8790 -0.1127
vn -0.7635 -0.6222 0.1727
vn 0.5105 0.8524 -0.1127
vn 0.7635 0.6222 -0.1727
vn -0.7178 -0.4578 -0.5245
vn -0.8740 0.0238 -0.4853
vn -0.0056 0.7315 -0.6818
vt 0.500000 0.000000
vt 0.861111 0.000000
vt 0.805556 0.000000
vt 0.750000 0.000000
vt 0.972222 0.000000
vt 0.916667 0.000000
vt 0.083333 0.000000
vt 0.027778 0.000000
vt -0.027778 0.000000
vt 0.194444 0.000000
vt 0.138889 0.000000
vt 0.305556 0.000000
vt 0.250000 0.000000
vt 0.416667 0.000000
vt 0.361111 0.000000
vt 0.527778 0.000000
vt 0.472222 0.000000
vt 0.638889 0.000000
vt 0.583333 0.000000
vt 0.694444 0.000000
vt 0.805556 0.200000
vt 0.750000 0.200000
vt 0.861111 0.200000
vt 0.916667 0.200000
vt 0.972222 0.200000
vt 0.027778 0.200000
vt -0.027778 0.200000
vt 0.083333 0.200000
vt 0.138889 0.200000
vt 0.194444 0.200000
vt 0.250000 0.200000
vt 0.305556 0.200000
vt 0.361111 0.200000
vt 0.416667 0.200000
vt 0.472222 0.200000
vt 0.527778 0.200000
vt 0.583333 0.200000
vt 0.638889 0.200000
vt 0.694444 0.200000
vt 0.805556 0.400000
vt 0.750000 0.400000
vt 0.861111 0.400000
vt 0.916667 0.400000
vt 0.972222 0.400000
vt 0.027778 0.400000
vt -0.027778 0.400000
vt 0.083333 0.400000
vt 0.138889 0.400000
vt 0.194444 0.400000
vt 0.250000 0.400000
vt 0.305556 0.400000
vt 0.361111 0.400000
vt 0.416667 0.400000
vt 0.472222 0.400000
vt 0.527778 0.400000
vt 0.583333 0.400000
vt 0.638889 0.400000
vt 0.694444 0.400000
vt 0.805556 0.600000
vt 0.750000 0.600000
vt 0.861111 0.600000
vt 0.916667 0.600000
vt 0.972222 0.600000
vt 0.027778 0.600000
vt -0.027778 0.600000
vt 0.083333 0.600000
vt 0.138889 0.600000
vt 0.194444 0.600000
vt 0.250000 0.600000
vt 0.305556 0.600000
vt 0.361111 0.600000
vt 0.416667 0.600000
vt 0.472222 0.600000
vt 0.527778 0.600000
vt 0.583333 0.600000
vt 0.638889 0.600000
vt 0.694444 0.600000
vt 0.805556 0.800000
vt 0.750000 0.800000
vt 0.861111 0.800000
vt 0.916667 0.800000
vt 0.972222 0.800000
vt 0.027778 0.800000
vt -0.027778 0.800000
vt 0.083333 0.800000
vt 0.138889 0.800000
vt 0.194444 0.800000
vt 0.250000 0.800000
vt 0.305556 0.800000
vt 0.361111 0.800000
vt 0.416667 0.800000
vt 0.472222 0.800000
vt 0.527778 0.800000
vt 0.583333 0.800000
vt 0.638889 0.800000
vt 0.694444 0.800000
vt 0.805556 1.000000
vt 0.750000 1.000000
vt 0.861111 1.000000
vt 0.916667 1.000000
vt 0.972222 1.000000
vt 0.027778 1.000000
vt -0.027778 1.000000
vt 0.083333 1.000000
vt 0.138889 1.000000
vt 0.194444 1.000000
vt 0.250000 1.000000
vt 0.305556 1.000000
vt 0.361111 1.000000
vt 0.416667 1.000000
vt 0.472222 1.000000
vt 0.527778 1.000000
vt 0.583333 1.000000
vt 0.638889 1.000000
vt 0.694444 1.000000
vt 0.500000 1.000000
vt 0.970821 1.000000
vt -0.019676 1.000000
s 1
usemtl wire_000000000
f 666/1/622 667/2/623 668/3/624 669/4/625
f 666/1/622 670/5/626 671/6/627 667/2/623
f 666/1/622 672/7/628 673/8/629 670/9/626
f 666/1/622 674/10/630 675/11/631 672/7/628
f 666/1/622 676/12/632 677/13/633 674/10/630
f 666/1/622 678/14/634 679/15/635 676/12/632
f 666/1/622 680/16/636 681/17/637 678/14/634
f 666/1/622 682/18/638 683/19/639 680/16/636
f 666/1/622 669/4/625 684/20/640 682/18/638
f 669/4/625 668/3/624 685/21/641 686/22/642
f 668/3/624 667/2/623 687/23/643 685/21/641
f 667/2/623 671/6/627 688/24/644 687/23/643
f 671/6/627 670/5/626 689/25/645 688/24/644
f 670/9/626 673/8/629 690/26/646 689/27/645
f 673/8/629 672/7/628 691/28/647 690/26/646
f 672/7/628 675/11/631 692/29/648 691/28/647
f 675/11/631 674/10/630 693/30/649 692/29/648
f 674/10/630 677/13/633 694/31/650 693/30/649
f 677/13/633 676/12/632 695/32/651 694/31/650
f 676/12/632 679/15/635 696/33/652 695/32/651
f 679/15/635 678/14/634 697/34/653 696/33/652
f 678/14/634 681/17/637 698/35/654 697/34/653
f 681/17/637 680/16/636 699/36/655 698/35/654
f 680/16/636 683/19/639 700/37/656 699/36/655
f 683/19/639 682/18/638 701/38/657 700/37/656
f 682/18/638 684/20/640 702/39/658 701/38/657
f 684/20/640 669/4/625 686/22/642 702/39/658
f 686/22/642 685/21/641 703/40/641 704/41/642
f 685/21/641 687/23/643 705/42/659 703/40/641
f 687/23/643 688/24/644 706/43/644 705/42/659
f 688/24/644 689/25/645 707/44/645 706/43/644
f 689/27/645 690/26/646 708/45/646 707/46/645
f 690/26/646 691/28/647 709/47/647 708/45/646
f 691/28/647 692/29/648 710/48/648 709/47/647
f 692/29/648 693/30/649 711/49/649 710/48/648
f 693/30/649 694/31/650 712/50/650 711/49/649
f 694/31/650 695/32/651 713/51/651 712/50/650
f 695/32/651 696/33/652 714/52/652 713/51/651
f 696/33/652 697/34/653 715/53/653 714/52/652
f 697/34/653 698/35/654 716/54/654 715/53/653
f 698/35/654 699/36/655 717/55/655 716/54/654
f 699/36/655 700/37/656 718/56/656 717/55/655
f 700/37/656 701/38/657 719/57/657 718/56/656
f 701/38/657 702/39/658 720/58/658 719/57/657
f 702/39/658 686/22/642 704/41/642 720/58/658
f 704/41/642 703/40/641 721/59/641 722/60/642
f 703/40/641 705/42/659 723/61/659 721/59/641
f 705/42/659 706/43/644 724/62/644 723/61/659
f 706/43/644 707/44/645 725/63/645 724/62/644
f 707/46/645 708/45/646 726/64/646 725/65/645
f 708/45/646 709/47/647 727/66/647 726/64/646
f 709/47/647 710/48/648 728/67/648 727/66/647
f 710/48/648 711/49/649 729/68/649 728/67/648
f 711/49/649 712/50/650 730/69/650 729/68/649
f 712/50/650 713/51/651 731/70/651 730/69/650
f 713/51/651 714/52/652 732/71/652 731/70/651
f 714/52/652 715/53/653 733/72/653 732/71/652
f 715/53/653 716/54/654 734/73/654 733/72/653
f 716/54/654 717/55/655 735/74/655 734/73/654
f 717/55/655 718/56/656 736/75/656 735/74/655
f 718/56/656 719/57/657 737/76/657 736/75/656
f 719/57/657 720/58/658 738/77/660 737/76/657
f 720/58/658 704/41/642 722/60/642 738/77/660
f 722/60/642 721/59/641 739/78/641 740/79/642
f 721/59/641 723/61/659 741/80/659 739/78/641
f 723/61/659 724/62/644 742/81/644 741/80/659
f 724/62/644 725/63/645 743/82/645 742/81/644
f 725/65/645 726/64/646 744/83/646 743/84/645
f 726/64/646 727/66/647 745/85/647 744/83/646
f 727/66/647 728/67/648 746/86/648 745/85/647
f 728/67/648 729/68/649 747/87/649 746/86/648
f 729/68/649 730/69/650 748/88/650 747/87/649
f 730/69/650 731/70/651 749/89/651 748/88/650
f 731/70/651 732/71/652 750/90/652 749/89/651
f 732/71/652 733/72/653 751/91/653 750/90/652
f 733/72/653 734/73/654 752/92/654 751/91/653
f 734/73/654 735/74/655 753/93/655 752/92/654
f 735/74/655 736/75/656 754/94/656 753/93/655
f 736/75/656 737/76/657 755/95/657 754/94/656
f 737/76/657 738/77/660 756/96/660 755/95/657
f 738/77/660 722/60/642 740/79/642 756/96/660
f 740/79/642 739/78/641 757/97/661 758/98/662
f 739/78/641 741/80/659 759/99/663 757/97/661
f 741/80/659 742/81/644 760/100/664 759/99/663
f 742/81/644 743/82/645 761/101/665 760/100/664
f 743/84/645 744/83/646 762/102/666 761/103/665
f 744/83/646 745/85/647 763/104/667 762/102/666
f 745/85/647 746/86/648 764/105/668 763/104/667
f 746/86/648 747/87/649 765/106/669 764/105/668
f 747/87/649 748/88/650 766/107/670 765/106/669
f 748/88/650 749/89/651 767/108/671 766/107/670
f 749/89/651 750/90/652 768/109/672 767/108/671
f 750/90/652 751/91/653 769/110/673 768/109/672
f 751/91/653 752/92/654 770/111/674 769/110/673
f 752/92/654 753/93/655 771/112/675 770/111/674
f 753/93/655 754/94/656 772/113/676 771/112/675
f 754/94/656 755/95/657 773/114/677 772/113/676
f 755/95/657 756/96/660 774/115/678 773/114/677
f 756/96/660 740/79/642 758/98/662 774/115/678
f 775/116/679 774/115/678 758/98/662 757/97/661
f 775/116/679 757/97/661 759/99/663 760/100/664
f 775/116/679 760/100/664 761/101/665 762/117/666
f 775/116/679 762/102/666 763/104/667 764/105/668
f 775/116/679 764/105/668 765/106/669 766/107/670
f 775/116/679 766/107/670 767/108/671 768/109/672
f 775/116/679 768/109/672 769/110/673 770/111/674
f 775/116/679 770/111/674 771/112/675 772/113/676
f 775/116/679 772/113/676 773/114/677 774/115/678
f 776/1/622 777/2/623 778/3/624 779/4/625
f 776/1/622 780/5/626 781/6/627 777/2/623
f 776/1/622 782/7/628 783/8/629 780/9/626
f 776/1/622 784/10/630 785/11/680 782/7/628
f 776/1/622 786/12/632 787/13/633 784/10/630
f 776/1/622 788/14/634 789/15/635 786/12/632
f 776/1/622 790/16/681 791/17/637 788/14/634
f 776/1/622 792/18/638 793/19/639 790/16/681
f 776/1/622 779/4/625 794/20/640 792/18/638
f 779/4/625 778/3/624 795/21/641 796/22/642
f 778/3/624 777/2/623 797/23/643 795/21/641
f 777/2/623 781/6/627 798/24/644 797/23/643
f 781/6/627 780/5/626 799/25/645 798/24/644
f 780/9/626 783/8/629 800/26/646 799/27/645
f 783/8/629 782/7/628 801/28/647 800/26/646
f 782/7/628 785/11/680 802/29/682 801/28/647
f 785/11/680 784/10/630 803/30/649 802/29/682
f 784/10/630 787/13/633 804/31/650 803/30/649
f 787/13/633 786/12/632 805/32/651 804/31/650
f 786/12/632 789/15/635 806/33/683 805/32/651
f 789/15/635 788/14/634 807/34/653 806/33/683
f 788/14/634 791/17/637 808/35/654 807/34/653
f 791/17/637 790/16/681 809/36/655 808/35/654
f 790/16/681 793/19/639 810/37/656 809/36/655
f 793/19/639 792/18/638 811/38/684 810/37/656
f 792/18/638 794/20/640 812/39/658 811/38/684
f 794/20/640 779/4/625 796/22/642 812/39/658
f 796/22/642 795/21/641 813/40/641 814/41/685
f 795/21/641 797/23/643 815/42/643 813/40/641
f 797/23/643 798/24/644 816/43/644 815/42/643
f 798/24/644 799/25/645 817/44/645 816/43/644
f 799/27/645 800/26/646 818/45/646 817/46/645
f 800/26/646 801/28/647 819/47/647 818/45/646
f 801/28/647 802/29/682 820/48/648 819/47/647
f 802/29/682 803/30/649 821/49/649 820/48/648
f 803/30/649 804/31/650 822/50/650 821/49/649
f 804/31/650 805/32/651 823/51/651 822/50/650
f 805/32/651 806/33/683 824/52/683 823/51/651
f 806/33/683 807/34/653 825/53/653 824/52/683
f 807/34/653 808/35/654 826/54/654 825/53/653
f 808/35/654 809/36/655 827/55/655 826/54/654
f 809/36/655 810/37/656 828/56/656 827/55/655
f 810/37/656 811/38/684 829/57/684 828/56/656
f 811/38/684 812/39/658 830/58/658 829/57/684
f 812/39/658 796/22/642 814/41/685 830/58/658
f 814/41/685 813/40/641 831/59/641 832/60/642
f 813/40/641 815/42/643 833/61/643 831/59/641
f 815/42/643 816/43/644 834/62/644 833/61/643
f 816/43/644 817/44/645 835/63/645 834/62/644
f 817/46/645 818/45/646 836/64/646 835/65/645
f 818/45/646 819/47/647 837/66/686 836/64/646
f 819/47/647 820/48/648 838/67/687 837/66/686
f 820/48/648 821/49/649 839/68/649 838/67/687
f 821/49/649 822/50/650 840/69/650 839/68/649
f 822/50/650 823/51/651 841/70/651 840/69/650
f 823/51/651 824/52/683 842/71/688 841/70/651
f 824/52/683 825/53/653 843/72/689 842/71/688
f 825/53/653 826/54/654 844/73/654 843/72/689
f 826/54/654 827/55/655 845/74/655 844/73/654
f 827/55/655 828/56/656 846/75/656 845/74/655
f 828/56/656 829/57/684 847/76/684 846/75/656
f 829/57/684 830/58/658 848/77/658 847/76/684
f 830/58/658 814/41/685 832/60/642 848/77/658
f 832/60/642 831/59/641 849/78/641 850/79/642
f 831/59/641 833/61/643 851/80/690 849/78/641
f 833/61/643 834/62/644 852/81/691 851/80/690
f 834/62/644 835/63/645 853/82/645 852/81/691
f 835/65/645 836/64/646 854/83/646 853/84/645
f 836/64/646 837/66/686 855/85/647 854/83/646
f 837/66/686 838/67/687 856/86/692 855/85/647
f 838/67/687 839/68/649 857/87/649 856/86/692
f 839/68/649 840/69/650 858/88/650 857/87/649
f 840/69/650 841/70/651 859/89/651 858/88/650
f 841/70/651 842/71/688 860/90/688 859/89/651
f 842/71/688 843/72/689 861/91/653 860/90/688
f 843/72/689 844/73/654 862/92/654 861/91/653
f 844/73/654 845/74/655 863/93/655 862/92/654
f 845/74/655 846/75/656 864/94/693 863/93/655
f 846/75/656 847/76/684 865/95/694 864/94/693
f 847/76/684 848/77/658 866/96/660 865/95/694
f 848/77/658 832/60/642 850/79/642 866/96/660
f 850/79/642 849/78/641 867/97/661 868/98/662
f 849/78/641 851/80/690 869/99/663 867/97/661
f 851/80/690 852/81/691 870/100/664 869/99/663
f 852/81/691 853/82/645 871/101/665 870/100/664
f 853/84/645 854/83/646 872/102/666 871/103/665
f 854/83/646 855/85/647 873/104/667 872/102/666
f 855/85/647 856/86/692 874/105/695 873/104/667
f 856/86/692 857/87/649 875/106/669 874/105/695
f 857/87/649 858/88/650 876/107/696 875/106/669
f 858/88/650 859/89/651 877/108/671 876/107/696
f 859/89/651 860/90/688 878/109/672 877/108/671
f 860/90/688 861/91/653 879/110/673 878/109/672
f 861/91/653 862/92/654 880/111/674 879/110/673
f 862/92/654 863/93/655 881/112/697 880/111/674
f 863/93/655 864/94/693 882/113/676 881/112/697
f 864/94/693 865/95/694 883/114/677 882/113/676
f 865/95/694 866/96/660 884/115/678 883/114/677
f 866/96/660 850/79/642 868/98/662 884/115/678
f 885/116/679 884/115/678 868/98/662 867/97/661
f 885/116/679 867/97/661 869/99/663 870/100/664
f 885/116/679 870/118/664 871/103/665 872/102/666
f 885/116/679 872/102/666 873/104/667 874/105/695
f 885/116/679 874/105/695 875/106/669 876/107/696
f 885/116/679 876/107/696 877/108/671 878/109/672
f 885/116/679 878/109/672 879/110/673 880/111/674
f 885/116/679 880/111/674 881/112/697 882/113/676
f 885/116/679 882/113/676 883/114/677 884/115/678
o Cylinder003
v 0.801904 1.093492 -0.107438
v 0.808137 1.122780 -0.072537
v 0.810736 1.108926 -0.065030
v 0.812270 1.093210 -0.062637
v 0.801088 1.138646 -0.098768
v 0.804786 1.133101 -0.084255
v 0.794420 1.133384 -0.129056
v 0.797487 1.138744 -0.114327
v 0.791254 1.109456 -0.149228
v 0.792254 1.123213 -0.141177
v 0.793071 1.078059 -0.149846
v 0.791537 1.093774 -0.152239
v 0.799021 1.053883 -0.130621
v 0.795670 1.064205 -0.142338
v 0.806321 1.048241 -0.100548
v 0.802720 1.048339 -0.116108
v 0.811553 1.063773 -0.073700
v 0.809388 1.053601 -0.085820
v 0.812554 1.077528 -0.065648
v 0.715188 1.102961 -0.042957
v 0.716722 1.087245 -0.040565
v 0.712589 1.116815 -0.050465
v 0.709237 1.127137 -0.062183
v 0.705539 1.132681 -0.076696
v 0.701938 1.132779 -0.092254
v 0.698871 1.127419 -0.106983
v 0.696706 1.117247 -0.119104
v 0.695705 1.103491 -0.127155
v 0.695988 1.087810 -0.130166
v 0.697522 1.072093 -0.127773
v 0.700121 1.058239 -0.120266
v 0.703473 1.047918 -0.108549
v 0.707171 1.042374 -0.094036
v 0.710772 1.042276 -0.078476
v 0.713839 1.047636 -0.063748
v 0.716005 1.057807 -0.051628
v 0.717005 1.071563 -0.043575
v 0.619639 1.096996 -0.020885
v 0.621173 1.081280 -0.018492
v 0.617040 1.110849 -0.028392
v 0.613689 1.121171 -0.040110
v 0.609990 1.126715 -0.054623
v 0.606390 1.126813 -0.070182
v 0.603321 1.121454 -0.084911
v 0.601157 1.111282 -0.097031
v 0.600156 1.097526 -0.105083
v 0.600440 1.081844 -0.108094
v 0.601974 1.066129 -0.105701
v 0.604573 1.052275 -0.098194
v 0.607924 1.041953 -0.086476
v 0.611623 1.036408 -0.071963
v 0.615223 1.036310 -0.056404
v 0.618290 1.041671 -0.041675
v 0.620456 1.051842 -0.029555
v 0.621457 1.065599 -0.021503
v 0.524090 1.091030 0.001188
v 0.525624 1.075315 0.003581
v 0.521491 1.104885 -0.006321
v 0.518140 1.115206 -0.018037
v 0.514441 1.120751 -0.032550
v 0.510841 1.120849 -0.048111
v 0.507773 1.115488 -0.062838
v 0.505608 1.105317 -0.074958
v 0.504608 1.091560 -0.083010
v 0.504891 1.075879 -0.086021
v 0.506425 1.060163 -0.083629
v 0.509024 1.046310 -0.076121
v 0.512374 1.035988 -0.064403
v 0.516074 1.030444 -0.049890
v 0.519675 1.030346 -0.034331
v 0.522742 1.035705 -0.019603
v 0.524907 1.045877 -0.007482
v 0.525908 1.059633 0.000569
v 0.428542 1.085066 0.023261
v 0.430076 1.069349 0.025653
v 0.425943 1.098920 0.015752
v 0.422591 1.109242 0.004035
v 0.418893 1.114785 -0.010479
v 0.415292 1.114883 -0.026038
v 0.412224 1.109524 -0.040765
v 0.410060 1.099352 -0.052887
v 0.409059 1.085596 -0.060937
v 0.409342 1.069913 -0.063949
v 0.410875 1.054198 -0.061556
v 0.413475 1.040344 -0.054048
v 0.416826 1.030022 -0.042331
v 0.420525 1.024478 -0.027817
v 0.424125 1.024380 -0.012259
v 0.427193 1.029740 0.002469
v 0.429358 1.039912 0.014591
v 0.430359 1.053668 0.022643
v 0.332993 1.079100 0.045332
v 0.334527 1.063385 0.047725
v 0.330394 1.092954 0.037825
v 0.327043 1.103276 0.026108
v 0.323344 1.108820 0.011594
v 0.319743 1.108918 -0.003965
v 0.316675 1.103558 -0.018694
v 0.314511 1.093386 -0.030814
v 0.313509 1.079631 -0.038866
v 0.313793 1.063949 -0.041876
v 0.315327 1.048234 -0.039484
v 0.317927 1.034379 -0.031976
v 0.321277 1.024058 -0.020260
v 0.324977 1.018513 -0.005745
v 0.328576 1.018415 0.009814
v 0.331644 1.023775 0.024542
v 0.333810 1.033946 0.036663
v 0.334810 1.047703 0.044714
v 0.324160 1.063667 0.002924
vn 0.9725 0.0607 -0.2247
vn 0.7523 0.5135 0.4129
vn 0.7942 0.2898 0.5341
vn 0.8190 0.0361 0.5727
vn 0.6385 0.7696 -0.0106
vn 0.6982 0.6801 0.2237
vn 0.5308 0.6846 -0.4995
vn 0.5803 0.7712 -0.2617
vn 0.4797 0.2984 -0.8251
vn 0.4958 0.5204 -0.6952
vn 0.5091 -0.2085 -0.8351
vn 0.4843 0.0452 -0.8737
vn 0.6051 -0.5987 -0.5248
vn 0.5510 -0.4321 -0.7139
vn 0.7229 -0.6898 -0.0393
vn 0.6648 -0.6882 -0.2905
vn 0.8074 -0.4391 0.3941
vn 0.7724 -0.6033 0.1985
vn 0.8236 -0.2170 0.5241
vn 0.1921 0.3356 0.9222
vn 0.2254 -0.0061 0.9742
vn 0.1356 0.6369 0.7589
vn 0.0627 0.8613 0.5041
vn -0.0178 0.9819 0.1885
vn -0.0960 0.9840 -0.1498
vn -0.1628 0.8675 -0.4701
vn -0.2098 0.6463 -0.7337
vn -0.2316 0.3471 -0.9088
vn -0.2254 0.0061 -0.9742
vn -0.1921 -0.3356 -0.9222
vn -0.1356 -0.6369 -0.7589
vn -0.0627 -0.8613 -0.5041
vn 0.0177 -0.9819 -0.1885
vn 0.0960 -0.9840 0.1498
vn 0.1628 -0.8675 0.4701
vn 0.2098 -0.6463 0.7337
vn 0.2316 -0.3471 0.9088
vn -0.0177 0.9819 0.1885
vn 0.2316 -0.3472 0.9088
vn -0.2316 0.3472 -0.9088
vn 0.0178 -0.9819 -0.1885
vn -0.5091 0.2085 0.8351
vn -0.4843 -0.0452 0.8737
vn -0.5510 0.4321 0.7139
vn -0.6051 0.5987 0.5248
vn -0.6648 0.6882 0.2905
vn -0.7229 0.6898 0.0393
vn -0.7725 0.6033 -0.1984
vn -0.8074 0.4391 -0.3941
vn -0.8236 0.2170 -0.5241
vn -0.8190 -0.0361 -0.5727
vn -0.7942 -0.2898 -0.5340
vn -0.7523 -0.5135 -0.4129
vn -0.6982 -0.6801 -0.2237
vn -0.6385 -0.7696 0.0106
vn -0.5804 -0.7712 0.2617
vn -0.5308 -0.6846 0.4995
vn -0.4959 -0.5205 0.6952
vn -0.4797 -0.2984 0.8251
vn -0.9725 -0.0607 0.2247
vt 0.500000 0.000000
vt 0.861111 0.000000
vt 0.805556 0.000000
vt 0.750000 0.000000
vt 0.972222 0.000000
vt 0.916667 0.000000
vt 0.083333 0.000000
vt 0.027778 0.000000
vt -0.027778 0.000000
vt 0.194444 0.000000
vt 0.138889 0.000000
vt 0.305556 0.000000
vt 0.250000 0.000000
vt 0.416667 0.000000
vt 0.361111 0.000000
vt 0.527778 0.000000
vt 0.472222 0.000000
vt 0.638889 0.000000
vt 0.583333 0.000000
vt 0.694444 0.000000
vt 0.805556 0.200000
vt 0.750000 0.200000
vt 0.861111 0.200000
vt 0.916667 0.200000
vt 0.972222 0.200000
vt 0.027778 0.200000
vt -0.027778 0.200000
vt 0.083333 0.200000
vt 0.138889 0.200000
vt 0.194444 0.200000
vt 0.250000 0.200000
vt 0.305556 0.200000
vt 0.361111 0.200000
vt 0.416667 0.200000
vt 0.472222 0.200000
vt 0.527778 0.200000
vt 0.583333 0.200000
vt 0.638889 0.200000
vt 0.694444 0.200000
vt 0.805556 0.400000
vt 0.750000 0.400000
vt 0.861111 0.400000
vt 0.916667 0.400000
vt 0.972222 0.400000
vt 0.027778 0.400000
vt -0.027778 0.400000
vt 0.083333 0.400000
vt 0.138889 0.400000
vt 0.194444 0.400000
vt 0.250000 0.400000
vt 0.305556 0.400000
vt 0.361111 0.400000
vt 0.416667 0.400000
vt 0.472222 0.400000
vt 0.527778 0.400000
vt 0.583333 0.400000
vt 0.638889 0.400000
vt 0.694444 0.400000
vt 0.805556 0.600000
vt 0.750000 0.600000
vt 0.861111 0.600000
vt 0.916667 0.600000
vt 0.972222 0.600000
vt 0.027778 0.600000
vt -0.027778 0.600000
vt 0.083333 0.600000
vt 0.138889 0.600000
vt 0.194444 0.600000
vt 0.250000 0.600000
vt 0.305556 0.600000
vt 0.361111 0.600000
vt 0.416667 0.600000
vt 0.472222 0.600000
vt 0.527778 0.600000
vt 0.583333 0.600000
vt 0.638889 0.600000
vt 0.694444 0.600000
vt 0.805556 0.800000
vt 0.750000 0.800000
vt 0.861111 0.800000
vt 0.916667 0.800000
vt 0.972222 0.800000
vt 0.027778 0.800000
vt -0.027778 0.800000
vt 0.083333 0.800000
vt 0.138889 0.800000
vt 0.194444 0.800000
vt 0.250000 0.800000
vt 0.305556 0.800000
vt 0.361111 0.800000
vt 0.416667 0.800000
vt 0.472222 0.800000
vt 0.527778 0.800000
vt 0.583333 0.800000
vt 0.638889 0.800000
vt 0.694444 0.800000
vt 0.805556 1.000000
vt 0.750000 1.000000
vt 0.861111 1.000000
vt 0.916667 1.000000
vt 0.972222 1.000000
vt 0.027778 1.000000
vt -0.027778 1.000000
vt 0.083333 1.000000
vt 0.138889 1.000000
vt 0.194444 1.000000
vt 0.250000 1.000000
vt 0.305556 1.000000
vt 0.361111 1.000000
vt 0.416667 1.000000
vt 0.472222 1.000000
vt 0.527778 1.000000
vt 0.583333 1.000000
vt 0.638889 1.000000
vt 0.694444 1.000000
vt 0.500000 1.000000
vt 0.970821 1.000000
s 1
usemtl wire_000000000
f 886/119/698 887/120/699 888/121/700 889/122/701
f 886/119/698 890/123/702 891/124/703 887/120/699
f 886/119/698 892/125/704 893/126/705 890/127/702
f 886/119/698 894/128/706 895/129/707 892/125/704
f 886/119/698 896/130/708 897/131/709 894/128/706
f 886/119/698 898/132/710 899/133/711 896/130/708
f 886/119/698 900/134/712 901/135/713 898/132/710
f 886/119/698 902/136/714 903/137/715 900/134/712
f 886/119/698 889/122/701 904/138/716 902/136/714
f 889/122/701 888/121/700 905/139/717 906/140/718
f 888/121/700 887/120/699 907/141/719 905/139/717
f 887/120/699 891/124/703 908/142/720 907/141/719
f 891/124/703 890/123/702 909/143/721 908/142/720
f 890/127/702 893/126/705 910/144/722 909/145/721
f 893/126/705 892/125/704 911/146/723 910/144/722
f 892/125/704 895/129/707 912/147/724 911/146/723
f 895/129/707 894/128/706 913/148/725 912/147/724
f 894/128/706 897/131/709 914/149/726 913/148/725
f 897/131/709 896/130/708 915/150/727 914/149/726
f 896/130/708 899/133/711 916/151/728 915/150/727
f 899/133/711 898/132/710 917/152/729 916/151/728
f 898/132/710 901/135/713 918/153/730 917/152/729
f 901/135/713 900/134/712 919/154/731 918/153/730
f 900/134/712 903/137/715 920/155/732 919/154/731
f 903/137/715 902/136/714 921/156/733 920/155/732
f 902/136/714 904/138/716 922/157/734 921/156/733
f 904/138/716 889/122/701 906/140/718 922/157/734
f 906/140/718 905/139/717 923/158/717 924/159/718
f 905/139/717 907/141/719 925/160/719 923/158/717
f 907/141/719 908/142/720 926/161/720 925/160/719
f 908/142/720 909/143/721 927/162/735 926/161/720
f 909/145/721 910/144/722 928/163/722 927/164/735
f 910/144/722 911/146/723 929/165/723 928/163/722
f 911/146/723 912/147/724 930/166/724 929/165/723
f 912/147/724 913/148/725 931/167/725 930/166/724
f 913/148/725 914/149/726 932/168/726 931/167/725
f 914/149/726 915/150/727 933/169/727 932/168/726
f 915/150/727 916/151/728 934/170/728 933/169/727
f 916/151/728 917/152/729 935/171/729 934/170/728
f 917/152/729 918/153/730 936/172/730 935/171/729
f 918/153/730 919/154/731 937/173/731 936/172/730
f 919/154/731 920/155/732 938/174/732 937/173/731
f 920/155/732 921/156/733 939/175/733 938/174/732
f 921/156/733 922/157/734 940/176/734 939/175/733
f 922/157/734 906/140/718 924/159/718 940/176/734
f 924/159/718 923/158/717 941/177/717 942/178/718
f 923/158/717 925/160/719 943/179/719 941/177/717
f 925/160/719 926/161/720 944/180/720 943/179/719
f 926/161/720 927/162/735 945/181/735 944/180/720
f 927/164/735 928/163/722 946/182/722 945/183/735
f 928/163/722 929/165/723 947/184/723 946/182/722
f 929/165/723 930/166/724 948/185/724 947/184/723
f 930/166/724 931/167/725 949/186/725 948/185/724
f 931/167/725 932/168/726 950/187/726 949/186/725
f 932/168/726 933/169/727 951/188/727 950/187/726
f 933/169/727 934/170/728 952/189/728 951/188/727
f 934/170/728 935/171/729 953/190/729 952/189/728
f 935/171/729 936/172/730 954/191/730 953/190/729
f 936/172/730 937/173/731 955/192/731 954/191/730
f 937/173/731 938/174/732 956/193/732 955/192/731
f 938/174/732 939/175/733 957/194/733 956/193/732
f 939/175/733 940/176/734 958/195/736 957/194/733
f 940/176/734 924/159/718 942/178/718 958/195/736
f 942/178/718 941/177/717 959/196/717 960/197/718
f 941/177/717 943/179/719 961/198/719 959/196/717
f 943/179/719 944/180/720 962/199/720 961/198/719
f 944/180/720 945/181/735 963/200/721 962/199/720
f 945/183/735 946/182/722 964/201/722 963/202/721
f 946/182/722 947/184/723 965/203/723 964/201/722
f 947/184/723 948/185/724 966/204/724 965/203/723
f 948/185/724 949/186/725 967/205/737 966/204/724
f 949/186/725 950/187/726 968/206/726 967/205/737
f 950/187/726 951/188/727 969/207/727 968/206/726
f 951/188/727 952/189/728 970/208/728 969/207/727
f 952/189/728 953/190/729 971/209/729 970/208/728
f 953/190/729 954/191/730 972/210/738 971/209/729
f 954/191/730 955/192/731 973/211/731 972/210/738
f 955/192/731 956/193/732 974/212/732 973/211/731
f 956/193/732 957/194/733 975/213/733 974/212/732
f 957/194/733 958/195/736 976/214/734 975/213/733
f 958/195/736 942/178/718 960/197/718 976/214/734
f 960/197/718 959/196/717 977/215/739 978/216/740
f 959/196/717 961/198/719 979/217/741 977/215/739
f 961/198/719 962/199/720 980/218/742 979/217/741
f 962/199/720 963/200/721 981/219/743 980/218/742
f 963/202/721 964/201/722 982/220/744 981/221/743
f 964/201/722 965/203/723 983/222/745 982/220/744
f 965/203/723 966/204/724 984/223/746 983/222/745
f 966/204/724 967/205/737 985/224/747 984/223/746
f 967/205/737 968/206/726 986/225/748 985/224/747
f 968/206/726 969/207/727 987/226/749 986/225/748
f 969/207/727 970/208/728 988/227/750 987/226/749
f 970/208/728 971/209/729 989/228/751 988/227/750
f 971/209/729 972/210/738 990/229/752 989/228/751
f 972/210/738 973/211/731 991/230/753 990/229/752
f 973/211/731 974/212/732 992/231/754 991/230/753
f 974/212/732 975/213/733 993/232/755 992/231/754
f 975/213/733 976/214/734 994/233/756 993/232/755
f 976/214/734 960/197/718 978/216/740 994/233/756
f 995/234/757 994/233/756 978/216/740 977/215/739
f 995/234/757 977/215/739 979/217/741 980/218/742
f 995/234/757 980/218/742 981/219/743 982/235/744
f 995/234/757 982/220/744 983/222/745 984/223/746
f 995/234/757 984/223/746 985/224/747 986/225/748
f 995/234/757 986/225/748 987/226/749 988/227/750
f 995/234/757 988/227/750 989/228/751 990/229/752
f 995/234/757 990/229/752 991/230/753 992/231/754
f 995/234/757 992/231/754 993/232/755 994/233/756
o Cylinder007
v 0.045233 0.178394 -0.023086
v 0.058515 0.189219 -0.026092
v 0.061315 0.183909 -0.026773
v 0.062174 0.177933 -0.027010
v 0.048641 0.195440 -0.023768
v 0.054113 0.193223 -0.025048
v 0.037173 0.193684 -0.021125
v 0.042758 0.195600 -0.022405
v 0.029475 0.184776 -0.019400
v 0.032560 0.189926 -0.020081
v 0.029152 0.172881 -0.019400
v 0.028292 0.178856 -0.019164
v 0.036353 0.163567 -0.021125
v 0.031951 0.167571 -0.020081
v 0.047708 0.161190 -0.023768
v 0.041826 0.161350 -0.022405
v 0.057907 0.166864 -0.026092
v 0.053294 0.163105 -0.025048
v 0.060991 0.172014 -0.026773
v 0.068528 0.183713 0.004404
v 0.069388 0.177737 0.004166
v 0.065729 0.189023 0.005084
v 0.061328 0.193027 0.006127
v 0.055855 0.195244 0.007408
v 0.049971 0.195404 0.008770
v 0.044387 0.193488 0.010051
v 0.039774 0.189729 0.011095
v 0.036690 0.184579 0.011775
v 0.035506 0.178659 0.012013
v 0.036366 0.172685 0.011775
v 0.039165 0.167374 0.011095
v 0.043567 0.163370 0.010051
v 0.049039 0.161153 0.008770
v 0.054923 0.160993 0.007408
v 0.060508 0.162909 0.006127
v 0.065121 0.166668 0.005084
v 0.068204 0.171818 0.004404
v 0.075742 0.183516 0.035578
v 0.076602 0.177541 0.035342
v 0.072943 0.188826 0.036259
v 0.068542 0.192831 0.037303
v 0.063069 0.195047 0.038583
v 0.057185 0.195207 0.039946
v 0.051600 0.193292 0.041226
v 0.046988 0.189533 0.042270
v 0.043904 0.184383 0.042951
v 0.042721 0.178463 0.043187
v 0.043580 0.172488 0.042951
v 0.046380 0.167178 0.042270
v 0.050781 0.163174 0.041226
v 0.056253 0.160957 0.039946
v 0.062137 0.160797 0.038583
v 0.067722 0.162713 0.037303
v 0.072334 0.166472 0.036259
v 0.075418 0.171622 0.035578
v 0.082957 0.183320 0.066754
v 0.083816 0.177344 0.066517
v 0.080157 0.188630 0.067435
v 0.075755 0.192634 0.068478
v 0.070284 0.194851 0.069759
v 0.064400 0.195011 0.071121
v 0.058815 0.193095 0.072402
v 0.054202 0.189336 0.073446
v 0.051117 0.184186 0.074127
v 0.049934 0.178266 0.074364
v 0.050794 0.172292 0.074127
v 0.053593 0.166982 0.073446
v 0.057995 0.162977 0.072402
v 0.063468 0.160761 0.071121
v 0.069351 0.160601 0.069759
v 0.074936 0.162516 0.068478
v 0.079549 0.166275 0.067435
v 0.082633 0.171425 0.066754
v 0.090171 0.183123 0.097929
v 0.091031 0.177148 0.097693
v 0.087371 0.188434 0.098611
v 0.082970 0.192438 0.099655
v 0.077497 0.194655 0.100935
v 0.071614 0.194815 0.102297
v 0.066029 0.192899 0.103577
v 0.061416 0.189140 0.104621
v 0.058332 0.183990 0.105303
v 0.057148 0.178070 0.105539
v 0.058008 0.172096 0.105303
v 0.060807 0.166785 0.104621
v 0.065209 0.162781 0.103577
v 0.070682 0.160564 0.102297
v 0.076565 0.160404 0.100935
v 0.082150 0.162320 0.099655
v 0.086763 0.166079 0.098611
v 0.089847 0.171229 0.097929
v 0.097384 0.182927 0.129105
v 0.098244 0.176952 0.128868
v 0.094586 0.188237 0.129786
v 0.090184 0.192242 0.130830
v 0.084711 0.194458 0.132110
v 0.078827 0.194618 0.133472
v 0.073243 0.192703 0.134753
v 0.068630 0.188944 0.135797
v 0.065546 0.183794 0.136478
v 0.064362 0.177874 0.136715
v 0.065222 0.171899 0.136478
v 0.068022 0.166589 0.135797
v 0.072423 0.162585 0.134753
v 0.077895 0.160368 0.133472
v 0.083779 0.160208 0.132110
v 0.089364 0.162124 0.130830
v 0.093977 0.165883 0.129786
v 0.097060 0.171033 0.129105
v 0.081303 0.177413 0.132791
v 0.777405 1.051630 -0.187011
v 0.790687 1.062454 -0.190017
v 0.793486 1.057144 -0.190698
v 0.794346 1.051169 -0.190935
v 0.780813 1.068675 -0.187693
v 0.786286 1.066458 -0.188973
v 0.769345 1.066919 -0.185051
v 0.774929 1.068835 -0.186330
v 0.761648 1.058010 -0.183325
v 0.764732 1.063160 -0.184006
v 0.761324 1.046116 -0.183325
v 0.760464 1.052091 -0.183089
v 0.768525 1.036801 -0.185051
v 0.764124 1.040806 -0.184006
v 0.779881 1.034425 -0.187693
v 0.773997 1.034585 -0.186330
v 0.790078 1.040099 -0.190017
v 0.785466 1.036340 -0.188973
v 0.793162 1.045249 -0.190698
v 0.800700 1.056947 -0.159523
v 0.801560 1.050973 -0.159759
v 0.797901 1.062258 -0.158841
v 0.793499 1.066262 -0.157797
v 0.788028 1.068479 -0.156517
v 0.782144 1.068639 -0.155155
v 0.776558 1.066723 -0.153874
v 0.771947 1.062964 -0.152831
v 0.768862 1.057814 -0.152149
v 0.767679 1.051895 -0.151912
v 0.768538 1.045919 -0.152149
v 0.771338 1.040609 -0.152831
v 0.775739 1.036605 -0.153874
v 0.781211 1.034388 -0.155155
v 0.787095 1.034228 -0.156517
v 0.792679 1.036144 -0.157797
v 0.797292 1.039903 -0.158841
v 0.800377 1.045053 -0.159523
v 0.807915 1.056751 -0.128347
v 0.808775 1.050776 -0.128583
v 0.805115 1.062061 -0.127666
v 0.800714 1.066065 -0.126622
v 0.795242 1.068282 -0.125342
v 0.789358 1.068442 -0.123979
v 0.783773 1.066527 -0.122699
v 0.779160 1.062768 -0.121655
v 0.776076 1.057618 -0.120974
v 0.774892 1.051699 -0.120738
v 0.775752 1.045723 -0.120974
v 0.778551 1.040413 -0.121655
v 0.782953 1.036409 -0.122699
v 0.788426 1.034192 -0.123979
v 0.794310 1.034032 -0.125342
v 0.799894 1.035948 -0.126622
v 0.804507 1.039706 -0.127666
v 0.807591 1.044857 -0.128347
v 0.815129 1.056555 -0.097171
v 0.815989 1.050580 -0.097408
v 0.812330 1.061865 -0.096489
v 0.807928 1.065869 -0.095446
v 0.802455 1.068086 -0.094165
v 0.796572 1.068246 -0.092804
v 0.790987 1.066330 -0.091523
v 0.786374 1.062571 -0.090480
v 0.783290 1.057421 -0.089798
v 0.782107 1.051502 -0.089561
v 0.782966 1.045527 -0.089798
v 0.785766 1.040217 -0.090480
v 0.790167 1.036212 -0.091523
v 0.795640 1.033996 -0.092804
v 0.801523 1.033836 -0.094165
v 0.807108 1.035751 -0.095446
v 0.811721 1.039510 -0.096489
v 0.814805 1.044660 -0.097171
v 0.822342 1.056358 -0.065996
v 0.823202 1.050384 -0.066232
v 0.819543 1.061669 -0.065315
v 0.815142 1.065673 -0.064271
v 0.809670 1.067890 -0.062991
v 0.803786 1.068050 -0.061628
v 0.798200 1.066134 -0.060348
v 0.793589 1.062375 -0.059304
v 0.790504 1.057225 -0.058623
v 0.789321 1.051306 -0.058386
v 0.790180 1.045330 -0.058623
v 0.792980 1.040020 -0.059304
v 0.797381 1.036016 -0.060348
v 0.802853 1.033799 -0.061628
v 0.808737 1.033639 -0.062991
v 0.814322 1.035555 -0.064271
v 0.818934 1.039314 -0.065315
v 0.822019 1.044464 -0.065996
v 0.829557 1.056162 -0.034820
v 0.830417 1.050187 -0.035057
v 0.826757 1.061472 -0.034138
v 0.822356 1.065476 -0.033095
v 0.816884 1.067693 -0.031814
v 0.811000 1.067853 -0.030452
v 0.805415 1.065938 -0.029172
v 0.800802 1.062179 -0.028128
v 0.797719 1.057029 -0.027446
v 0.796535 1.051110 -0.027210
v 0.797395 1.045134 -0.027446
v 0.800193 1.039824 -0.028128
v 0.804595 1.035820 -0.029172
v 0.810068 1.033603 -0.030452
v 0.815952 1.033443 -0.031814
v 0.821536 1.035359 -0.033095
v 0.826149 1.039117 -0.034138
v 0.829233 1.044267 -0.034820
v 0.813476 1.050648 -0.031133
v 0.073039 0.174181 0.119873
v 0.076183 0.170455 0.114174
v 0.077651 0.169590 0.116144
v 0.078562 0.169279 0.118564
v 0.072333 0.173375 0.112450
v 0.074336 0.171770 0.112891
v 0.068813 0.176672 0.114200
v 0.070415 0.175078 0.112904
v 0.067271 0.178804 0.118605
v 0.067721 0.177966 0.116179
v 0.068427 0.178772 0.123602
v 0.067517 0.179083 0.121182
v 0.071742 0.176592 0.126856
v 0.069895 0.177907 0.125572
v 0.075664 0.173285 0.126842
v 0.073745 0.174987 0.127296
v 0.078357 0.170396 0.123567
v 0.077265 0.171690 0.125546
v 0.078808 0.169559 0.121142
v 0.224363 0.343649 0.083291
v 0.225274 0.343337 0.085711
v 0.222895 0.344514 0.081321
v 0.221048 0.345829 0.080038
v 0.219045 0.347434 0.079597
v 0.217127 0.349137 0.080051
v 0.215526 0.350731 0.081347
v 0.214433 0.352025 0.083326
v 0.213983 0.352862 0.085751
v 0.214228 0.353142 0.088329
v 0.215140 0.352830 0.090750
v 0.216608 0.351966 0.092719
v 0.218454 0.350651 0.094003
v 0.220458 0.349046 0.094444
v 0.222375 0.347343 0.093989
v 0.223977 0.345749 0.092693
v 0.225069 0.344455 0.090714
v 0.225520 0.343617 0.088289
v 0.371074 0.517706 0.050438
v 0.371986 0.517395 0.052858
v 0.369607 0.518572 0.048468
v 0.367760 0.519886 0.047184
v 0.365757 0.521491 0.046744
v 0.363839 0.523194 0.047199
v 0.362237 0.524788 0.048494
v 0.361146 0.526083 0.050473
v 0.360695 0.526920 0.052899
v 0.360940 0.527201 0.055477
v 0.361852 0.526889 0.057896
v 0.363319 0.526023 0.059866
v 0.365166 0.524709 0.061150
v 0.367169 0.523104 0.061591
v 0.369087 0.521401 0.061136
v 0.370688 0.519807 0.059841
v 0.371781 0.518512 0.057862
v 0.372231 0.517675 0.055437
v 0.517787 0.691765 0.017585
v 0.518699 0.691454 0.020005
v 0.516319 0.692630 0.015615
v 0.514473 0.693945 0.014332
v 0.512469 0.695550 0.013891
v 0.510551 0.697253 0.014347
v 0.508949 0.698847 0.015641
v 0.507858 0.700141 0.017621
v 0.507406 0.700979 0.020046
v 0.507652 0.701258 0.022623
v 0.508563 0.700947 0.025044
v 0.510031 0.700082 0.027013
v 0.511878 0.698767 0.028297
v 0.513881 0.697162 0.028737
v 0.515799 0.695459 0.028284
v 0.517401 0.693865 0.026987
v 0.518493 0.692571 0.025009
v 0.518943 0.691733 0.022583
v 0.664499 0.865824 -0.015268
v 0.665410 0.865512 -0.012847
v 0.663031 0.866689 -0.017238
v 0.661184 0.868004 -0.018521
v 0.659181 0.869609 -0.018963
v 0.657262 0.871311 -0.018508
v 0.655661 0.872906 -0.017211
v 0.654569 0.874200 -0.015233
v 0.654119 0.875036 -0.012808
v 0.654364 0.875317 -0.010230
v 0.655275 0.875005 -0.007809
v 0.656743 0.874141 -0.005840
v 0.658590 0.872826 -0.004556
v 0.660593 0.871221 -0.004116
v 0.662512 0.869518 -0.004570
v 0.664113 0.867924 -0.005866
v 0.665205 0.866630 -0.007845
v 0.665655 0.865792 -0.010270
v 0.811211 1.039882 -0.048121
v 0.812122 1.039570 -0.045701
v 0.809743 1.040747 -0.050090
v 0.807896 1.042061 -0.051374
v 0.805893 1.043667 -0.051815
v 0.803975 1.045369 -0.051361
v 0.802374 1.046964 -0.050065
v 0.801281 1.048257 -0.048086
v 0.800831 1.049095 -0.045661
v 0.801076 1.049376 -0.043083
v 0.801987 1.049064 -0.040662
v 0.803454 1.048198 -0.038692
v 0.805301 1.046885 -0.037409
v 0.807305 1.045278 -0.036968
v 0.809223 1.043577 -0.037423
v 0.810825 1.041982 -0.038719
v 0.811916 1.040688 -0.040698
v 0.812368 1.039851 -0.043123
v 0.806599 1.044472 -0.044391
v 0.042230 0.175020 -0.013270
v 0.045373 0.171294 -0.018970
v 0.046841 0.170429 -0.016999
v 0.047753 0.170118 -0.014579
v 0.041523 0.174214 -0.020693
v 0.043528 0.172609 -0.020252
v 0.038004 0.177511 -0.018943
v 0.039606 0.175917 -0.020238
v 0.036461 0.179643 -0.014539
v 0.036912 0.178805 -0.016964
v 0.037618 0.179611 -0.009541
v 0.036707 0.179922 -0.011962
v 0.040933 0.177431 -0.006287
v 0.039086 0.178746 -0.007571
v 0.044854 0.174123 -0.006301
v 0.042936 0.175826 -0.005848
v 0.047548 0.171235 -0.009576
v 0.046455 0.172529 -0.007597
v 0.047998 0.170397 -0.012001
v 0.193554 0.344487 -0.049852
v 0.194464 0.344175 -0.047432
v 0.192086 0.345353 -0.051822
v 0.190239 0.346667 -0.053105
v 0.188236 0.348272 -0.053546
v 0.186317 0.349975 -0.053092
v 0.184716 0.351569 -0.051796
v 0.183624 0.352864 -0.049817
v 0.183173 0.353700 -0.047393
v 0.183419 0.353981 -0.044815
v 0.184330 0.353669 -0.042394
v 0.185798 0.352804 -0.040424
v 0.187645 0.351490 -0.039140
v 0.189648 0.349885 -0.038700
v 0.191566 0.348182 -0.039155
v 0.193168 0.346588 -0.040450
v 0.194260 0.345293 -0.042429
v 0.194710 0.344456 -0.044854
v 0.340266 0.518546 -0.082705
v 0.341177 0.518234 -0.080285
v 0.338798 0.519410 -0.084675
v 0.336951 0.520725 -0.085958
v 0.334948 0.522330 -0.086399
v 0.333029 0.524033 -0.085945
v 0.331428 0.525627 -0.084650
v 0.330336 0.526921 -0.082670
v 0.329886 0.527759 -0.080246
v 0.330130 0.528039 -0.077667
v 0.331042 0.527727 -0.075247
v 0.332509 0.526862 -0.073276
v 0.334356 0.525547 -0.071992
v 0.336360 0.523942 -0.071553
v 0.338278 0.522239 -0.072008
v 0.339880 0.520645 -0.073303
v 0.340971 0.519351 -0.075282
v 0.341421 0.518514 -0.077707
v 0.486977 0.692604 -0.115558
v 0.487889 0.692293 -0.113138
v 0.485510 0.693469 -0.117528
v 0.483663 0.694784 -0.118811
v 0.481660 0.696389 -0.119252
v 0.479742 0.698091 -0.118797
v 0.478139 0.699686 -0.117503
v 0.477048 0.700980 -0.115523
v 0.476598 0.701817 -0.113098
v 0.476843 0.702097 -0.110520
v 0.477754 0.701786 -0.108100
v 0.479221 0.700921 -0.106129
v 0.481068 0.699606 -0.104847
v 0.483071 0.698001 -0.104406
v 0.484990 0.696298 -0.104861
v 0.486591 0.694704 -0.106155
v 0.487683 0.693410 -0.108135
v 0.488134 0.692572 -0.110560
v 0.633689 0.866662 -0.148410
v 0.634600 0.866350 -0.145991
v 0.632221 0.867527 -0.150382
v 0.630375 0.868842 -0.151664
v 0.628371 0.870447 -0.152105
v 0.626454 0.872150 -0.151650
v 0.624852 0.873744 -0.150356
v 0.623759 0.875039 -0.148376
v 0.623309 0.875875 -0.145951
v 0.623555 0.876155 -0.143373
v 0.624466 0.875844 -0.140953
v 0.625934 0.874979 -0.138982
v 0.627781 0.873664 -0.137699
v 0.629784 0.872059 -0.137259
v 0.631702 0.870357 -0.137714
v 0.633303 0.868762 -0.139008
v 0.634395 0.867468 -0.140987
v 0.634846 0.866631 -0.143413
v 0.780401 1.040721 -0.181264
v 0.781312 1.040409 -0.178844
v 0.778933 1.041586 -0.183235
v 0.777086 1.042900 -0.184516
v 0.775083 1.044505 -0.184958
v 0.773165 1.046208 -0.184503
v 0.771564 1.047803 -0.183208
v 0.770472 1.049096 -0.181228
v 0.770021 1.049934 -0.178804
v 0.770267 1.050214 -0.176226
v 0.771178 1.049902 -0.173806
v 0.772646 1.049037 -0.171835
v 0.774493 1.047723 -0.170552
v 0.776496 1.046117 -0.170112
v 0.778413 1.044414 -0.170566
v 0.780015 1.042820 -0.171861
v 0.781108 1.041527 -0.173840
v 0.781558 1.040689 -0.176265
v 0.775790 1.045311 -0.177535
vn -0.2254 0.0061 -0.9742
vn 0.4157 0.4660 -0.7810
vn 0.5352 0.2394 -0.8101
vn 0.5719 -0.0156 -0.8202
vn -0.0056 0.7315 -0.6819
vn 0.2279 0.6369 -0.7365
vn -0.4950 0.6565 -0.5691
vn -0.2567 0.7383 -0.6237
vn -0.8235 0.2764 -0.4955
vn -0.6919 0.4962 -0.5245
vn -0.8373 -0.2312 -0.4955
vn -0.8740 0.0238 -0.4854
vn -0.5300 -0.6286 -0.5691
vn -0.7178 -0.4578 -0.5245
vn -0.0454 -0.7301 -0.6819
vn -0.2965 -0.7233 -0.6237
vn 0.3898 -0.4879 -0.7810
vn 0.1929 -0.6484 -0.7365
vn 0.5214 -0.2681 -0.8101
vn 0.9245 0.3169 -0.2119
vn 0.9739 -0.0265 -0.2255
vn 0.7635 0.6222 -0.1728
vn 0.5105 0.8524 -0.1128
vn 0.1960 0.9798 -0.0392
vn -0.1424 0.9890 0.0392
vn -0.4634 0.8789 0.1128
vn -0.7285 0.6629 0.1728
vn -0.9058 0.3668 0.2119
vn -0.9739 0.0265 0.2255
vn -0.9244 -0.3170 0.2119
vn -0.7635 -0.6223 0.1728
vn -0.5105 -0.8524 0.1128
vn -0.1960 -0.9798 0.0392
vn 0.1424 -0.9890 -0.0392
vn 0.4634 -0.8789 -0.1128
vn 0.7286 -0.6628 -0.1728
vn 0.9059 -0.3668 -0.2119
vn 0.9245 0.3170 -0.2119
vn -0.9245 -0.3170 0.2119
vn 0.9058 -0.3668 -0.2119
vn 0.9244 0.3170 -0.2119
vn 0.7635 0.6223 -0.1728
vn 0.7285 -0.6629 -0.1728
vn -0.4634 0.8790 0.1128
vn 0.8373 0.2312 0.4955
vn 0.8740 -0.0238 0.4854
vn 0.7179 0.4578 0.5245
vn 0.5300 0.6287 0.5691
vn 0.2965 0.7233 0.6237
vn 0.0453 0.7301 0.6818
vn -0.1929 0.6483 0.7365
vn -0.3897 0.4880 0.7810
vn -0.5214 0.2682 0.8101
vn -0.5719 0.0156 0.8202
vn -0.5352 -0.2394 0.8101
vn -0.4157 -0.4661 0.7810
vn -0.2278 -0.6369 0.7365
vn 0.0056 -0.7315 0.6818
vn 0.2567 -0.7383 0.6237
vn 0.4950 -0.6566 0.5691
vn 0.6919 -0.4962 0.5245
vn 0.8235 -0.2764 0.4955
vn 0.2254 -0.0061 0.9742
vn -0.4951 0.6565 -0.5691
vn 0.3897 -0.4879 -0.7810
vn 0.1930 -0.6484 -0.7365
vn 0.5214 -0.2682 -0.8101
vn -0.7635 -0.6222 0.1728
vn 0.8373 0.2312 0.4954
vn 0.7178 0.4578 0.5246
vn 0.5301 0.6287 0.5691
vn 0.2965 0.7232 0.6237
vn 0.0454 0.7301 0.6818
vn -0.3898 0.4880 0.7810
vn -0.5213 0.2682 0.8101
vn -0.4158 -0.4661 0.7810
vn -0.2279 -0.6369 0.7365
vn 0.4951 -0.6566 0.5691
vn 0.6919 -0.4962 0.5246
vn 0.8235 -0.2764 0.4954
vn 0.2255 -0.0061 0.9742
vn -0.6379 -0.7568 0.1429
vn -0.1163 -0.8758 -0.4684
vn 0.0291 -0.9615 -0.2734
vn 0.1192 -0.9923 -0.0338
vn -0.4974 -0.5865 -0.6392
vn -0.2990 -0.7458 -0.5953
vn -0.8457 -0.2605 -0.4657
vn -0.6871 -0.4185 -0.5939
vn -0.9983 -0.0495 -0.0298
vn -0.9537 -0.1324 -0.2699
vn -0.8838 -0.0526 0.4649
vn -0.9741 -0.0219 0.2253
vn -0.5557 -0.2686 0.7868
vn -0.7386 -0.1383 0.6598
vn -0.1675 -0.5958 0.7854
vn -0.3575 -0.4274 0.8304
vn 0.0990 -0.8817 0.4614
vn -0.0092 -0.7537 0.6572
vn 0.1435 -0.9646 0.2213
vn 0.6149 -0.6121 -0.4973
vn 0.7364 -0.6536 -0.1745
vn 0.4192 -0.4968 -0.7599
vn 0.1730 -0.3216 -0.9309
vn -0.0940 -0.1075 -0.9897
vn -0.3499 0.1196 -0.9291
vn -0.5635 0.3322 -0.7564
vn -0.7090 0.5047 -0.4925
vn -0.7691 0.6163 -0.1692
vn -0.7364 0.6536 0.1745
vn -0.6148 0.6121 0.4973
vn -0.4193 0.4968 0.7598
vn -0.1731 0.3216 0.9309
vn 0.0942 0.1074 0.9897
vn 0.3500 -0.1196 0.9291
vn 0.5635 -0.3322 0.7564
vn 0.7090 -0.5046 0.4926
vn 0.7691 -0.6163 0.1692
vn 0.7364 -0.6536 -0.1746
vn -0.0941 -0.1075 -0.9897
vn -0.5634 0.3321 -0.7565
vn -0.4193 0.4968 0.7599
vn 0.0941 0.1075 0.9897
vn 0.5634 -0.3321 0.7565
vn 0.1731 -0.3216 -0.9309
vn -0.0942 -0.1074 -0.9897
vn -0.3500 0.1196 -0.9291
vn -0.6149 0.6121 0.4973
vn -0.4192 0.4968 0.7599
vn -0.1730 0.3216 0.9309
vn 0.3499 -0.1196 0.9291
vn 0.6148 -0.6121 -0.4973
vn 0.4192 -0.4967 -0.7600
vn -0.3498 0.1195 -0.9292
vn -0.7090 0.5047 -0.4926
vn -0.6149 0.6121 0.4972
vn 0.8838 0.0527 -0.4649
vn 0.9741 0.0218 -0.2252
vn 0.7385 0.1385 -0.6598
vn 0.5558 0.2682 -0.7868
vn 0.3577 0.4274 -0.8303
vn 0.1674 0.5959 -0.7854
vn 0.0093 0.7537 -0.6571
vn -0.0990 0.8817 -0.4614
vn -0.1438 0.9646 -0.2213
vn -0.1193 0.9923 0.0339
vn -0.0289 0.9615 0.2735
vn 0.1161 0.8758 0.4684
vn 0.2990 0.7458 0.5953
vn 0.4972 0.5869 0.6391
vn 0.6872 0.4183 0.5940
vn 0.8457 0.2605 0.4658
vn 0.9537 0.1325 0.2700
vn 0.9983 0.0496 0.0300
vn 0.6379 0.7568 -0.1428
vn -0.6379 -0.7568 0.1428
vn -0.1162 -0.8758 -0.4684
vn 0.0290 -0.9615 -0.2733
vn 0.1194 -0.9923 -0.0339
vn -0.4972 -0.5869 -0.6390
vn -0.2990 -0.7458 -0.5954
vn -0.8457 -0.2605 -0.4658
vn -0.6872 -0.4182 -0.5940
vn -0.9983 -0.0495 -0.0299
vn -0.9537 -0.1325 -0.2699
vn -0.8839 -0.0526 0.4648
vn -0.9741 -0.0219 0.2252
vn -0.5558 -0.2683 0.7868
vn -0.1676 -0.5958 0.7855
vn 0.0989 -0.8817 0.4613
vn -0.0091 -0.7536 0.6572
vn 0.1438 -0.9645 0.2213
vn 0.6149 -0.6121 -0.4972
vn 0.4191 -0.4967 -0.7600
vn 0.1730 -0.3215 -0.9310
vn -0.1730 0.3215 0.9310
vn 0.0940 0.1076 0.9897
vn 0.7090 -0.5047 0.4925
vn 0.7364 -0.6536 -0.1744
vn 0.1729 -0.3215 -0.9310
vn -0.3499 0.1195 -0.9292
vn -0.5634 0.3321 -0.7564
vn -0.7691 0.6163 -0.1693
vn -0.4191 0.4967 0.7600
vn -0.1729 0.3215 0.9310
vn 0.0943 0.1073 0.9897
vn -0.7091 0.5047 -0.4924
vn -0.6149 0.6121 0.4971
vn 0.3499 -0.1195 0.9291
vn -0.7691 0.6163 -0.1691
vn 0.3498 -0.1195 0.9292
vn 0.5634 -0.3320 0.7566
vn 0.7090 -0.5047 0.4926
vn 0.7691 -0.6163 0.1691
vn 0.8838 0.0528 -0.4648
vn 0.9740 0.0218 -0.2253
vn 0.7385 0.1384 -0.6599
vn 0.5558 0.2685 -0.7868
vn 0.3575 0.4273 -0.8305
vn 0.1677 0.5958 -0.7855
vn 0.0093 0.7536 -0.6572
vn -0.0990 0.8817 -0.4613
vn -0.1436 0.9646 -0.2214
vn -0.1191 0.9923 0.0338
vn -0.0294 0.9614 0.2734
vn 0.1162 0.8759 0.4683
vn 0.2991 0.7457 0.5954
vn 0.4975 0.5868 0.6389
vn 0.6871 0.4183 0.5941
vn 0.8456 0.2606 0.4659
vn 0.9537 0.1326 0.2699
vn 0.9983 0.0496 0.0299
vn 0.6379 0.7568 -0.1429
vt 0.500000 0.000000
vt 0.861111 0.000000
vt 0.805556 0.000000
vt 0.750000 0.000000
vt 0.972222 0.000000
vt 0.916667 0.000000
vt 0.083333 0.000000
vt 0.027778 0.000000
vt -0.027778 0.000000
vt 0.194444 0.000000
vt 0.138889 0.000000
vt 0.305556 0.000000
vt 0.250000 0.000000
vt 0.416667 0.000000
vt 0.361111 0.000000
vt 0.527778 0.000000
vt 0.472222 0.000000
vt 0.638889 0.000000
vt 0.583333 0.000000
vt 0.694444 0.000000
vt 0.805556 0.200000
vt 0.750000 0.200000
vt 0.861111 0.200000
vt 0.916667 0.200000
vt 0.972222 0.200000
vt 0.027778 0.200000
vt -0.027778 0.200000
vt 0.083333 0.200000
vt 0.138889 0.200000
vt 0.194444 0.200000
vt 0.250000 0.200000
vt 0.305556 0.200000
vt 0.361111 0.200000
vt 0.416667 0.200000
vt 0.472222 0.200000
vt 0.527778 0.200000
vt 0.583333 0.200000
vt 0.638889 0.200000
vt 0.694444 0.200000
vt 0.805556 0.400000
vt 0.750000 0.400000
vt 0.861111 0.400000
vt 0.916667 0.400000
vt 0.972222 0.400000
vt 0.027778 0.400000
vt -0.027778 0.400000
vt 0.083333 0.400000
vt 0.138889 0.400000
vt 0.194444 0.400000
vt 0.250000 0.400000
vt 0.305556 0.400000
vt 0.361111 0.400000
vt 0.416667 0.400000
vt 0.472222 0.400000
vt 0.527778 0.400000
vt 0.583333 0.400000
vt 0.638889 0.400000
vt 0.694444 0.400000
vt 0.805556 0.600000
vt 0.750000 0.600000
vt 0.861111 0.600000
vt 0.916667 0.600000
vt 0.972222 0.600000
vt 0.027778 0.600000
vt -0.027778 0.600000
vt 0.083333 0.600000
vt 0.138889 0.600000
vt 0.194444 0.600000
vt 0.250000 0.600000
vt 0.305556 0.600000
vt 0.361111 0.600000
vt 0.416667 0.600000
vt 0.472222 0.600000
vt 0.527778 0.600000
vt 0.583333 0.600000
vt 0.638889 0.600000
vt 0.694444 0.600000
vt 0.805556 0.800000
vt 0.750000 0.800000
vt 0.861111 0.800000
vt 0.916667 0.800000
vt 0.972222 0.800000
vt 0.027778 0.800000
vt -0.027778 0.800000
vt 0.083333 0.800000
vt 0.138889 0.800000
vt 0.194444 0.800000
vt 0.250000 0.800000
vt 0.305556 0.800000
vt 0.361111 0.800000
vt 0.416667 0.800000
vt 0.472222 0.800000
vt 0.527778 0.800000
vt 0.583333 0.800000
vt 0.638889 0.800000
vt 0.694444 0.800000
vt 0.805556 1.000000
vt 0.750000 1.000000
vt 0.861111 1.000000
vt 0.916667 1.000000
vt 0.972222 1.000000
vt 0.027778 1.000000
vt -0.027778 1.000000
vt 0.083333 1.000000
vt 0.138889 1.000000
vt 0.194444 1.000000
vt 0.250000 1.000000
vt 0.305556 1.000000
vt 0.361111 1.000000
vt 0.416667 1.000000
vt 0.472222 1.000000
vt 0.527778 1.000000
vt 0.583333 1.000000
vt 0.638889 1.000000
vt 0.694444 1.000000
vt 0.500000 1.000000
vt -0.019676 1.000000
vt 0.970822 1.000000
vt 0.970820 1.000000
vt -0.019671 1.000000
s 1
usemtl wire_000000000
f 996/236/758 997/237/759 998/238/760 999/239/761
f 996/236/758 1000/240/762 1001/241/763 997/237/759
f 996/236/758 1002/242/764 1003/243/765 1000/244/762
f 996/236/758 1004/245/766 1005/246/767 1002/242/764
f 996/236/758 1006/247/768 1007/248/769 1004/245/766
f 996/236/758 1008/249/770 1009/250/771 1006/247/768
f 996/236/758 1010/251/772 1011/252/773 1008/249/770
f 996/236/758 1012/253/774 1013/254/775 1010/251/772
f 996/236/758 999/239/761 1014/255/776 1012/253/774
f 999/239/761 998/238/760 1015/256/777 1016/257/778
f 998/238/760 997/237/759 1017/258/779 1015/256/777
f 997/237/759 1001/241/763 1018/259/780 1017/258/779
f 1001/241/763 1000/240/762 1019/260/781 1018/259/780
f 1000/244/762 1003/243/765 1020/261/782 1019/262/781
f 1003/243/765 1002/242/764 1021/263/783 1020/261/782
f 1002/242/764 1005/246/767 1022/264/784 1021/263/783
f 1005/246/767 1004/245/766 1023/265/785 1022/264/784
f 1004/245/766 1007/248/769 1024/266/786 1023/265/785
f 1007/248/769 1006/247/768 1025/267/787 1024/266/786
f 1006/247/768 1009/250/771 1026/268/788 1025/267/787
f 1009/250/771 1008/249/770 1027/269/789 1026/268/788
f 1008/249/770 1011/252/773 1028/270/790 1027/269/789
f 1011/252/773 1010/251/772 1029/271/791 1028/270/790
f 1010/251/772 1013/254/775 1030/272/792 1029/271/791
f 1013/254/775 1012/253/774 1031/273/793 1030/272/792
f 1012/253/774 1014/255/776 1032/274/794 1031/273/793
f 1014/255/776 999/239/761 1016/257/778 1032/274/794
f 1016/257/778 1015/256/777 1033/275/795 1034/276/778
f 1015/256/777 1017/258/779 1035/277/779 1033/275/795
f 1017/258/779 1018/259/780 1036/278/780 1035/277/779
f 1018/259/780 1019/260/781 1037/279/781 1036/278/780
f 1019/262/781 1020/261/782 1038/280/782 1037/281/781
f 1020/261/782 1021/263/783 1039/282/783 1038/280/782
f 1021/263/783 1022/264/784 1040/283/784 1039/282/783
f 1022/264/784 1023/265/785 1041/284/785 1040/283/784
f 1023/265/785 1024/266/786 1042/285/786 1041/284/785
f 1024/266/786 1025/267/787 1043/286/796 1042/285/786
f 1025/267/787 1026/268/788 1044/287/788 1043/286/796
f 1026/268/788 1027/269/789 1045/288/789 1044/287/788
f 1027/269/789 1028/270/790 1046/289/790 1045/288/789
f 1028/270/790 1029/271/791 1047/290/791 1046/289/790
f 1029/271/791 1030/272/792 1048/291/792 1047/290/791
f 1030/272/792 1031/273/793 1049/292/793 1048/291/792
f 1031/273/793 1032/274/794 1050/293/797 1049/292/793
f 1032/274/794 1016/257/778 1034/276/778 1050/293/797
f 1034/276/778 1033/275/795 1051/294/798 1052/295/778
f 1033/275/795 1035/277/779 1053/296/799 1051/294/798
f 1035/277/779 1036/278/780 1054/297/780 1053/296/799
f 1036/278/780 1037/279/781 1055/298/781 1054/297/780
f 1037/281/781 1038/280/782 1056/299/782 1055/300/781
f 1038/280/782 1039/282/783 1057/301/783 1056/299/782
f 1039/282/783 1040/283/784 1058/302/784 1057/301/783
f 1040/283/784 1041/284/785 1059/303/785 1058/302/784
f 1041/284/785 1042/285/786 1060/304/786 1059/303/785
f 1042/285/786 1043/286/796 1061/305/796 1060/304/786
f 1043/286/796 1044/287/788 1062/306/788 1061/305/796
f 1044/287/788 1045/288/789 1063/307/789 1062/306/788
f 1045/288/789 1046/289/790 1064/308/790 1063/307/789
f 1046/289/790 1047/290/791 1065/309/791 1064/308/790
f 1047/290/791 1048/291/792 1066/310/792 1065/309/791
f 1048/291/792 1049/292/793 1067/311/800 1066/310/792
f 1049/292/793 1050/293/797 1068/312/797 1067/311/800
f 1050/293/797 1034/276/778 1052/295/778 1068/312/797
f 1052/295/778 1051/294/798 1069/313/795 1070/314/778
f 1051/294/798 1053/296/799 1071/315/799 1069/313/795
f 1053/296/799 1054/297/780 1072/316/780 1071/315/799
f 1054/297/780 1055/298/781 1073/317/781 1072/316/780
f 1055/300/781 1056/299/782 1074/318/782 1073/319/781
f 1056/299/782 1057/301/783 1075/320/801 1074/318/782
f 1057/301/783 1058/302/784 1076/321/784 1075/320/801
f 1058/302/784 1059/303/785 1077/322/785 1076/321/784
f 1059/303/785 1060/304/786 1078/323/786 1077/322/785
f 1060/304/786 1061/305/796 1079/324/787 1078/323/786
f 1061/305/796 1062/306/788 1080/325/788 1079/324/787
f 1062/306/788 1063/307/789 1081/326/789 1080/325/788
f 1063/307/789 1064/308/790 1082/327/790 1081/326/789
f 1064/308/790 1065/309/791 1083/328/791 1082/327/790
f 1065/309/791 1066/310/792 1084/329/792 1083/328/791
f 1066/310/792 1067/311/800 1085/330/800 1084/329/792
f 1067/311/800 1068/312/797 1086/331/797 1085/330/800
f 1068/312/797 1052/295/778 1070/314/778 1086/331/797
f 1070/314/778 1069/313/795 1087/332/802 1088/333/803
f 1069/313/795 1071/315/799 1089/334/804 1087/332/802
f 1071/315/799 1072/316/780 1090/335/805 1089/334/804
f 1072/316/780 1073/317/781 1091/336/806 1090/335/805
f 1073/319/781 1074/318/782 1092/337/807 1091/338/806
f 1074/318/782 1075/320/801 1093/339/808 1092/337/807
f 1075/320/801 1076/321/784 1094/340/809 1093/339/808
f 1076/321/784 1077/322/785 1095/341/810 1094/340/809
f 1077/322/785 1078/323/786 1096/342/811 1095/341/810
f 1078/323/786 1079/324/787 1097/343/812 1096/342/811
f 1079/324/787 1080/325/788 1098/344/813 1097/343/812
f 1080/325/788 1081/326/789 1099/345/814 1098/344/813
f 1081/326/789 1082/327/790 1100/346/815 1099/345/814
f 1082/327/790 1083/328/791 1101/347/816 1100/346/815
f 1083/328/791 1084/329/792 1102/348/817 1101/347/816
f 1084/329/792 1085/330/800 1103/349/818 1102/348/817
f 1085/330/800 1086/331/797 1104/350/819 1103/349/818
f 1086/331/797 1070/314/778 1088/333/803 1104/350/819
f 1105/351/820 1104/350/819 1088/333/803 1087/332/802
f 1105/351/820 1087/332/802 1089/334/804 1090/335/805
f 1105/351/820 1090/352/805 1091/338/806 1092/337/807
f 1105/351/820 1092/337/807 1093/339/808 1094/340/809
f 1105/351/820 1094/340/809 1095/341/810 1096/342/811
f 1105/351/820 1096/342/811 1097/343/812 1098/344/813
f 1105/351/820 1098/344/813 1099/345/814 1100/346/815
f 1105/351/820 1100/346/815 1101/347/816 1102/348/817
f 1105/351/820 1102/348/817 1103/349/818 1104/350/819
f 1106/236/758 1107/237/759 1108/238/760 1109/239/761
f 1106/236/758 1110/240/762 1111/241/763 1107/237/759
f 1106/236/758 1112/242/821 1113/243/765 1110/244/762
f 1106/236/758 1114/245/766 1115/246/767 1112/242/821
f 1106/236/758 1116/247/768 1117/248/769 1114/245/766
f 1106/236/758 1118/249/770 1119/250/771 1116/247/768
f 1106/236/758 1120/251/772 1121/252/773 1118/249/770
f 1106/236/758 1122/253/822 1123/254/823 1120/251/772
f 1106/236/758 1109/239/761 1124/255/824 1122/253/822
f 1109/239/761 1108/238/760 1125/256/798 1126/257/778
f 1108/238/760 1107/237/759 1127/258/799 1125/256/798
f 1107/237/759 1111/241/763 1128/259/780 1127/258/799
f 1111/241/763 1110/240/762 1129/260/781 1128/259/780
f 1110/244/762 1113/243/765 1130/261/782 1129/262/781
f 1113/243/765 1112/242/821 1131/263/783 1130/261/782
f 1112/242/821 1115/246/767 1132/264/784 1131/263/783
f 1115/246/767 1114/245/766 1133/265/785 1132/264/784
f 1114/245/766 1117/248/769 1134/266/786 1133/265/785
f 1117/248/769 1116/247/768 1135/267/796 1134/266/786
f 1116/247/768 1119/250/771 1136/268/788 1135/267/796
f 1119/250/771 1118/249/770 1137/269/789 1136/268/788
f 1118/249/770 1121/252/773 1138/270/790 1137/269/789
f 1121/252/773 1120/251/772 1139/271/791 1138/270/790
f 1120/251/772 1123/254/823 1140/272/792 1139/271/791
f 1123/254/823 1122/253/822 1141/273/800 1140/272/792
f 1122/253/822 1124/255/824 1142/274/797 1141/273/800
f 1124/255/824 1109/239/761 1126/257/778 1142/274/797
f 1126/257/778 1125/256/798 1143/275/798 1144/276/778
f 1125/256/798 1127/258/799 1145/277/799 1143/275/798
f 1127/258/799 1128/259/780 1146/278/780 1145/277/799
f 1128/259/780 1129/260/781 1147/279/781 1146/278/780
f 1129/262/781 1130/261/782 1148/280/782 1147/281/781
f 1130/261/782 1131/263/783 1149/282/783 1148/280/782
f 1131/263/783 1132/264/784 1150/283/784 1149/282/783
f 1132/264/784 1133/265/785 1151/284/785 1150/283/784
f 1133/265/785 1134/266/786 1152/285/786 1151/284/785
f 1134/266/786 1135/267/796 1153/286/796 1152/285/786
f 1135/267/796 1136/268/788 1154/287/788 1153/286/796
f 1136/268/788 1137/269/789 1155/288/789 1154/287/788
f 1137/269/789 1138/270/790 1156/289/790 1155/288/789
f 1138/270/790 1139/271/791 1157/290/791 1156/289/790
f 1139/271/791 1140/272/792 1158/291/792 1157/290/791
f 1140/272/792 1141/273/800 1159/292/800 1158/291/792
f 1141/273/800 1142/274/797 1160/293/797 1159/292/800
f 1142/274/797 1126/257/778 1144/276/778 1160/293/797
f 1144/276/778 1143/275/798 1161/294/798 1162/295/778
f 1143/275/798 1145/277/799 1163/296/799 1161/294/798
f 1145/277/799 1146/278/780 1164/297/780 1163/296/799
f 1146/278/780 1147/279/781 1165/298/781 1164/297/780
f 1147/281/781 1148/280/782 1166/299/782 1165/300/781
f 1148/280/782 1149/282/783 1167/301/783 1166/299/782
f 1149/282/783 1150/283/784 1168/302/784 1167/301/783
f 1150/283/784 1151/284/785 1169/303/785 1168/302/784
f 1151/284/785 1152/285/786 1170/304/786 1169/303/785
f 1152/285/786 1153/286/796 1171/305/787 1170/304/786
f 1153/286/796 1154/287/788 1172/306/788 1171/305/787
f 1154/287/788 1155/288/789 1173/307/789 1172/306/788
f 1155/288/789 1156/289/790 1174/308/790 1173/307/789
f 1156/289/790 1157/290/791 1175/309/791 1174/308/790
f 1157/290/791 1158/291/792 1176/310/792 1175/309/791
f 1158/291/792 1159/292/800 1177/311/800 1176/310/792
f 1159/292/800 1160/293/797 1178/312/797 1177/311/800
f 1160/293/797 1144/276/778 1162/295/778 1178/312/797
f 1162/295/778 1161/294/798 1179/313/798 1180/314/778
f 1161/294/798 1163/296/799 1181/315/799 1179/313/798
f 1163/296/799 1164/297/780 1182/316/780 1181/315/799
f 1164/297/780 1165/298/781 1183/317/781 1182/316/780
f 1165/300/781 1166/299/782 1184/318/782 1183/319/781
f 1166/299/782 1167/301/783 1185/320/783 1184/318/782
f 1167/301/783 1168/302/784 1186/321/784 1185/320/783
f 1168/302/784 1169/303/785 1187/322/785 1186/321/784
f 1169/303/785 1170/304/786 1188/323/786 1187/322/785
f 1170/304/786 1171/305/787 1189/324/796 1188/323/786
f 1171/305/787 1172/306/788 1190/325/825 1189/324/796
f 1172/306/788 1173/307/789 1191/326/789 1190/325/825
f 1173/307/789 1174/308/790 1192/327/790 1191/326/789
f 1174/308/790 1175/309/791 1193/328/791 1192/327/790
f 1175/309/791 1176/310/792 1194/329/792 1193/328/791
f 1176/310/792 1177/311/800 1195/330/800 1194/329/792
f 1177/311/800 1178/312/797 1196/331/797 1195/330/800
f 1178/312/797 1162/295/778 1180/314/778 1196/331/797
f 1180/314/778 1179/313/798 1197/332/826 1198/333/803
f 1179/313/798 1181/315/799 1199/334/827 1197/332/826
f 1181/315/799 1182/316/780 1200/335/828 1199/334/827
f 1182/316/780 1183/317/781 1201/336/829 1200/335/828
f 1183/319/781 1184/318/782 1202/337/830 1201/338/829
f 1184/318/782 1185/320/783 1203/339/808 1202/337/830
f 1185/320/783 1186/321/784 1204/340/831 1203/339/808
f 1186/321/784 1187/322/785 1205/341/832 1204/340/831
f 1187/322/785 1188/323/786 1206/342/811 1205/341/832
f 1188/323/786 1189/324/796 1207/343/812 1206/342/811
f 1189/324/796 1190/325/825 1208/344/833 1207/343/812
f 1190/325/825 1191/326/789 1209/345/834 1208/344/833
f 1191/326/789 1192/327/790 1210/346/815 1209/345/834
f 1192/327/790 1193/328/791 1211/347/816 1210/346/815
f 1193/328/791 1194/329/792 1212/348/835 1211/347/816
f 1194/329/792 1195/330/800 1213/349/836 1212/348/835
f 1195/330/800 1196/331/797 1214/350/837 1213/349/836
f 1196/331/797 1180/314/778 1198/333/803 1214/350/837
f 1215/351/838 1214/350/837 1198/333/803 1197/332/826
f 1215/351/838 1197/332/826 1199/334/827 1200/335/828
f 1215/351/838 1200/335/828 1201/336/829 1202/353/830
f 1215/351/838 1202/337/830 1203/339/808 1204/340/831
f 1215/351/838 1204/340/831 1205/341/832 1206/342/811
f 1215/351/838 1206/342/811 1207/343/812 1208/344/833
f 1215/351/838 1208/344/833 1209/345/834 1210/346/815
f 1215/351/838 1210/346/815 1211/347/816 1212/348/835
f 1215/351/838 1212/348/835 1213/349/836 1214/350/837
f 1216/236/839 1217/237/840 1218/238/841 1219/239/842
f 1216/236/839 1220/240/843 1221/241/844 1217/237/840
f 1216/236/839 1222/242/845 1223/243/846 1220/244/843
f 1216/236/839 1224/245/847 1225/246/848 1222/242/845
f 1216/236/839 1226/247/849 1227/248/850 1224/245/847
f 1216/236/839 1228/249/851 1229/250/852 1226/247/849
f 1216/236/839 1230/251/853 1231/252/854 1228/249/851
f 1216/236/839 1232/253/855 1233/254/856 1230/251/853
f 1216/236/839 1219/239/842 1234/255/857 1232/253/855
f 1219/239/842 1218/238/841 1235/256/858 1236/257/859
f 1218/238/841 1217/237/840 1237/258/860 1235/256/858
f 1217/237/840 1221/241/844 1238/259/861 1237/258/860
f 1221/241/844 1220/240/843 1239/260/862 1238/259/861
f 1220/244/843 1223/243/846 1240/261/863 1239/262/862
f 1223/243/846 1222/242/845 1241/263/864 1240/261/863
f 1222/242/845 1225/246/848 1242/264/865 1241/263/864
f 1225/246/848 1224/245/847 1243/265/866 1242/264/865
f 1224/245/847 1227/248/850 1244/266/867 1243/265/866
f 1227/248/850 1226/247/849 1245/267/868 1244/266/867
f 1226/247/849 1229/250/852 1246/268/869 1245/267/868
f 1229/250/852 1228/249/851 1247/269/870 1246/268/869
f 1228/249/851 1231/252/854 1248/270/871 1247/269/870
f 1231/252/854 1230/251/853 1249/271/872 1248/270/871
f 1230/251/853 1233/254/856 1250/272/873 1249/271/872
f 1233/254/856 1232/253/855 1251/273/874 1250/272/873
f 1232/253/855 1234/255/857 1252/274/875 1251/273/874
f 1234/255/857 1219/239/842 1236/257/859 1252/274/875
f 1236/257/859 1235/256/858 1253/275/858 1254/276/876
f 1235/256/858 1237/258/860 1255/277/860 1253/275/858
f 1237/258/860 1238/259/861 1256/278/861 1255/277/860
f 1238/259/861 1239/260/862 1257/279/877 1256/278/861
f 1239/262/862 1240/261/863 1258/280/863 1257/281/877
f 1240/261/863 1241/263/864 1259/282/878 1258/280/863
f 1241/263/864 1242/264/865 1260/283/865 1259/282/878
f 1242/264/865 1243/265/866 1261/284/866 1260/283/865
f 1243/265/866 1244/266/867 1262/285/867 1261/284/866
f 1244/266/867 1245/267/868 1263/286/868 1262/285/867
f 1245/267/868 1246/268/869 1264/287/879 1263/286/868
f 1246/268/869 1247/269/870 1265/288/870 1264/287/879
f 1247/269/870 1248/270/871 1266/289/880 1265/288/870
f 1248/270/871 1249/271/872 1267/290/872 1266/289/880
f 1249/271/872 1250/272/873 1268/291/881 1267/290/872
f 1250/272/873 1251/273/874 1269/292/874 1268/291/881
f 1251/273/874 1252/274/875 1270/293/875 1269/292/874
f 1252/274/875 1236/257/859 1254/276/876 1270/293/875
f 1254/276/876 1253/275/858 1271/294/858 1272/295/859
f 1253/275/858 1255/277/860 1273/296/860 1271/294/858
f 1255/277/860 1256/278/861 1274/297/882 1273/296/860
f 1256/278/861 1257/279/877 1275/298/883 1274/297/882
f 1257/281/877 1258/280/863 1276/299/884 1275/300/883
f 1258/280/863 1259/282/878 1277/301/878 1276/299/884
f 1259/282/878 1260/283/865 1278/302/865 1277/301/878
f 1260/283/865 1261/284/866 1279/303/866 1278/302/865
f 1261/284/866 1262/285/867 1280/304/867 1279/303/866
f 1262/285/867 1263/286/868 1281/305/885 1280/304/867
f 1263/286/868 1264/287/879 1282/306/886 1281/305/885
f 1264/287/879 1265/288/870 1283/307/887 1282/306/886
f 1265/288/870 1266/289/880 1284/308/880 1283/307/887
f 1266/289/880 1267/290/872 1285/309/888 1284/308/880
f 1267/290/872 1268/291/881 1286/310/873 1285/309/888
f 1268/291/881 1269/292/874 1287/311/874 1286/310/873
f 1269/292/874 1270/293/875 1288/312/875 1287/311/874
f 1270/293/875 1254/276/876 1272/295/859 1288/312/875
f 1272/295/859 1271/294/858 1289/313/889 1290/314/859
f 1271/294/858 1273/296/860 1291/315/890 1289/313/889
f 1273/296/860 1274/297/882 1292/316/882 1291/315/890
f 1274/297/882 1275/298/883 1293/317/877 1292/316/882
f 1275/300/883 1276/299/884 1294/318/891 1293/319/877
f 1276/299/884 1277/301/878 1295/320/864 1294/318/891
f 1277/301/878 1278/302/865 1296/321/892 1295/320/864
f 1278/302/865 1279/303/866 1297/322/866 1296/321/892
f 1279/303/866 1280/304/867 1298/323/867 1297/322/866
f 1280/304/867 1281/305/885 1299/324/893 1298/323/867
f 1281/305/885 1282/306/886 1300/325/886 1299/324/893
f 1282/306/886 1283/307/887 1301/326/887 1300/325/886
f 1283/307/887 1284/308/880 1302/327/880 1301/326/887
f 1284/308/880 1285/309/888 1303/328/872 1302/327/880
f 1285/309/888 1286/310/873 1304/329/873 1303/328/872
f 1286/310/873 1287/311/874 1305/330/874 1304/329/873
f 1287/311/874 1288/312/875 1306/331/875 1305/330/874
f 1288/312/875 1272/295/859 1290/314/859 1306/331/875
f 1290/314/859 1289/313/889 1307/332/894 1308/333/895
f 1289/313/889 1291/315/890 1309/334/896 1307/332/894
f 1291/315/890 1292/316/882 1310/335/897 1309/334/896
f 1292/316/882 1293/317/877 1311/336/898 1310/335/897
f 1293/319/877 1294/318/891 1312/337/899 1311/338/898
f 1294/318/891 1295/320/864 1313/339/900 1312/337/899
f 1295/320/864 1296/321/892 1314/340/901 1313/339/900
f 1296/321/892 1297/322/866 1315/341/902 1314/340/901
f 1297/322/866 1298/323/867 1316/342/903 1315/341/902
f 1298/323/867 1299/324/893 1317/343/904 1316/342/903
f 1299/324/893 1300/325/886 1318/344/905 1317/343/904
f 1300/325/886 1301/326/887 1319/345/906 1318/344/905
f 1301/326/887 1302/327/880 1320/346/907 1319/345/906
f 1302/327/880 1303/328/872 1321/347/908 1320/346/907
f 1303/328/872 1304/329/873 1322/348/909 1321/347/908
f 1304/329/873 1305/330/874 1323/349/910 1322/348/909
f 1305/330/874 1306/331/875 1324/350/911 1323/349/910
f 1306/331/875 1290/314/859 1308/333/895 1324/350/911
f 1325/351/912 1324/350/911 1308/333/895 1307/332/894
f 1325/351/912 1307/332/894 1309/334/896 1310/335/897
f 1325/351/912 1310/335/897 1311/336/898 1312/354/899
f 1325/351/912 1312/337/899 1313/339/900 1314/340/901
f 1325/351/912 1314/340/901 1315/341/902 1316/342/903
f 1325/351/912 1316/342/903 1317/343/904 1318/344/905
f 1325/351/912 1318/344/905 1319/345/906 1320/346/907
f 1325/351/912 1320/346/907 1321/347/908 1322/348/909
f 1325/351/912 1322/348/909 1323/349/910 1324/350/911
f 1326/236/913 1327/237/914 1328/238/915 1329/239/916
f 1326/236/913 1330/240/917 1331/241/918 1327/237/914
f 1326/236/913 1332/242/919 1333/243/920 1330/244/917
f 1326/236/913 1334/245/921 1335/246/922 1332/242/919
f 1326/236/913 1336/247/923 1337/248/924 1334/245/921
f 1326/236/913 1338/249/925 1339/250/852 1336/247/923
f 1326/236/913 1340/251/926 1341/252/854 1338/249/925
f 1326/236/913 1342/253/927 1343/254/928 1340/251/926
f 1326/236/913 1329/239/916 1344/255/929 1342/253/927
f 1329/239/916 1328/238/915 1345/256/930 1346/257/859
f 1328/238/915 1327/237/914 1347/258/931 1345/256/930
f 1327/237/914 1331/241/918 1348/259/932 1347/258/931
f 1331/241/918 1330/240/917 1349/260/877 1348/259/932
f 1330/244/917 1333/243/920 1350/261/863 1349/262/877
f 1333/243/920 1332/242/919 1351/263/864 1350/261/863
f 1332/242/919 1335/246/922 1352/264/865 1351/263/864
f 1335/246/922 1334/245/921 1353/265/866 1352/264/865
f 1334/245/921 1337/248/924 1354/266/867 1353/265/866
f 1337/248/924 1336/247/923 1355/267/893 1354/266/867
f 1336/247/923 1339/250/852 1356/268/869 1355/267/893
f 1339/250/852 1338/249/925 1357/269/933 1356/268/869
f 1338/249/925 1341/252/854 1358/270/934 1357/269/933
f 1341/252/854 1340/251/926 1359/271/888 1358/270/934
f 1340/251/926 1343/254/928 1360/272/881 1359/271/888
f 1343/254/928 1342/253/927 1361/273/935 1360/272/881
f 1342/253/927 1344/255/929 1362/274/875 1361/273/935
f 1344/255/929 1329/239/916 1346/257/859 1362/274/875
f 1346/257/859 1345/256/930 1363/275/930 1364/276/936
f 1345/256/930 1347/258/931 1365/277/860 1363/275/930
f 1347/258/931 1348/259/932 1366/278/937 1365/277/860
f 1348/259/932 1349/260/877 1367/279/877 1366/278/937
f 1349/262/877 1350/261/863 1368/280/938 1367/281/877
f 1350/261/863 1351/263/864 1369/282/939 1368/280/938
f 1351/263/864 1352/264/865 1370/283/865 1369/282/939
f 1352/264/865 1353/265/866 1371/284/940 1370/283/865
f 1353/265/866 1354/266/867 1372/285/867 1371/284/940
f 1354/266/867 1355/267/893 1373/286/893 1372/285/867
f 1355/267/893 1356/268/869 1374/287/941 1373/286/893
f 1356/268/869 1357/269/933 1375/288/942 1374/287/941
f 1357/269/933 1358/270/934 1376/289/943 1375/288/942
f 1358/270/934 1359/271/888 1377/290/888 1376/289/943
f 1359/271/888 1360/272/881 1378/291/881 1377/290/888
f 1360/272/881 1361/273/935 1379/292/935 1378/291/881
f 1361/273/935 1362/274/875 1380/293/875 1379/292/935
f 1362/274/875 1346/257/859 1364/276/936 1380/293/875
f 1364/276/936 1363/275/930 1381/294/930 1382/295/859
f 1363/275/930 1365/277/860 1383/296/860 1381/294/930
f 1365/277/860 1366/278/937 1384/297/937 1383/296/860
f 1366/278/937 1367/279/877 1385/298/883 1384/297/937
f 1367/281/877 1368/280/938 1386/299/891 1385/300/883
f 1368/280/938 1369/282/939 1387/301/878 1386/299/891
f 1369/282/939 1370/283/865 1388/302/944 1387/301/878
f 1370/283/865 1371/284/940 1389/303/866 1388/302/944
f 1371/284/940 1372/285/867 1390/304/867 1389/303/866
f 1372/285/867 1373/286/893 1391/305/945 1390/304/867
f 1373/286/893 1374/287/941 1392/306/869 1391/305/945
f 1374/287/941 1375/288/942 1393/307/942 1392/306/869
f 1375/288/942 1376/289/943 1394/308/934 1393/307/942
f 1376/289/943 1377/290/888 1395/309/946 1394/308/934
f 1377/290/888 1378/291/881 1396/310/881 1395/309/946
f 1378/291/881 1379/292/935 1397/311/935 1396/310/881
f 1379/292/935 1380/293/875 1398/312/875 1397/311/935
f 1380/293/875 1364/276/936 1382/295/859 1398/312/875
f 1382/295/859 1381/294/930 1399/313/930 1400/314/876
f 1381/294/930 1383/296/860 1401/315/860 1399/313/930
f 1383/296/860 1384/297/937 1402/316/937 1401/315/860
f 1384/297/937 1385/298/883 1403/317/883 1402/316/937
f 1385/300/883 1386/299/891 1404/318/891 1403/319/883
f 1386/299/891 1387/301/878 1405/320/878 1404/318/891
f 1387/301/878 1388/302/944 1406/321/944 1405/320/878
f 1388/302/944 1389/303/866 1407/322/947 1406/321/944
f 1389/303/866 1390/304/867 1408/323/867 1407/322/947
f 1390/304/867 1391/305/945 1409/324/893 1408/323/867
f 1391/305/945 1392/306/869 1410/325/869 1409/324/893
f 1392/306/869 1393/307/942 1411/326/942 1410/325/869
f 1393/307/942 1394/308/934 1412/327/943 1411/326/942
f 1394/308/934 1395/309/946 1413/328/948 1412/327/943
f 1395/309/946 1396/310/881 1414/329/949 1413/328/948
f 1396/310/881 1397/311/935 1415/330/950 1414/329/949
f 1397/311/935 1398/312/875 1416/331/951 1415/330/950
f 1398/312/875 1382/295/859 1400/314/876 1416/331/951
f 1400/314/876 1399/313/930 1417/332/952 1418/333/953
f 1399/313/930 1401/315/860 1419/334/954 1417/332/952
f 1401/315/860 1402/316/937 1420/335/955 1419/334/954
f 1402/316/937 1403/317/883 1421/336/956 1420/335/955
f 1403/319/883 1404/318/891 1422/337/957 1421/338/956
f 1404/318/891 1405/320/878 1423/339/958 1422/337/957
f 1405/320/878 1406/321/944 1424/340/959 1423/339/958
f 1406/321/944 1407/322/947 1425/341/960 1424/340/959
f 1407/322/947 1408/323/867 1426/342/961 1425/341/960
f 1408/323/867 1409/324/893 1427/343/962 1426/342/961
f 1409/324/893 1410/325/869 1428/344/963 1427/343/962
f 1410/325/869 1411/326/942 1429/345/964 1428/344/963
f 1411/326/942 1412/327/943 1430/346/965 1429/345/964
f 1412/327/943 1413/328/948 1431/347/966 1430/346/965
f 1413/328/948 1414/329/949 1432/348/967 1431/347/966
f 1414/329/949 1415/330/950 1433/349/968 1432/348/967
f 1415/330/950 1416/331/951 1434/350/969 1433/349/968
f 1416/331/951 1400/314/876 1418/333/953 1434/350/969
f 1435/351/970 1434/350/969 1418/333/953 1417/332/952
f 1435/351/970 1417/332/952 1419/334/954 1420/335/955
f 1435/351/970 1420/355/955 1421/338/956 1422/337/957
f 1435/351/970 1422/337/957 1423/339/958 1424/340/959
f 1435/351/970 1424/340/959 1425/341/960 1426/342/961
f 1435/351/970 1426/342/961 1427/343/962 1428/344/963
f 1435/351/970 1428/344/963 1429/345/964 1430/346/965
f 1435/351/970 1430/346/965 1431/347/966 1432/348/967
f 1435/351/970 1432/348/967 1433/349/968 1434/350/969
o Cylinder008
v -0.133493 1.061953 -0.276992
v -0.156646 1.033215 -0.302229
v -0.161895 1.046662 -0.307950
v -0.163718 1.061953 -0.309936
v -0.138742 1.017924 -0.282713
v -0.148605 1.023234 -0.293464
v -0.118381 1.023234 -0.260521
v -0.128245 1.017924 -0.271271
v -0.105092 1.046662 -0.246034
v -0.110340 1.033215 -0.251754
v -0.105092 1.077244 -0.246034
v -0.103269 1.061953 -0.244048
v -0.118381 1.100672 -0.260520
v -0.110340 1.090691 -0.251754
v -0.138742 1.105982 -0.282713
v -0.128245 1.105982 -0.271271
v -0.156646 1.090691 -0.302229
v -0.148605 1.100672 -0.293464
v -0.161895 1.077244 -0.307950
v -0.173976 1.046662 -0.296866
v -0.175799 1.061953 -0.298853
v -0.168728 1.033215 -0.291145
v -0.160687 1.023234 -0.282381
v -0.150823 1.017924 -0.271629
v -0.140326 1.017924 -0.260188
v -0.130463 1.023234 -0.249436
v -0.122422 1.033215 -0.240671
v -0.117173 1.046662 -0.234951
v -0.115351 1.061953 -0.232963
v -0.117173 1.077244 -0.234951
v -0.122422 1.090691 -0.240671
v -0.130463 1.100672 -0.249436
v -0.140326 1.105982 -0.260188
v -0.150823 1.105982 -0.271629
v -0.160687 1.100672 -0.282381
v -0.168728 1.090691 -0.291145
v -0.173976 1.077244 -0.296866
v -0.186058 1.046662 -0.285782
v -0.187881 1.061953 -0.287769
v -0.180809 1.033215 -0.280061
v -0.172768 1.023234 -0.271297
v -0.162905 1.017924 -0.260544
v -0.152408 1.017924 -0.249103
v -0.142544 1.023234 -0.238352
v -0.134503 1.033215 -0.229587
v -0.129255 1.046662 -0.223866
v -0.127432 1.061953 -0.221880
v -0.129255 1.077244 -0.223866
v -0.134503 1.090691 -0.229587
v -0.142544 1.100672 -0.238352
v -0.152408 1.105982 -0.249103
v -0.162905 1.105982 -0.260544
v -0.172768 1.100672 -0.271297
v -0.180809 1.090691 -0.280061
v -0.186058 1.077244 -0.285782
v -0.198139 1.046662 -0.274698
v -0.199962 1.061953 -0.276684
v -0.192891 1.033215 -0.268978
v -0.184850 1.023234 -0.260212
v -0.174986 1.017924 -0.249461
v -0.164489 1.017924 -0.238020
v -0.154626 1.023234 -0.227268
v -0.146585 1.033215 -0.218504
v -0.141336 1.046662 -0.212783
v -0.139514 1.061953 -0.210796
v -0.141336 1.077244 -0.212783
v -0.146585 1.090691 -0.218504
v -0.154626 1.100672 -0.227268
v -0.164489 1.105982 -0.238020
v -0.174986 1.105982 -0.249461
v -0.184850 1.100672 -0.260212
v -0.192891 1.090691 -0.268978
v -0.198139 1.077244 -0.274698
v -0.210221 1.046662 -0.263614
v -0.212044 1.061953 -0.265601
v -0.204972 1.033215 -0.257893
v -0.196931 1.023234 -0.249129
v -0.187068 1.017924 -0.238377
v -0.176571 1.017924 -0.226936
v -0.166707 1.023234 -0.216184
v -0.158666 1.033215 -0.207420
v -0.153418 1.046662 -0.201698
v -0.151595 1.061953 -0.199711
v -0.153418 1.077244 -0.201698
v -0.158666 1.090691 -0.207420
v -0.166707 1.100672 -0.216184
v -0.176571 1.105982 -0.226936
v -0.187068 1.105982 -0.238376
v -0.196931 1.100672 -0.249129
v -0.204972 1.090691 -0.257893
v -0.210221 1.077244 -0.263614
v -0.222302 1.046662 -0.252530
v -0.224125 1.061953 -0.254516
v -0.217054 1.033215 -0.246810
v -0.209013 1.023234 -0.238044
v -0.199149 1.017924 -0.227294
v -0.188652 1.017924 -0.215851
v -0.178789 1.023234 -0.205101
v -0.170748 1.033215 -0.196335
v -0.165499 1.046662 -0.190614
v -0.163677 1.061953 -0.188628
v -0.165499 1.077244 -0.190614
v -0.170748 1.090691 -0.196335
v -0.178789 1.100672 -0.205101
v -0.188652 1.105982 -0.215851
v -0.199149 1.105982 -0.227294
v -0.209013 1.100672 -0.238044
v -0.217054 1.090691 -0.246810
v -0.222302 1.077244 -0.252530
v -0.193901 1.061953 -0.221572
v -0.103879 1.061953 -0.304161
v -0.131209 1.028030 -0.333952
v -0.137405 1.043903 -0.340705
v -0.139556 1.061953 -0.343050
v -0.110074 1.009980 -0.310914
v -0.121718 1.016249 -0.323605
v -0.086040 1.016249 -0.284717
v -0.097684 1.009980 -0.297409
v -0.070353 1.043903 -0.267618
v -0.076549 1.028030 -0.274371
v -0.070353 1.080003 -0.267618
v -0.068202 1.061953 -0.265273
v -0.086040 1.107657 -0.284717
v -0.076549 1.095876 -0.274371
v -0.110074 1.113926 -0.310914
v -0.097684 1.113926 -0.297409
v -0.131209 1.095876 -0.333952
v -0.121718 1.107657 -0.323605
v -0.137405 1.080003 -0.340705
v -0.143681 1.043903 -0.334946
v -0.145832 1.061953 -0.337291
v -0.137485 1.028030 -0.328193
v -0.127994 1.016249 -0.317848
v -0.116350 1.009980 -0.305156
v -0.103960 1.009980 -0.291650
v -0.092316 1.016249 -0.278959
v -0.082825 1.028030 -0.268613
v -0.076629 1.043903 -0.261859
v -0.074478 1.061953 -0.259514
v -0.076629 1.080003 -0.261859
v -0.082825 1.095876 -0.268613
v -0.092316 1.107657 -0.278959
v -0.103960 1.113926 -0.291650
v -0.116350 1.113926 -0.305156
v -0.127994 1.107657 -0.317848
v -0.137485 1.095876 -0.328193
v -0.143681 1.080003 -0.334946
v -0.149957 1.043903 -0.329189
v -0.152108 1.061953 -0.331534
v -0.143761 1.028030 -0.322436
v -0.134270 1.016249 -0.312090
v -0.122626 1.009980 -0.299398
v -0.110236 1.009980 -0.285892
v -0.098592 1.016249 -0.273201
v -0.089101 1.028030 -0.262855
v -0.082905 1.043903 -0.256103
v -0.080754 1.061953 -0.253757
v -0.082905 1.080003 -0.256102
v -0.089101 1.095876 -0.262855
v -0.098592 1.107657 -0.273201
v -0.110236 1.113926 -0.285892
v -0.122626 1.113926 -0.299398
v -0.134270 1.107657 -0.312090
v -0.143761 1.095876 -0.322436
v -0.149957 1.080003 -0.329189
v -0.156233 1.043903 -0.323431
v -0.158384 1.061953 -0.325776
v -0.150037 1.028030 -0.316678
v -0.140546 1.016249 -0.306331
v -0.128902 1.009980 -0.293640
v -0.116512 1.009980 -0.280135
v -0.104868 1.016249 -0.267443
v -0.095377 1.028030 -0.257098
v -0.089181 1.043903 -0.250345
v -0.087030 1.061953 -0.248000
v -0.089181 1.080003 -0.250345
v -0.095377 1.095876 -0.257098
v -0.104868 1.107657 -0.267443
v -0.116512 1.113926 -0.280135
v -0.128902 1.113926 -0.293640
v -0.140546 1.107657 -0.306331
v -0.150037 1.095876 -0.316678
v -0.156233 1.080003 -0.323431
v -0.162509 1.043903 -0.317672
v -0.164660 1.061953 -0.320018
v -0.156314 1.028030 -0.310920
v -0.146822 1.016249 -0.300574
v -0.135178 1.009980 -0.287883
v -0.122788 1.009980 -0.274376
v -0.111144 1.016249 -0.261686
v -0.101653 1.028030 -0.251339
v -0.095457 1.043903 -0.244587
v -0.093306 1.061953 -0.242242
v -0.095457 1.080003 -0.244587
v -0.101653 1.095876 -0.251339
v -0.111144 1.107657 -0.261686
v -0.122788 1.113926 -0.274376
v -0.135178 1.113926 -0.287883
v -0.146822 1.107657 -0.300574
v -0.156314 1.095876 -0.310920
v -0.162509 1.080003 -0.317672
v -0.168785 1.043903 -0.311915
v -0.170936 1.061953 -0.314260
v -0.162590 1.028030 -0.305162
v -0.153098 1.016249 -0.294816
v -0.141454 1.009980 -0.282125
v -0.129064 1.009980 -0.268619
v -0.117421 1.016249 -0.255928
v -0.107929 1.028030 -0.245582
v -0.101733 1.043903 -0.238829
v -0.099582 1.061953 -0.236484
v -0.101733 1.080003 -0.238829
v -0.107929 1.095876 -0.245582
v -0.117421 1.107657 -0.255928
v -0.129064 1.113926 -0.268619
v -0.141454 1.113926 -0.282125
v -0.153098 1.107657 -0.294816
v -0.162590 1.095876 -0.305162
v -0.168785 1.080003 -0.311915
v -0.135259 1.061953 -0.275371
vn 0.7369 -0.0000 -0.6760
vn 0.1093 -0.4771 -0.8720
vn 0.0221 -0.2539 -0.9670
vn -0.0081 -0.0000 -1.0000
vn 0.4066 -0.7311 -0.5479
vn 0.2428 -0.6429 -0.7264
vn 0.7446 -0.6429 -0.1795
vn 0.5809 -0.7311 -0.3580
vn 0.9653 -0.2538 0.0607
vn 0.8782 -0.4772 -0.0339
vn 0.9653 0.2539 0.0611
vn 0.9956 -0.0000 0.0940
vn 0.7446 0.6429 -0.1795
vn 0.8782 0.4772 -0.0339
vn 0.4066 0.7311 -0.5479
vn 0.5809 0.7311 -0.3580
vn 0.1093 0.4771 -0.8720
vn 0.2428 0.6429 -0.7264
vn 0.0221 0.2539 -0.9670
vn -0.6353 -0.3420 -0.6924
vn -0.6760 -0.0000 -0.7369
vn -0.5179 -0.6428 -0.5645
vn -0.3380 -0.8660 -0.3684
vn -0.1174 -0.9848 -0.1279
vn 0.1174 -0.9848 0.1279
vn 0.3380 -0.8660 0.3684
vn 0.5179 -0.6428 0.5645
vn 0.6353 -0.3420 0.6924
vn 0.6760 -0.0000 0.7369
vn 0.6353 0.3420 0.6924
vn 0.5179 0.6428 0.5645
vn 0.3380 0.8660 0.3684
vn 0.1174 0.9848 0.1279
vn -0.1174 0.9848 -0.1279
vn -0.3380 0.8660 -0.3684
vn -0.5179 0.6428 -0.5645
vn -0.6353 0.3420 -0.6924
vn -0.9653 -0.2539 -0.0610
vn -0.9956 -0.0000 -0.0940
vn -0.8782 -0.4772 0.0339
vn -0.7446 -0.6429 0.1795
vn -0.5809 -0.7311 0.3580
vn -0.4066 -0.7311 0.5479
vn -0.2428 -0.6429 0.7265
vn -0.1093 -0.4772 0.8720
vn -0.0221 -0.2539 0.9670
vn 0.0081 -0.0000 1.0000
vn -0.0221 0.2539 0.9670
vn -0.1093 0.4772 0.8720
vn -0.2428 0.6429 0.7265
vn -0.4066 0.7311 0.5479
vn -0.5809 0.7311 0.3580
vn -0.7446 0.6429 0.1795
vn -0.8782 0.4772 0.0339
vn -0.9653 0.2539 -0.0610
vn -0.7369 -0.0000 0.6760
vn 0.1093 -0.4772 -0.8720
vn 0.4066 -0.7310 -0.5480
vn 0.2428 -0.6429 -0.7265
vn 0.7447 -0.6429 -0.1795
vn 0.5809 -0.7310 -0.3580
vn 0.9653 -0.2539 0.0610
vn 0.9653 0.2539 0.0610
vn 0.7447 0.6429 -0.1795
vn 0.4066 0.7310 -0.5480
vn 0.5809 0.7310 -0.3580
vn 0.1093 0.4772 -0.8720
vn 0.2428 0.6429 -0.7265
vn -0.1174 -0.9848 -0.1280
vn 0.1174 -0.9848 0.1280
vn 0.6352 -0.3420 0.6924
vn 0.1174 0.9848 0.1280
vn -0.1174 0.9848 -0.1280
vn 0.6352 -0.3420 0.6925
vn 0.6352 0.3420 0.6925
vn 0.3380 -0.8660 0.3685
vn 0.3380 0.8660 0.3685
vn -0.9653 -0.2539 -0.0611
vn -0.7447 -0.6429 0.1795
vn -0.4066 -0.7311 0.5480
vn -0.4066 0.7311 0.5480
vn -0.7447 0.6429 0.1795
vn -0.9653 0.2539 -0.0611
vt 0.500000 0.000000
vt 0.861111 0.000000
vt 0.805556 0.000000
vt 0.750000 0.000000
vt 0.972222 0.000000
vt 0.916667 0.000000
vt 0.083333 0.000000
vt 0.027778 0.000000
vt -0.027778 0.000000
vt 0.194444 0.000000
vt 0.138889 0.000000
vt 0.305556 0.000000
vt 0.250000 0.000000
vt 0.416667 0.000000
vt 0.361111 0.000000
vt 0.527778 0.000000
vt 0.472222 0.000000
vt 0.638889 0.000000
vt 0.583333 0.000000
vt 0.694444 0.000000
vt 0.805556 0.200000
vt 0.750000 0.200000
vt 0.861111 0.200000
vt 0.916667 0.200000
vt 0.972222 0.200000
vt 0.027778 0.200000
vt -0.027778 0.200000
vt 0.083333 0.200000
vt 0.138889 0.200000
vt 0.194444 0.200000
vt 0.250000 0.200000
vt 0.305556 0.200000
vt 0.361111 0.200000
vt 0.416667 0.200000
vt 0.472222 0.200000
vt 0.527778 0.200000
vt 0.583333 0.200000
vt 0.638889 0.200000
vt 0.694444 0.200000
vt 0.805556 0.400000
vt 0.750000 0.400000
vt 0.861111 0.400000
vt 0.916667 0.400000
vt 0.972222 0.400000
vt 0.027778 0.400000
vt -0.027778 0.400000
vt 0.083333 0.400000
vt 0.138889 0.400000
vt 0.194444 0.400000
vt 0.250000 0.400000
vt 0.305556 0.400000
vt 0.361111 0.400000
vt 0.416667 0.400000
vt 0.472222 0.400000
vt 0.527778 0.400000
vt 0.583333 0.400000
vt 0.638889 0.400000
vt 0.694444 0.400000
vt 0.805556 0.600000
vt 0.750000 0.600000
vt 0.861111 0.600000
vt 0.916667 0.600000
vt 0.972222 0.600000
vt 0.027778 0.600000
vt -0.027778 0.600000
vt 0.083333 0.600000
vt 0.138889 0.600000
vt 0.194444 0.600000
vt 0.250000 0.600000
vt 0.305556 0.600000
vt 0.361111 0.600000
vt 0.416667 0.600000
vt 0.472222 0.600000
vt 0.527778 0.600000
vt 0.583333 0.600000
vt 0.638889 0.600000
vt 0.694444 0.600000
vt 0.805556 0.800000
vt 0.750000 0.800000
vt 0.861111 0.800000
vt 0.916667 0.800000
vt 0.972222 0.800000
vt 0.027778 0.800000
vt -0.027778 0.800000
vt 0.083333 0.800000
vt 0.138889 0.800000
vt 0.194444 0.800000
vt 0.250000 0.800000
vt 0.305556 0.800000
vt 0.361111 0.800000
vt 0.416667 0.800000
vt 0.472222 0.800000
vt 0.527778 0.800000
vt 0.583333 0.800000
vt 0.638889 0.800000
vt 0.694444 0.800000
vt 0.805556 1.000000
vt 0.750000 1.000000
vt 0.861111 1.000000
vt 0.916667 1.000000
vt 0.972222 1.000000
vt 0.027778 1.000000
vt -0.027778 1.000000
vt 0.083333 1.000000
vt 0.138889 1.000000
vt 0.194444 1.000000
vt 0.250000 1.000000
vt 0.305556 1.000000
vt 0.361111 1.000000
vt 0.416667 1.000000
vt 0.472222 1.000000
vt 0.527778 1.000000
vt 0.583333 1.000000
vt 0.638889 1.000000
vt 0.694444 1.000000
vt 0.500000 1.000000
vt 0.970821 1.000000
vt -0.019676 1.000000
s 1
usemtl wire_000000000
f 1436/356/971 1437/357/972 1438/358/973 1439/359/974
f 1436/356/971 1440/360/975 1441/361/976 1437/357/972
f 1436/356/971 1442/362/977 1443/363/978 1440/364/975
f 1436/356/971 1444/365/979 1445/366/980 1442/362/977
f 1436/356/971 1446/367/981 1447/368/982 1444/365/979
f 1436/356/971 1448/369/983 1449/370/984 1446/367/981
f 1436/356/971 1450/371/985 1451/372/986 1448/369/983
f 1436/356/971 1452/373/987 1453/374/988 1450/371/985
f 1436/356/971 1439/359/974 1454/375/989 1452/373/987
f 1439/359/974 1438/358/973 1455/376/990 1456/377/991
f 1438/358/973 1437/357/972 1457/378/992 1455/376/990
f 1437/357/972 1441/361/976 1458/379/993 1457/378/992
f 1441/361/976 1440/360/975 1459/380/994 1458/379/993
f 1440/364/975 1443/363/978 1460/381/995 1459/382/994
f 1443/363/978 1442/362/977 1461/383/996 1460/381/995
f 1442/362/977 1445/366/980 1462/384/997 1461/383/996
f 1445/366/980 1444/365/979 1463/385/998 1462/384/997
f 1444/365/979 1447/368/982 1464/386/999 1463/385/998
f 1447/368/982 1446/367/981 1465/387/1000 1464/386/999
f 1446/367/981 1449/370/984 1466/388/1001 1465/387/1000
f 1449/370/984 1448/369/983 1467/389/1002 1466/388/1001
f 1448/369/983 1451/372/986 1468/390/1003 1467/389/1002
f 1451/372/986 1450/371/985 1469/391/1004 1468/390/1003
f 1450/371/985 1453/374/988 1470/392/1005 1469/391/1004
f 1453/374/988 1452/373/987 1471/393/1006 1470/392/1005
f 1452/373/987 1454/375/989 1472/394/1007 1471/393/1006
f 1454/375/989 1439/359/974 1456/377/991 1472/394/1007
f 1456/377/991 1455/376/990 1473/395/990 1474/396/991
f 1455/376/990 1457/378/992 1475/397/992 1473/395/990
f 1457/378/992 1458/379/993 1476/398/993 1475/397/992
f 1458/379/993 1459/380/994 1477/399/994 1476/398/993
f 1459/382/994 1460/381/995 1478/400/995 1477/401/994
f 1460/381/995 1461/383/996 1479/402/996 1478/400/995
f 1461/383/996 1462/384/997 1480/403/997 1479/402/996
f 1462/384/997 1463/385/998 1481/404/998 1480/403/997
f 1463/385/998 1464/386/999 1482/405/999 1481/404/998
f 1464/386/999 1465/387/1000 1483/406/1000 1482/405/999
f 1465/387/1000 1466/388/1001 1484/407/1001 1483/406/1000
f 1466/388/1001 1467/389/1002 1485/408/1002 1484/407/1001
f 1467/389/1002 1468/390/1003 1486/409/1003 1485/408/1002
f 1468/390/1003 1469/391/1004 1487/410/1004 1486/409/1003
f 1469/391/1004 1470/392/1005 1488/411/1005 1487/410/1004
f 1470/392/1005 1471/393/1006 1489/412/1006 1488/411/1005
f 1471/393/1006 1472/394/1007 1490/413/1007 1489/412/1006
f 1472/394/1007 1456/377/991 1474/396/991 1490/413/1007
f 1474/396/991 1473/395/990 1491/414/990 1492/415/991
f 1473/395/990 1475/397/992 1493/416/992 1491/414/990
f 1475/397/992 1476/398/993 1494/417/993 1493/416/992
f 1476/398/993 1477/399/994 1495/418/994 1494/417/993
f 1477/401/994 1478/400/995 1496/419/995 1495/420/994
f 1478/400/995 1479/402/996 1497/421/996 1496/419/995
f 1479/402/996 1480/403/997 1498/422/997 1497/421/996
f 1480/403/997 1481/404/998 1499/423/998 1498/422/997
f 1481/404/998 1482/405/999 1500/424/999 1499/423/998
f 1482/405/999 1483/406/1000 1501/425/1000 1500/424/999
f 1483/406/1000 1484/407/1001 1502/426/1001 1501/425/1000
f 1484/407/1001 1485/408/1002 1503/427/1002 1502/426/1001
f 1485/408/1002 1486/409/1003 1504/428/1003 1503/427/1002
f 1486/409/1003 1487/410/1004 1505/429/1004 1504/428/1003
f 1487/410/1004 1488/411/1005 1506/430/1005 1505/429/1004
f 1488/411/1005 1489/412/1006 1507/431/1006 1506/430/1005
f 1489/412/1006 1490/413/1007 1508/432/1007 1507/431/1006
f 1490/413/1007 1474/396/991 1492/415/991 1508/432/1007
f 1492/415/991 1491/414/990 1509/433/990 1510/434/991
f 1491/414/990 1493/416/992 1511/435/992 1509/433/990
f 1493/416/992 1494/417/993 1512/436/993 1511/435/992
f 1494/417/993 1495/418/994 1513/437/994 1512/436/993
f 1495/420/994 1496/419/995 1514/438/995 1513/439/994
f 1496/419/995 1497/421/996 1515/440/996 1514/438/995
f 1497/421/996 1498/422/997 1516/441/997 1515/440/996
f 1498/422/997 1499/423/998 1517/442/998 1516/441/997
f 1499/423/998 1500/424/999 1518/443/999 1517/442/998
f 1500/424/999 1501/425/1000 1519/444/1000 1518/443/999
f 1501/425/1000 1502/426/1001 1520/445/1001 1519/444/1000
f 1502/426/1001 1503/427/1002 1521/446/1002 1520/445/1001
f 1503/427/1002 1504/428/1003 1522/447/1003 1521/446/1002
f 1504/428/1003 1505/429/1004 1523/448/1004 1522/447/1003
f 1505/429/1004 1506/430/1005 1524/449/1005 1523/448/1004
f 1506/430/1005 1507/431/1006 1525/450/1006 1524/449/1005
f 1507/431/1006 1508/432/1007 1526/451/1007 1525/450/1006
f 1508/432/1007 1492/415/991 1510/434/991 1526/451/1007
f 1510/434/991 1509/433/990 1527/452/1008 1528/453/1009
f 1509/433/990 1511/435/992 1529/454/1010 1527/452/1008
f 1511/435/992 1512/436/993 1530/455/1011 1529/454/1010
f 1512/436/993 1513/437/994 1531/456/1012 1530/455/1011
f 1513/439/994 1514/438/995 1532/457/1013 1531/458/1012
f 1514/438/995 1515/440/996 1533/459/1014 1532/457/1013
f 1515/440/996 1516/441/997 1534/460/1015 1533/459/1014
f 1516/441/997 1517/442/998 1535/461/1016 1534/460/1015
f 1517/442/998 1518/443/999 1536/462/1017 1535/461/1016
f 1518/443/999 1519/444/1000 1537/463/1018 1536/462/1017
f 1519/444/1000 1520/445/1001 1538/464/1019 1537/463/1018
f 1520/445/1001 1521/446/1002 1539/465/1020 1538/464/1019
f 1521/446/1002 1522/447/1003 1540/466/1021 1539/465/1020
f 1522/447/1003 1523/448/1004 1541/467/1022 1540/466/1021
f 1523/448/1004 1524/449/1005 1542/468/1023 1541/467/1022
f 1524/449/1005 1525/450/1006 1543/469/1024 1542/468/1023
f 1525/450/1006 1526/451/1007 1544/470/1025 1543/469/1024
f 1526/451/1007 1510/434/991 1528/453/1009 1544/470/1025
f 1545/471/1026 1544/470/1025 1528/453/1009 1527/452/1008
f 1545/471/1026 1527/452/1008 1529/454/1010 1530/455/1011
f 1545/471/1026 1530/455/1011 1531/456/1012 1532/472/1013
f 1545/471/1026 1532/457/1013 1533/459/1014 1534/460/1015
f 1545/471/1026 1534/460/1015 1535/461/1016 1536/462/1017
f 1545/471/1026 1536/462/1017 1537/463/1018 1538/464/1019
f 1545/471/1026 1538/464/1019 1539/465/1020 1540/466/1021
f 1545/471/1026 1540/466/1021 1541/467/1022 1542/468/1023
f 1545/471/1026 1542/468/1023 1543/469/1024 1544/470/1025
f 1546/356/971 1547/357/1027 1548/358/973 1549/359/974
f 1546/356/971 1550/360/1028 1551/361/1029 1547/357/1027
f 1546/356/971 1552/362/1030 1553/363/1031 1550/364/1028
f 1546/356/971 1554/365/1032 1555/366/980 1552/362/1030
f 1546/356/971 1556/367/1033 1557/368/982 1554/365/1032
f 1546/356/971 1558/369/1034 1559/370/984 1556/367/1033
f 1546/356/971 1560/371/1035 1561/372/1036 1558/369/1034
f 1546/356/971 1562/373/1037 1563/374/1038 1560/371/1035
f 1546/356/971 1549/359/974 1564/375/989 1562/373/1037
f 1549/359/974 1548/358/973 1565/376/990 1566/377/991
f 1548/358/973 1547/357/1027 1567/378/992 1565/376/990
f 1547/357/1027 1551/361/1029 1568/379/993 1567/378/992
f 1551/361/1029 1550/360/1028 1569/380/1039 1568/379/993
f 1550/364/1028 1553/363/1031 1570/381/1040 1569/382/1039
f 1553/363/1031 1552/362/1030 1571/383/996 1570/381/1040
f 1552/362/1030 1555/366/980 1572/384/997 1571/383/996
f 1555/366/980 1554/365/1032 1573/385/1041 1572/384/997
f 1554/365/1032 1557/368/982 1574/386/999 1573/385/1041
f 1557/368/982 1556/367/1033 1575/387/1000 1574/386/999
f 1556/367/1033 1559/370/984 1576/388/1001 1575/387/1000
f 1559/370/984 1558/369/1034 1577/389/1002 1576/388/1001
f 1558/369/1034 1561/372/1036 1578/390/1042 1577/389/1002
f 1561/372/1036 1560/371/1035 1579/391/1043 1578/390/1042
f 1560/371/1035 1563/374/1038 1580/392/1005 1579/391/1043
f 1563/374/1038 1562/373/1037 1581/393/1006 1580/392/1005
f 1562/373/1037 1564/375/989 1582/394/1007 1581/393/1006
f 1564/375/989 1549/359/974 1566/377/991 1582/394/1007
f 1566/377/991 1565/376/990 1583/395/990 1584/396/991
f 1565/376/990 1567/378/992 1585/397/992 1583/395/990
f 1567/378/992 1568/379/993 1586/398/993 1585/397/992
f 1568/379/993 1569/380/1039 1587/399/1039 1586/398/993
f 1569/382/1039 1570/381/1040 1588/400/1040 1587/401/1039
f 1570/381/1040 1571/383/996 1589/402/996 1588/400/1040
f 1571/383/996 1572/384/997 1590/403/997 1589/402/996
f 1572/384/997 1573/385/1041 1591/404/1044 1590/403/997
f 1573/385/1041 1574/386/999 1592/405/999 1591/404/1044
f 1574/386/999 1575/387/1000 1593/406/1045 1592/405/999
f 1575/387/1000 1576/388/1001 1594/407/1001 1593/406/1045
f 1576/388/1001 1577/389/1002 1595/408/1002 1594/407/1001
f 1577/389/1002 1578/390/1042 1596/409/1042 1595/408/1002
f 1578/390/1042 1579/391/1043 1597/410/1043 1596/409/1042
f 1579/391/1043 1580/392/1005 1598/411/1005 1597/410/1043
f 1580/392/1005 1581/393/1006 1599/412/1006 1598/411/1005
f 1581/393/1006 1582/394/1007 1600/413/1007 1599/412/1006
f 1582/394/1007 1566/377/991 1584/396/991 1600/413/1007
f 1584/396/991 1583/395/990 1601/414/990 1602/415/991
f 1583/395/990 1585/397/992 1603/416/992 1601/414/990
f 1585/397/992 1586/398/993 1604/417/993 1603/416/992
f 1586/398/993 1587/399/1039 1605/418/1039 1604/417/993
f 1587/401/1039 1588/400/1040 1606/419/1040 1605/420/1039
f 1588/400/1040 1589/402/996 1607/421/1046 1606/419/1040
f 1589/402/996 1590/403/997 1608/422/997 1607/421/1046
f 1590/403/997 1591/404/1044 1609/423/998 1608/422/997
f 1591/404/1044 1592/405/999 1610/424/999 1609/423/998
f 1592/405/999 1593/406/1045 1611/425/1000 1610/424/999
f 1593/406/1045 1594/407/1001 1612/426/1001 1611/425/1000
f 1594/407/1001 1595/408/1002 1613/427/1047 1612/426/1001
f 1595/408/1002 1596/409/1042 1614/428/1042 1613/427/1047
f 1596/409/1042 1597/410/1043 1615/429/1043 1614/428/1042
f 1597/410/1043 1598/411/1005 1616/430/1005 1615/429/1043
f 1598/411/1005 1599/412/1006 1617/431/1006 1616/430/1005
f 1599/412/1006 1600/413/1007 1618/432/1007 1617/431/1006
f 1600/413/1007 1584/396/991 1602/415/991 1618/432/1007
f 1602/415/991 1601/414/990 1619/433/990 1620/434/991
f 1601/414/990 1603/416/992 1621/435/992 1619/433/990
f 1603/416/992 1604/417/993 1622/436/993 1621/435/992
f 1604/417/993 1605/418/1039 1623/437/1039 1622/436/993
f 1605/420/1039 1606/419/1040 1624/438/1040 1623/439/1039
f 1606/419/1040 1607/421/1046 1625/440/996 1624/438/1040
f 1607/421/1046 1608/422/997 1626/441/997 1625/440/996
f 1608/422/997 1609/423/998 1627/442/998 1626/441/997
f 1609/423/998 1610/424/999 1628/443/999 1627/442/998
f 1610/424/999 1611/425/1000 1629/444/1000 1628/443/999
f 1611/425/1000 1612/426/1001 1630/445/1001 1629/444/1000
f 1612/426/1001 1613/427/1047 1631/446/1002 1630/445/1001
f 1613/427/1047 1614/428/1042 1632/447/1042 1631/446/1002
f 1614/428/1042 1615/429/1043 1633/448/1043 1632/447/1042
f 1615/429/1043 1616/430/1005 1634/449/1005 1633/448/1043
f 1616/430/1005 1617/431/1006 1635/450/1006 1634/449/1005
f 1617/431/1006 1618/432/1007 1636/451/1007 1635/450/1006
f 1618/432/1007 1602/415/991 1620/434/991 1636/451/1007
f 1620/434/991 1619/433/990 1637/452/1048 1638/453/1009
f 1619/433/990 1621/435/992 1639/454/1010 1637/452/1048
f 1621/435/992 1622/436/993 1640/455/1049 1639/454/1010
f 1622/436/993 1623/437/1039 1641/456/1012 1640/455/1049
f 1623/439/1039 1624/438/1040 1642/457/1050 1641/458/1012
f 1624/438/1040 1625/440/996 1643/459/1014 1642/457/1050
f 1625/440/996 1626/441/997 1644/460/1015 1643/459/1014
f 1626/441/997 1627/442/998 1645/461/1016 1644/460/1015
f 1627/442/998 1628/443/999 1646/462/1017 1645/461/1016
f 1628/443/999 1629/444/1000 1647/463/1018 1646/462/1017
f 1629/444/1000 1630/445/1001 1648/464/1019 1647/463/1018
f 1630/445/1001 1631/446/1002 1649/465/1020 1648/464/1019
f 1631/446/1002 1632/447/1042 1650/466/1051 1649/465/1020
f 1632/447/1042 1633/448/1043 1651/467/1022 1650/466/1051
f 1633/448/1043 1634/449/1005 1652/468/1052 1651/467/1022
f 1634/449/1005 1635/450/1006 1653/469/1024 1652/468/1052
f 1635/450/1006 1636/451/1007 1654/470/1053 1653/469/1024
f 1636/451/1007 1620/434/991 1638/453/1009 1654/470/1053
f 1655/471/1026 1654/470/1053 1638/453/1009 1637/452/1048
f 1655/471/1026 1637/452/1048 1639/454/1010 1640/455/1049
f 1655/471/1026 1640/473/1049 1641/458/1012 1642/457/1050
f 1655/471/1026 1642/457/1050 1643/459/1014 1644/460/1015
f 1655/471/1026 1644/460/1015 1645/461/1016 1646/462/1017
f 1655/471/1026 1646/462/1017 1647/463/1018 1648/464/1019
f 1655/471/1026 1648/464/1019 1649/465/1020 1650/466/1051
f 1655/471/1026 1650/466/1051 1651/467/1022 1652/468/1052
f 1655/471/1026 1652/468/1052 1653/469/1024 1654/470/1053
o Cylinder009
v -0.481401 1.103488 -0.645338
v -0.453702 1.132935 -0.667254
v -0.448633 1.119156 -0.673541
v -0.447516 1.103488 -0.676426
v -0.472849 1.148603 -0.647827
v -0.462112 1.143161 -0.658324
v -0.495997 1.143161 -0.627236
v -0.484617 1.148603 -0.637031
v -0.512316 1.119156 -0.615115
v -0.505617 1.132935 -0.619625
v -0.514170 1.087820 -0.617135
v -0.515287 1.103488 -0.614250
v -0.500690 1.063815 -0.632351
v -0.509101 1.074042 -0.623421
v -0.478185 1.058374 -0.653644
v -0.489954 1.058374 -0.642848
v -0.457185 1.074042 -0.671051
v -0.466805 1.063815 -0.663439
v -0.450486 1.087820 -0.675561
v -0.382468 1.110594 -0.601421
v -0.381351 1.094926 -0.604305
v -0.387537 1.124372 -0.595134
v -0.395947 1.134599 -0.586204
v -0.406684 1.140040 -0.575708
v -0.418452 1.140040 -0.564910
v -0.429833 1.134599 -0.555116
v -0.439453 1.124372 -0.547505
v -0.446152 1.110594 -0.542995
v -0.449122 1.094926 -0.542130
v -0.448005 1.079257 -0.545016
v -0.442936 1.065479 -0.551302
v -0.434526 1.055253 -0.560232
v -0.423789 1.049811 -0.570728
v -0.412021 1.049811 -0.581525
v -0.400640 1.055253 -0.591320
v -0.391020 1.065479 -0.598931
v -0.384321 1.079257 -0.603441
v -0.316303 1.102031 -0.529300
v -0.315186 1.086363 -0.532186
v -0.321372 1.115809 -0.523014
v -0.329783 1.126036 -0.514084
v -0.340519 1.131477 -0.503588
v -0.352288 1.131477 -0.492792
v -0.363668 1.126036 -0.482997
v -0.373288 1.115809 -0.475385
v -0.379987 1.102031 -0.470875
v -0.382957 1.086363 -0.470010
v -0.381840 1.070695 -0.472896
v -0.376771 1.056917 -0.479183
v -0.368361 1.046690 -0.488112
v -0.357624 1.041248 -0.498608
v -0.345856 1.041248 -0.509405
v -0.334475 1.046690 -0.519199
v -0.324856 1.056916 -0.526811
v -0.318156 1.070695 -0.531321
v -0.250138 1.093468 -0.457182
v -0.249021 1.077800 -0.460066
v -0.255208 1.107247 -0.450895
v -0.263618 1.117473 -0.441965
v -0.274355 1.122915 -0.431469
v -0.286123 1.122915 -0.420672
v -0.297503 1.117473 -0.410877
v -0.307123 1.107247 -0.403266
v -0.313822 1.093468 -0.398756
v -0.316792 1.077800 -0.397892
v -0.315676 1.062132 -0.400775
v -0.310606 1.048354 -0.407062
v -0.302196 1.038127 -0.415992
v -0.291459 1.032686 -0.426488
v -0.279691 1.032686 -0.437286
v -0.268311 1.038127 -0.447080
v -0.258691 1.048354 -0.454691
v -0.251992 1.062132 -0.459201
v -0.183974 1.084906 -0.385062
v -0.182857 1.069237 -0.387947
v -0.189043 1.098684 -0.378775
v -0.197453 1.108911 -0.369845
v -0.208190 1.114352 -0.359349
v -0.219958 1.114352 -0.348552
v -0.231339 1.108911 -0.338757
v -0.240958 1.098684 -0.331146
v -0.247658 1.084906 -0.326636
v -0.250628 1.069237 -0.325771
v -0.249511 1.053569 -0.328656
v -0.244442 1.039791 -0.334941
v -0.236032 1.029564 -0.343873
v -0.225295 1.024123 -0.354370
v -0.213526 1.024123 -0.365165
v -0.202146 1.029564 -0.374960
v -0.192526 1.039791 -0.382572
v -0.185827 1.053569 -0.387082
v -0.117809 1.076343 -0.312942
v -0.116692 1.060675 -0.315826
v -0.122878 1.090121 -0.306655
v -0.131288 1.100348 -0.297725
v -0.142025 1.105789 -0.287229
v -0.153793 1.105789 -0.276433
v -0.165174 1.100348 -0.266637
v -0.174794 1.090121 -0.259026
v -0.181493 1.076343 -0.254516
v -0.184463 1.060675 -0.253651
v -0.183346 1.045007 -0.256537
v -0.178277 1.031228 -0.262824
v -0.169867 1.021002 -0.271753
v -0.159130 1.015560 -0.282249
v -0.147362 1.015560 -0.293046
v -0.135981 1.021002 -0.302841
v -0.126361 1.031228 -0.310452
v -0.119662 1.045007 -0.314962
v -0.150578 1.060675 -0.284739
vn -0.6735 0.0872 -0.7341
vn -0.0041 0.5337 -0.8456
vn 0.0777 0.3113 -0.9471
vn 0.0958 0.0584 -0.9937
vn -0.3132 0.7867 -0.5320
vn -0.1399 0.6988 -0.7015
vn -0.6869 0.6988 -0.1996
vn -0.5032 0.7867 -0.3578
vn -0.9503 0.3113 -0.0040
vn -0.8422 0.5337 -0.0768
vn -0.9802 -0.1945 -0.0366
vn -0.9982 0.0584 0.0100
vn -0.7626 -0.5820 -0.2822
vn -0.8984 -0.4169 -0.1381
vn -0.3993 -0.6699 -0.6259
vn -0.5893 -0.6699 -0.4517
vn -0.0603 -0.4170 -0.9069
vn -0.2156 -0.5820 -0.7841
vn 0.0478 -0.1945 -0.9797
vn 0.7126 0.3407 -0.6133
vn 0.7369 -0.0000 -0.6760
vn 0.6024 0.6403 -0.4766
vn 0.4195 0.8627 -0.2824
vn 0.1860 0.9811 -0.0541
vn -0.0699 0.9811 0.1806
vn -0.3174 0.8627 0.3936
vn -0.5266 0.6403 0.5592
vn -0.6723 0.3407 0.6572
vn -0.7369 -0.0000 0.6760
vn -0.7126 -0.3407 0.6133
vn -0.6024 -0.6403 0.4766
vn -0.4195 -0.8627 0.2824
vn -0.1860 -0.9811 0.0541
vn 0.0699 -0.9811 -0.1806
vn 0.3174 -0.8627 -0.3936
vn 0.5266 -0.6403 -0.5591
vn 0.6723 -0.3407 -0.6572
vn -0.1860 -0.9811 0.0542
vn 0.5266 -0.6404 -0.5591
vn 0.6023 0.6403 -0.4766
vn -0.5266 0.6403 0.5591
vn 0.5266 -0.6403 -0.5592
vn 0.9802 0.1945 0.0366
vn 0.9982 -0.0584 -0.0100
vn 0.8984 0.4169 0.1381
vn 0.7626 0.5820 0.2822
vn 0.5893 0.6699 0.4517
vn 0.3993 0.6699 0.6259
vn 0.2156 0.5820 0.7841
vn 0.0603 0.4169 0.9069
vn -0.0478 0.1945 0.9797
vn -0.0958 -0.0584 0.9937
vn -0.0777 -0.3113 0.9471
vn 0.0041 -0.5337 0.8456
vn 0.1399 -0.6988 0.7015
vn 0.3132 -0.7867 0.5320
vn 0.5032 -0.7867 0.3578
vn 0.6869 -0.6988 0.1997
vn 0.8422 -0.5337 0.0768
vn 0.9503 -0.3113 0.0040
vn 0.6735 -0.0872 0.7341
vt 0.500000 0.000000
vt 0.861111 0.000000
vt 0.805556 0.000000
vt 0.750000 0.000000
vt 0.972222 0.000000
vt 0.916667 0.000000
vt 0.083333 0.000000
vt 0.027778 0.000000
vt -0.027778 0.000000
vt 0.194444 0.000000
vt 0.138889 0.000000
vt 0.305556 0.000000
vt 0.250000 0.000000
vt 0.416667 0.000000
vt 0.361111 0.000000
vt 0.527778 0.000000
vt 0.472222 0.000000
vt 0.638889 0.000000
vt 0.583333 0.000000
vt 0.694444 0.000000
vt 0.805556 0.200000
vt 0.750000 0.200000
vt 0.861111 0.200000
vt 0.916667 0.200000
vt 0.972222 0.200000
vt 0.027778 0.200000
vt -0.027778 0.200000
vt 0.083333 0.200000
vt 0.138889 0.200000
vt 0.194444 0.200000
vt 0.250000 0.200000
vt 0.305556 0.200000
vt 0.361111 0.200000
vt 0.416667 0.200000
vt 0.472222 0.200000
vt 0.527778 0.200000
vt 0.583333 0.200000
vt 0.638889 0.200000
vt 0.694444 0.200000
vt 0.805556 0.400000
vt 0.750000 0.400000
vt 0.861111 0.400000
vt 0.916667 0.400000
vt 0.972222 0.400000
vt 0.027778 0.400000
vt -0.027778 0.400000
vt 0.083333 0.400000
vt 0.138889 0.400000
vt 0.194444 0.400000
vt 0.250000 0.400000
vt 0.305556 0.400000
vt 0.361111 0.400000
vt 0.416667 0.400000
vt 0.472222 0.400000
vt 0.527778 0.400000
vt 0.583333 0.400000
vt 0.638889 0.400000
vt 0.694444 0.400000
vt 0.805556 0.600000
vt 0.750000 0.600000
vt 0.861111 0.600000
vt 0.916667 0.600000
vt 0.972222 0.600000
vt 0.027778 0.600000
vt -0.027778 0.600000
vt 0.083333 0.600000
vt 0.138889 0.600000
vt 0.194444 0.600000
vt 0.250000 0.600000
vt 0.305556 0.600000
vt 0.361111 0.600000
vt 0.416667 0.600000
vt 0.472222 0.600000
vt 0.527778 0.600000
vt 0.583333 0.600000
vt 0.638889 0.600000
vt 0.694444 0.600000
vt 0.805556 0.800000
vt 0.750000 0.800000
vt 0.861111 0.800000
vt 0.916667 0.800000
vt 0.972222 0.800000
vt 0.027778 0.800000
vt -0.027778 0.800000
vt 0.083333 0.800000
vt 0.138889 0.800000
vt 0.194444 0.800000
vt 0.250000 0.800000
vt 0.305556 0.800000
vt 0.361111 0.800000
vt 0.416667 0.800000
vt 0.472222 0.800000
vt 0.527778 0.800000
vt 0.583333 0.800000
vt 0.638889 0.800000
vt 0.694444 0.800000
vt 0.805556 1.000000
vt 0.750000 1.000000
vt 0.861111 1.000000
vt 0.916667 1.000000
vt 0.972222 1.000000
vt 0.027778 1.000000
vt -0.027778 1.000000
vt 0.083333 1.000000
vt 0.138889 1.000000
vt 0.194444 1.000000
vt 0.250000 1.000000
vt 0.305556 1.000000
vt 0.361111 1.000000
vt 0.416667 1.000000
vt 0.472222 1.000000
vt 0.527778 1.000000
vt 0.583333 1.000000
vt 0.638889 1.000000
vt 0.694444 1.000000
vt 0.500000 1.000000
vt 0.970821 1.000000
s 1
usemtl wire_000000000
f 1656/474/1054 1657/475/1055 1658/476/1056 1659/477/1057
f 1656/474/1054 1660/478/1058 1661/479/1059 1657/475/1055
f 1656/474/1054 1662/480/1060 1663/481/1061 1660/482/1058
f 1656/474/1054 1664/483/1062 1665/484/1063 1662/480/1060
f 1656/474/1054 1666/485/1064 1667/486/1065 1664/483/1062
f 1656/474/1054 1668/487/1066 1669/488/1067 1666/485/1064
f 1656/474/1054 1670/489/1068 1671/490/1069 1668/487/1066
f 1656/474/1054 1672/491/1070 1673/492/1071 1670/489/1068
f 1656/474/1054 1659/477/1057 1674/493/1072 1672/491/1070
f 1659/477/1057 1658/476/1056 1675/494/1073 1676/495/1074
f 1658/476/1056 1657/475/1055 1677/496/1075 1675/494/1073
f 1657/475/1055 1661/479/1059 1678/497/1076 1677/496/1075
f 1661/479/1059 1660/478/1058 1679/498/1077 1678/497/1076
f 1660/482/1058 1663/481/1061 1680/499/1078 1679/500/1077
f 1663/481/1061 1662/480/1060 1681/501/1079 1680/499/1078
f 1662/480/1060 1665/484/1063 1682/502/1080 1681/501/1079
f 1665/484/1063 1664/483/1062 1683/503/1081 1682/502/1080
f 1664/483/1062 1667/486/1065 1684/504/1082 1683/503/1081
f 1667/486/1065 1666/485/1064 1685/505/1083 1684/504/1082
f 1666/485/1064 1669/488/1067 1686/506/1084 1685/505/1083
f 1669/488/1067 1668/487/1066 1687/507/1085 1686/506/1084
f 1668/487/1066 1671/490/1069 1688/508/1086 1687/507/1085
f 1671/490/1069 1670/489/1068 1689/509/1087 1688/508/1086
f 1670/489/1068 1673/492/1071 1690/510/1088 1689/509/1087
f 1673/492/1071 1672/491/1070 1691/511/1089 1690/510/1088
f 1672/491/1070 1674/493/1072 1692/512/1090 1691/511/1089
f 1674/493/1072 1659/477/1057 1676/495/1074 1692/512/1090
f 1676/495/1074 1675/494/1073 1693/513/1073 1694/514/1074
f 1675/494/1073 1677/496/1075 1695/515/1075 1693/513/1073
f 1677/496/1075 1678/497/1076 1696/516/1076 1695/515/1075
f 1678/497/1076 1679/498/1077 1697/517/1077 1696/516/1076
f 1679/500/1077 1680/499/1078 1698/518/1078 1697/519/1077
f 1680/499/1078 1681/501/1079 1699/520/1079 1698/518/1078
f 1681/501/1079 1682/502/1080 1700/521/1080 1699/520/1079
f 1682/502/1080 1683/503/1081 1701/522/1081 1700/521/1080
f 1683/503/1081 1684/504/1082 1702/523/1082 1701/522/1081
f 1684/504/1082 1685/505/1083 1703/524/1083 1702/523/1082
f 1685/505/1083 1686/506/1084 1704/525/1084 1703/524/1083
f 1686/506/1084 1687/507/1085 1705/526/1085 1704/525/1084
f 1687/507/1085 1688/508/1086 1706/527/1091 1705/526/1085
f 1688/508/1086 1689/509/1087 1707/528/1087 1706/527/1091
f 1689/509/1087 1690/510/1088 1708/529/1088 1707/528/1087
f 1690/510/1088 1691/511/1089 1709/530/1092 1708/529/1088
f 1691/511/1089 1692/512/1090 1710/531/1090 1709/530/1092
f 1692/512/1090 1676/495/1074 1694/514/1074 1710/531/1090
f 1694/514/1074 1693/513/1073 1711/532/1073 1712/533/1074
f 1693/513/1073 1695/515/1075 1713/534/1093 1711/532/1073
f 1695/515/1075 1696/516/1076 1714/535/1076 1713/534/1093
f 1696/516/1076 1697/517/1077 1715/536/1077 1714/535/1076
f 1697/519/1077 1698/518/1078 1716/537/1078 1715/538/1077
f 1698/518/1078 1699/520/1079 1717/539/1079 1716/537/1078
f 1699/520/1079 1700/521/1080 1718/540/1094 1717/539/1079
f 1700/521/1080 1701/522/1081 1719/541/1081 1718/540/1094
f 1701/522/1081 1702/523/1082 1720/542/1082 1719/541/1081
f 1702/523/1082 1703/524/1083 1721/543/1083 1720/542/1082
f 1703/524/1083 1704/525/1084 1722/544/1084 1721/543/1083
f 1704/525/1084 1705/526/1085 1723/545/1085 1722/544/1084
f 1705/526/1085 1706/527/1091 1724/546/1086 1723/545/1085
f 1706/527/1091 1707/528/1087 1725/547/1087 1724/546/1086
f 1707/528/1087 1708/529/1088 1726/548/1088 1725/547/1087
f 1708/529/1088 1709/530/1092 1727/549/1095 1726/548/1088
f 1709/530/1092 1710/531/1090 1728/550/1090 1727/549/1095
f 1710/531/1090 1694/514/1074 1712/533/1074 1728/550/1090
f 1712/533/1074 1711/532/1073 1729/551/1073 1730/552/1074
f 1711/532/1073 1713/534/1093 1731/553/1075 1729/551/1073
f 1713/534/1093 1714/535/1076 1732/554/1076 1731/553/1075
f 1714/535/1076 1715/536/1077 1733/555/1077 1732/554/1076
f 1715/538/1077 1716/537/1078 1734/556/1078 1733/557/1077
f 1716/537/1078 1717/539/1079 1735/558/1079 1734/556/1078
f 1717/539/1079 1718/540/1094 1736/559/1094 1735/558/1079
f 1718/540/1094 1719/541/1081 1737/560/1081 1736/559/1094
f 1719/541/1081 1720/542/1082 1738/561/1082 1737/560/1081
f 1720/542/1082 1721/543/1083 1739/562/1083 1738/561/1082
f 1721/543/1083 1722/544/1084 1740/563/1084 1739/562/1083
f 1722/544/1084 1723/545/1085 1741/564/1085 1740/563/1084
f 1723/545/1085 1724/546/1086 1742/565/1086 1741/564/1085
f 1724/546/1086 1725/547/1087 1743/566/1087 1742/565/1086
f 1725/547/1087 1726/548/1088 1744/567/1088 1743/566/1087
f 1726/548/1088 1727/549/1095 1745/568/1095 1744/567/1088
f 1727/549/1095 1728/550/1090 1746/569/1090 1745/568/1095
f 1728/550/1090 1712/533/1074 1730/552/1074 1746/569/1090
f 1730/552/1074 1729/551/1073 1747/570/1096 1748/571/1097
f 1729/551/1073 1731/553/1075 1749/572/1098 1747/570/1096
f 1731/553/1075 1732/554/1076 1750/573/1099 1749/572/1098
f 1732/554/1076 1733/555/1077 1751/574/1100 1750/573/1099
f 1733/557/1077 1734/556/1078 1752/575/1101 1751/576/1100
f 1734/556/1078 1735/558/1079 1753/577/1102 1752/575/1101
f 1735/558/1079 1736/559/1094 1754/578/1103 1753/577/1102
f 1736/559/1094 1737/560/1081 1755/579/1104 1754/578/1103
f 1737/560/1081 1738/561/1082 1756/580/1105 1755/579/1104
f 1738/561/1082 1739/562/1083 1757/581/1106 1756/580/1105
f 1739/562/1083 1740/563/1084 1758/582/1107 1757/581/1106
f 1740/563/1084 1741/564/1085 1759/583/1108 1758/582/1107
f 1741/564/1085 1742/565/1086 1760/584/1109 1759/583/1108
f 1742/565/1086 1743/566/1087 1761/585/1110 1760/584/1109
f 1743/566/1087 1744/567/1088 1762/586/1111 1761/585/1110
f 1744/567/1088 1745/568/1095 1763/587/1112 1762/586/1111
f 1745/568/1095 1746/569/1090 1764/588/1113 1763/587/1112
f 1746/569/1090 1730/552/1074 1748/571/1097 1764/588/1113
f 1765/589/1114 1764/588/1113 1748/571/1097 1747/570/1096
f 1765/589/1114 1747/570/1096 1749/572/1098 1750/573/1099
f 1765/589/1114 1750/573/1099 1751/574/1100 1752/590/1101
f 1765/589/1114 1752/575/1101 1753/577/1102 1754/578/1103
f 1765/589/1114 1754/578/1103 1755/579/1104 1756/580/1105
f 1765/589/1114 1756/580/1105 1757/581/1106 1758/582/1107
f 1765/589/1114 1758/582/1107 1759/583/1108 1760/584/1109
f 1765/589/1114 1760/584/1109 1761/585/1110 1762/586/1111
f 1765/589/1114 1762/586/1111 1763/587/1112 1764/588/1113
o Cylinder010
v -0.047776 0.168141 -0.050220
v -0.056785 0.179323 -0.060039
v -0.058827 0.174091 -0.062266
v -0.059536 0.168141 -0.063038
v -0.049818 0.185273 -0.052446
v -0.053656 0.183206 -0.056630
v -0.041896 0.183206 -0.043811
v -0.045734 0.185273 -0.047995
v -0.036725 0.174091 -0.038175
v -0.038768 0.179323 -0.040401
v -0.036725 0.162192 -0.038175
v -0.036016 0.168141 -0.037403
v -0.041896 0.153077 -0.043811
v -0.038768 0.156960 -0.040401
v -0.049818 0.151010 -0.052446
v -0.045734 0.151010 -0.047995
v -0.056785 0.156960 -0.060039
v -0.053656 0.153077 -0.056630
v -0.058827 0.162192 -0.062266
v -0.035247 0.174091 -0.083899
v -0.035956 0.168141 -0.084672
v -0.033205 0.179323 -0.081672
v -0.030076 0.183206 -0.078262
v -0.026238 0.185273 -0.074079
v -0.022154 0.185273 -0.069627
v -0.018316 0.183206 -0.065445
v -0.015188 0.179323 -0.062034
v -0.013145 0.174091 -0.059808
v -0.012436 0.168141 -0.059036
v -0.013145 0.162192 -0.059808
v -0.015188 0.156960 -0.062034
v -0.018316 0.153077 -0.065445
v -0.022154 0.151010 -0.069627
v -0.026238 0.151010 -0.074079
v -0.030076 0.153077 -0.078262
v -0.033205 0.156960 -0.081672
v -0.035247 0.162192 -0.083899
v -0.011667 0.174091 -0.105531
v -0.012376 0.168141 -0.106305
v -0.009625 0.179323 -0.103305
v -0.006496 0.183206 -0.099895
v -0.002658 0.185273 -0.095712
v 0.001426 0.185273 -0.091261
v 0.005264 0.183206 -0.087078
v 0.008392 0.179323 -0.083667
v 0.010435 0.174091 -0.081442
v 0.011144 0.168141 -0.080668
v 0.010435 0.162192 -0.081442
v 0.008392 0.156960 -0.083667
v 0.005264 0.153077 -0.087078
v 0.001426 0.151010 -0.091261
v -0.002658 0.151010 -0.095712
v -0.006496 0.153077 -0.099895
v -0.009625 0.156960 -0.103305
v -0.011667 0.162192 -0.105531
v 0.011913 0.174091 -0.127165
v 0.011204 0.168141 -0.127937
v 0.013955 0.179323 -0.124939
v 0.017084 0.183206 -0.121528
v 0.020922 0.185273 -0.117345
v 0.025006 0.185273 -0.112894
v 0.028844 0.183206 -0.108711
v 0.031972 0.179323 -0.105301
v 0.034015 0.174091 -0.103074
v 0.034724 0.168141 -0.102301
v 0.034015 0.162192 -0.103074
v 0.031972 0.156960 -0.105301
v 0.028844 0.153077 -0.108711
v 0.025006 0.151010 -0.112894
v 0.020922 0.151010 -0.117345
v 0.017084 0.153077 -0.121528
v 0.013955 0.156960 -0.124939
v 0.011913 0.162192 -0.127165
v 0.035493 0.174091 -0.148798
v 0.034784 0.168141 -0.149570
v 0.037535 0.179323 -0.146572
v 0.040664 0.183206 -0.143161
v 0.044502 0.185273 -0.138979
v 0.048586 0.185273 -0.134527
v 0.052424 0.183206 -0.130343
v 0.055552 0.179323 -0.126934
v 0.057594 0.174091 -0.124707
v 0.058304 0.168141 -0.123934
v 0.057594 0.162192 -0.124707
v 0.055552 0.156960 -0.126934
v 0.052424 0.153077 -0.130343
v 0.048586 0.151010 -0.134527
v 0.044502 0.151010 -0.138979
v 0.040664 0.153077 -0.143161
v 0.037535 0.156960 -0.146572
v 0.035493 0.162192 -0.148798
v 0.059073 0.174091 -0.170431
v 0.058364 0.168141 -0.171203
v 0.061115 0.179323 -0.168205
v 0.064244 0.183206 -0.164795
v 0.068082 0.185273 -0.160611
v 0.072166 0.185273 -0.156159
v 0.076004 0.183206 -0.151976
v 0.079132 0.179323 -0.148566
v 0.081174 0.174091 -0.146340
v 0.081884 0.168141 -0.145568
v 0.081174 0.162192 -0.146340
v 0.079132 0.156960 -0.148566
v 0.076004 0.153077 -0.151976
v 0.072166 0.151010 -0.156159
v 0.068082 0.151010 -0.160611
v 0.064244 0.153077 -0.164795
v 0.061115 0.156960 -0.168205
v 0.059073 0.162192 -0.170431
v 0.070124 0.168141 -0.158386
v -0.539160 1.060975 -0.585830
v -0.548169 1.072156 -0.595649
v -0.550211 1.066924 -0.597875
v -0.550920 1.060975 -0.598649
v -0.541202 1.078106 -0.588056
v -0.545040 1.076039 -0.592239
v -0.533280 1.076039 -0.579422
v -0.537118 1.078106 -0.583604
v -0.528109 1.066924 -0.573784
v -0.530152 1.072156 -0.576011
v -0.528109 1.055025 -0.573784
v -0.527400 1.060975 -0.573012
v -0.533280 1.045910 -0.579422
v -0.530152 1.049793 -0.576011
v -0.541202 1.043843 -0.588056
v -0.537118 1.043843 -0.583604
v -0.548169 1.049793 -0.595649
v -0.545040 1.045910 -0.592239
v -0.550211 1.055025 -0.597875
v -0.526631 1.066924 -0.619508
v -0.527340 1.060975 -0.620281
v -0.524589 1.072156 -0.617283
v -0.521460 1.076039 -0.613872
v -0.517622 1.078106 -0.609689
v -0.513538 1.078106 -0.605238
v -0.509700 1.076039 -0.601055
v -0.506572 1.072156 -0.597644
v -0.504529 1.066924 -0.595418
v -0.503820 1.060975 -0.594645
v -0.504529 1.055025 -0.595418
v -0.506572 1.049793 -0.597644
v -0.509700 1.045910 -0.601055
v -0.513538 1.043843 -0.605238
v -0.517622 1.043843 -0.609689
v -0.521460 1.045910 -0.613872
v -0.524589 1.049793 -0.617283
v -0.526631 1.055025 -0.619508
v -0.503051 1.066924 -0.641142
v -0.503760 1.060975 -0.641914
v -0.501009 1.072156 -0.638916
v -0.497880 1.076039 -0.635505
v -0.494042 1.078106 -0.631322
v -0.489958 1.078106 -0.626870
v -0.486120 1.076039 -0.622687
v -0.482992 1.072156 -0.619278
v -0.480950 1.066924 -0.617051
v -0.480240 1.060975 -0.616278
v -0.480950 1.055025 -0.617051
v -0.482992 1.049793 -0.619278
v -0.486120 1.045910 -0.622687
v -0.489958 1.043843 -0.626870
v -0.494042 1.043843 -0.631322
v -0.497880 1.045910 -0.635505
v -0.501009 1.049793 -0.638916
v -0.503051 1.055025 -0.641142
v -0.479471 1.066924 -0.662775
v -0.480180 1.060975 -0.663547
v -0.477429 1.072156 -0.660549
v -0.474300 1.076039 -0.657138
v -0.470462 1.078106 -0.652955
v -0.466378 1.078106 -0.648503
v -0.462540 1.076039 -0.644320
v -0.459412 1.072156 -0.640910
v -0.457370 1.066924 -0.638684
v -0.456660 1.060975 -0.637911
v -0.457370 1.055025 -0.638684
v -0.459412 1.049793 -0.640910
v -0.462540 1.045910 -0.644320
v -0.466378 1.043843 -0.648503
v -0.470462 1.043843 -0.652955
v -0.474300 1.045910 -0.657138
v -0.477429 1.049793 -0.660549
v -0.479471 1.055025 -0.662775
v -0.455891 1.066924 -0.684407
v -0.456600 1.060975 -0.685180
v -0.453849 1.072156 -0.682182
v -0.450720 1.076039 -0.678772
v -0.446882 1.078106 -0.674588
v -0.442798 1.078106 -0.670136
v -0.438960 1.076039 -0.665953
v -0.435832 1.072156 -0.662543
v -0.433790 1.066924 -0.660317
v -0.433080 1.060975 -0.659544
v -0.433790 1.055025 -0.660317
v -0.435832 1.049793 -0.662543
v -0.438960 1.045910 -0.665953
v -0.442798 1.043843 -0.670136
v -0.446882 1.043843 -0.674588
v -0.450720 1.045910 -0.678772
v -0.453849 1.049793 -0.682182
v -0.455891 1.055025 -0.684407
v -0.432311 1.066924 -0.706040
v -0.433020 1.060975 -0.706813
v -0.430269 1.072156 -0.703815
v -0.427140 1.076039 -0.700405
v -0.423302 1.078106 -0.696221
v -0.419218 1.078106 -0.691769
v -0.415380 1.076039 -0.687586
v -0.412252 1.072156 -0.684176
v -0.410210 1.066924 -0.681949
v -0.409500 1.060975 -0.681177
v -0.410210 1.055025 -0.681949
v -0.412252 1.049793 -0.684176
v -0.415380 1.045910 -0.687586
v -0.419218 1.043843 -0.691769
v -0.423302 1.043843 -0.696221
v -0.427140 1.045910 -0.700405
v -0.430269 1.049793 -0.703815
v -0.432311 1.055025 -0.706040
v -0.421260 1.060975 -0.693995
v 0.062905 0.164686 -0.144910
v 0.056347 0.161047 -0.144928
v 0.057328 0.160222 -0.147195
v 0.058981 0.159936 -0.149188
v 0.056781 0.163861 -0.140660
v 0.056157 0.162311 -0.142658
v 0.060081 0.167061 -0.138382
v 0.058144 0.165511 -0.139175
v 0.064702 0.169150 -0.139157
v 0.062358 0.168325 -0.138375
v 0.068482 0.169150 -0.142625
v 0.066829 0.169436 -0.140633
v 0.069653 0.167061 -0.147163
v 0.069463 0.168325 -0.144893
v 0.067666 0.163861 -0.150646
v 0.069029 0.165511 -0.149161
v 0.063452 0.161047 -0.151446
v 0.065729 0.162311 -0.151439
v 0.061108 0.160222 -0.150663
v -0.041153 0.338208 -0.254539
v -0.039499 0.337921 -0.256530
v -0.042134 0.339033 -0.252271
v -0.042323 0.340297 -0.250002
v -0.041699 0.341847 -0.248004
v -0.040337 0.343497 -0.246519
v -0.038400 0.345047 -0.245725
v -0.036122 0.346311 -0.245720
v -0.033779 0.347135 -0.246502
v -0.031652 0.347422 -0.247978
v -0.029998 0.347135 -0.249969
v -0.029017 0.346311 -0.252237
v -0.028828 0.345047 -0.254507
v -0.029452 0.343497 -0.256505
v -0.030814 0.341847 -0.257990
v -0.032751 0.340297 -0.258784
v -0.035029 0.339033 -0.258790
v -0.037372 0.338208 -0.258007
v -0.139633 0.516193 -0.361883
v -0.137979 0.515907 -0.363875
v -0.140614 0.517018 -0.359615
v -0.140804 0.518282 -0.357345
v -0.140180 0.519832 -0.355347
v -0.138817 0.521482 -0.353862
v -0.136880 0.523032 -0.353069
v -0.134603 0.524296 -0.353063
v -0.132259 0.525121 -0.353845
v -0.130132 0.525408 -0.355322
v -0.128479 0.525121 -0.357314
v -0.127498 0.524296 -0.359581
v -0.127308 0.523032 -0.361850
v -0.127932 0.521482 -0.363849
v -0.129295 0.519832 -0.365334
v -0.131232 0.518282 -0.366128
v -0.133509 0.517018 -0.366133
v -0.135853 0.516193 -0.365351
v -0.238114 0.694179 -0.469226
v -0.236460 0.693893 -0.471219
v -0.239094 0.695004 -0.466960
v -0.239284 0.696268 -0.464690
v -0.238660 0.697818 -0.462692
v -0.237298 0.699468 -0.461206
v -0.235361 0.701018 -0.460413
v -0.233083 0.702282 -0.460407
v -0.230740 0.703107 -0.461189
v -0.228613 0.703393 -0.462665
v -0.226959 0.703107 -0.464657
v -0.225978 0.702282 -0.466925
v -0.225788 0.701018 -0.469195
v -0.226412 0.699468 -0.471192
v -0.227775 0.697818 -0.472678
v -0.229712 0.696268 -0.473471
v -0.231990 0.695004 -0.473477
v -0.234333 0.694179 -0.472695
v -0.336594 0.872165 -0.576570
v -0.334940 0.871878 -0.578562
v -0.337575 0.872990 -0.574302
v -0.337765 0.874254 -0.572033
v -0.337141 0.875804 -0.570036
v -0.335778 0.877454 -0.568550
v -0.333841 0.879004 -0.567756
v -0.331563 0.880268 -0.567751
v -0.329220 0.881092 -0.568533
v -0.327093 0.881379 -0.570009
v -0.325440 0.881092 -0.572001
v -0.324459 0.880268 -0.574268
v -0.324269 0.879004 -0.576538
v -0.324893 0.877454 -0.578537
v -0.326255 0.875804 -0.580022
v -0.328192 0.874254 -0.580815
v -0.330470 0.872990 -0.580822
v -0.332814 0.872165 -0.580039
v -0.435074 1.050151 -0.683914
v -0.433421 1.049864 -0.685906
v -0.436055 1.050976 -0.681647
v -0.436245 1.052239 -0.679377
v -0.435621 1.053790 -0.677379
v -0.434258 1.055439 -0.675893
v -0.432322 1.056990 -0.675100
v -0.430044 1.058253 -0.675094
v -0.427700 1.059078 -0.675876
v -0.425574 1.059365 -0.677353
v -0.423920 1.059078 -0.679345
v -0.422939 1.058253 -0.681613
v -0.422749 1.056990 -0.683882
v -0.423373 1.055439 -0.685880
v -0.424736 1.053790 -0.687366
v -0.426673 1.052239 -0.688160
v -0.428950 1.050976 -0.688164
v -0.431294 1.050151 -0.687382
v -0.429497 1.054614 -0.681630
v -0.037799 0.164686 -0.052521
v -0.044357 0.161047 -0.052539
v -0.043376 0.160222 -0.054806
v -0.041723 0.159936 -0.056799
v -0.043923 0.163861 -0.048271
v -0.044547 0.162311 -0.050270
v -0.040623 0.167061 -0.045993
v -0.042560 0.165511 -0.046786
v -0.036002 0.169150 -0.046769
v -0.038346 0.168325 -0.045986
v -0.032222 0.169150 -0.050236
v -0.033876 0.169436 -0.048244
v -0.031051 0.167061 -0.054775
v -0.031241 0.168325 -0.052505
v -0.033038 0.163861 -0.058258
v -0.031675 0.165511 -0.056772
v -0.037252 0.161047 -0.059057
v -0.034975 0.162311 -0.059051
v -0.039596 0.160222 -0.058275
v -0.141857 0.338208 -0.162150
v -0.140203 0.337921 -0.164142
v -0.142838 0.339033 -0.159882
v -0.143027 0.340297 -0.157612
v -0.142403 0.341847 -0.155615
v -0.141041 0.343497 -0.154130
v -0.139104 0.345047 -0.153336
v -0.136826 0.346311 -0.153330
v -0.134483 0.347135 -0.154112
v -0.132356 0.347422 -0.155589
v -0.130702 0.347135 -0.157581
v -0.129721 0.346311 -0.159848
v -0.129532 0.345047 -0.162118
v -0.130156 0.343497 -0.164116
v -0.131518 0.341847 -0.165601
v -0.133455 0.340297 -0.166395
v -0.135733 0.339033 -0.166401
v -0.138076 0.338208 -0.165619
v -0.240337 0.516194 -0.269494
v -0.238684 0.515907 -0.271486
v -0.241318 0.517018 -0.267227
v -0.241508 0.518282 -0.264957
v -0.240884 0.519832 -0.262958
v -0.239521 0.521482 -0.261473
v -0.237584 0.523032 -0.260680
v -0.235307 0.524296 -0.260674
v -0.232963 0.525121 -0.261456
v -0.230836 0.525408 -0.262932
v -0.229183 0.525121 -0.264925
v -0.228202 0.524296 -0.267193
v -0.228012 0.523032 -0.269462
v -0.228636 0.521482 -0.271460
v -0.229999 0.519832 -0.272945
v -0.231936 0.518282 -0.273739
v -0.234213 0.517018 -0.273744
v -0.236557 0.516194 -0.272962
v -0.338818 0.694179 -0.376838
v -0.337164 0.693893 -0.378830
v -0.339798 0.695004 -0.374571
v -0.339988 0.696268 -0.372301
v -0.339364 0.697818 -0.370303
v -0.338002 0.699468 -0.368817
v -0.336065 0.701018 -0.368024
v -0.333787 0.702282 -0.368018
v -0.331444 0.703107 -0.368801
v -0.329317 0.703393 -0.370277
v -0.327663 0.703107 -0.372268
v -0.326682 0.702282 -0.374536
v -0.326492 0.701018 -0.376806
v -0.327116 0.699468 -0.378803
v -0.328479 0.697818 -0.380289
v -0.330416 0.696268 -0.381082
v -0.332694 0.695004 -0.381088
v -0.335037 0.694179 -0.380306
v -0.437298 0.872165 -0.484182
v -0.435644 0.871878 -0.486174
v -0.438279 0.872990 -0.481914
v -0.438469 0.874254 -0.479644
v -0.437845 0.875804 -0.477646
v -0.436482 0.877454 -0.476162
v -0.434545 0.879004 -0.475368
v -0.432267 0.880268 -0.475361
v -0.429924 0.881092 -0.476143
v -0.427797 0.881379 -0.477620
v -0.426144 0.881092 -0.479612
v -0.425163 0.880268 -0.481880
v -0.424973 0.879004 -0.484150
v -0.425597 0.877454 -0.486148
v -0.426959 0.875804 -0.487632
v -0.428896 0.874254 -0.488426
v -0.431174 0.872990 -0.488433
v -0.433518 0.872165 -0.487650
v -0.535778 1.050151 -0.591526
v -0.534125 1.049864 -0.593517
v -0.536759 1.050976 -0.589258
v -0.536949 1.052239 -0.586988
v -0.536325 1.053789 -0.584990
v -0.534962 1.055439 -0.583505
v -0.533026 1.056990 -0.582712
v -0.530748 1.058253 -0.582706
v -0.528404 1.059078 -0.583488
v -0.526278 1.059365 -0.584964
v -0.524624 1.059078 -0.586956
v -0.523643 1.058253 -0.589224
v -0.523453 1.056990 -0.591493
v -0.524077 1.055439 -0.593491
v -0.525440 1.053789 -0.594977
v -0.527377 1.052239 -0.595770
v -0.529654 1.050976 -0.595776
v -0.531998 1.050151 -0.594993
v -0.530201 1.054614 -0.589241
vn -0.7369 -0.0000 0.6760
vn -0.8781 0.4772 0.0340
vn -0.9653 0.2539 -0.0611
vn -0.9956 -0.0000 -0.0939
vn -0.5809 0.7311 0.3580
vn -0.7446 0.6429 0.1794
vn -0.2428 0.6429 0.7265
vn -0.4065 0.7311 0.5480
vn -0.0221 0.2539 0.9670
vn -0.1094 0.4772 0.8720
vn -0.0221 -0.2539 0.9670
vn 0.0081 -0.0000 1.0000
vn -0.2428 -0.6429 0.7265
vn -0.1094 -0.4772 0.8720
vn -0.5809 -0.7311 0.3580
vn -0.4065 -0.7311 0.5480
vn -0.8781 -0.4772 0.0340
vn -0.7446 -0.6429 0.1794
vn -0.9653 -0.2539 -0.0611
vn -0.6353 0.3420 -0.6924
vn -0.6760 -0.0000 -0.7369
vn -0.5178 0.6428 -0.5645
vn -0.3380 0.8660 -0.3685
vn -0.1174 0.9848 -0.1280
vn 0.1174 0.9848 0.1280
vn 0.3380 0.8660 0.3685
vn 0.5179 0.6428 0.5645
vn 0.6353 0.3420 0.6924
vn 0.6760 -0.0000 0.7369
vn 0.6353 -0.3420 0.6924
vn 0.5179 -0.6428 0.5645
vn 0.3380 -0.8660 0.3685
vn 0.1174 -0.9848 0.1280
vn -0.1174 -0.9848 -0.1280
vn -0.3380 -0.8660 -0.3685
vn -0.5178 -0.6428 -0.5645
vn -0.6353 -0.3420 -0.6924
vn -0.5178 0.6428 -0.5644
vn 0.5178 0.6428 0.5644
vn 0.6352 0.3421 0.6924
vn 0.6352 -0.3421 0.6924
vn 0.5178 -0.6428 0.5645
vn 0.3381 -0.8660 0.3685
vn -0.5178 -0.6428 -0.5644
vn 0.6353 0.3421 0.6924
vn 0.5178 -0.6428 0.5644
vn -0.5179 0.6428 -0.5645
vn -0.3380 0.8660 -0.3684
vn 0.3381 0.8660 0.3685
vn 0.6353 -0.3421 0.6924
vn -0.3380 -0.8660 -0.3684
vn -0.5179 -0.6428 -0.5645
vn 0.0221 0.2539 -0.9670
vn -0.0081 -0.0000 -1.0000
vn 0.1093 0.4772 -0.8720
vn 0.2428 0.6429 -0.7265
vn 0.4066 0.7311 -0.5480
vn 0.5809 0.7311 -0.3579
vn 0.7447 0.6428 -0.1795
vn 0.8781 0.4772 -0.0339
vn 0.9653 0.2540 0.0611
vn 0.9956 -0.0000 0.0940
vn 0.9653 -0.2540 0.0611
vn 0.8781 -0.4772 -0.0339
vn 0.7447 -0.6428 -0.1795
vn 0.5809 -0.7311 -0.3579
vn 0.4066 -0.7311 -0.5480
vn 0.2428 -0.6429 -0.7265
vn 0.1093 -0.4772 -0.8720
vn 0.0221 -0.2539 -0.9670
vn 0.7369 -0.0000 -0.6760
vn -0.8782 0.4772 0.0340
vn -0.9653 0.2539 -0.0610
vn -0.9956 -0.0000 -0.0941
vn -0.5809 0.7311 0.3579
vn -0.7447 0.6429 0.1795
vn -0.4065 0.7310 0.5480
vn -0.0221 0.2540 0.9670
vn -0.1094 0.4773 0.8719
vn -0.0221 -0.2540 0.9670
vn -0.1094 -0.4773 0.8719
vn -0.5809 -0.7311 0.3579
vn -0.4065 -0.7310 0.5480
vn -0.8782 -0.4772 0.0340
vn -0.7447 -0.6429 0.1795
vn -0.9653 -0.2538 -0.0610
vn 0.5178 0.6429 0.5644
vn 0.5178 -0.6429 0.5644
vn 0.1093 0.4771 -0.8720
vn 0.2428 0.6428 -0.7265
vn 0.8782 0.4772 -0.0340
vn 0.8782 -0.4772 -0.0340
vn 0.2428 -0.6428 -0.7265
vn 0.1093 -0.4771 -0.8720
vn 0.0221 -0.2538 -0.9670
vn 0.4282 -0.7739 0.4667
vn -0.3622 -0.8787 0.3110
vn -0.2650 -0.9604 0.0865
vn -0.1015 -0.9887 -0.1107
vn -0.3192 -0.6001 0.7334
vn -0.3810 -0.7536 0.5357
vn 0.0073 -0.2835 0.9589
vn -0.1843 -0.4368 0.8805
vn 0.4647 -0.0767 0.8821
vn 0.2327 -0.1583 0.9596
vn 0.8389 -0.0767 0.5389
vn 0.6752 -0.0484 0.7360
vn 0.9548 -0.2834 0.0897
vn 0.9360 -0.1583 0.3144
vn 0.7582 -0.6002 -0.2550
vn 0.8930 -0.4368 -0.1080
vn 0.3409 -0.8787 -0.3342
vn 0.5665 -0.7536 -0.3335
vn 0.1090 -0.9604 -0.2565
vn -0.7436 -0.5952 -0.3047
vn -0.5231 -0.6334 -0.5703
vn -0.8744 -0.4852 -0.0022
vn -0.8997 -0.3166 0.3004
vn -0.8165 -0.1100 0.5668
vn -0.6348 0.1100 0.7648
vn -0.3766 0.3167 0.8706
vn -0.0729 0.4852 0.8714
vn 0.2395 0.5952 0.7671
vn 0.5231 0.6334 0.5702
vn 0.7436 0.5952 0.3047
vn 0.8744 0.4852 0.0023
vn 0.8997 0.3167 -0.3004
vn 0.8165 0.1100 -0.5667
vn 0.6349 -0.1100 -0.7648
vn 0.3766 -0.3166 -0.8706
vn 0.0729 -0.4852 -0.8714
vn -0.2396 -0.5952 -0.7670
vn -0.5231 -0.6334 -0.5702
vn -0.8997 -0.3167 0.3004
vn -0.8165 -0.1100 0.5667
vn -0.3765 0.3167 0.8706
vn 0.7436 0.5952 0.3046
vn 0.8997 0.3167 -0.3003
vn 0.6348 -0.1100 -0.7648
vn 0.3766 -0.3167 -0.8706
vn -0.7436 -0.5952 -0.3046
vn -0.5232 -0.6334 -0.5702
vn -0.8997 -0.3167 0.3003
vn -0.6349 0.1100 0.7648
vn 0.5232 0.6334 0.5702
vn 0.3765 -0.3167 -0.8706
vn -0.7437 -0.5952 -0.3046
vn -0.8744 -0.4852 -0.0023
vn -0.6349 0.1099 0.7647
vn -0.0728 0.4852 0.8714
vn 0.2396 0.5952 0.7671
vn 0.8744 0.4852 0.0024
vn 0.8166 0.1101 -0.5667
vn -0.2396 -0.5952 -0.7671
vn -0.8389 0.0768 -0.5388
vn -0.6753 0.0483 -0.7360
vn -0.9359 0.1584 -0.3145
vn -0.9548 0.2834 -0.0897
vn -0.8930 0.4370 0.1079
vn -0.7582 0.6001 0.2550
vn -0.5665 0.7536 0.3335
vn -0.3410 0.8787 0.3341
vn -0.1091 0.9603 0.2568
vn 0.1014 0.9887 0.1105
vn 0.2652 0.9603 -0.0863
vn 0.3622 0.8787 -0.3110
vn 0.3809 0.7536 -0.5356
vn 0.3193 0.6002 -0.7333
vn 0.1843 0.4370 -0.8804
vn -0.0074 0.2833 -0.9590
vn -0.2329 0.1584 -0.9595
vn -0.4647 0.0767 -0.8821
vn -0.4282 0.7739 -0.4667
vn -0.3622 -0.8787 0.3111
vn -0.2654 -0.9603 0.0865
vn -0.1015 -0.9887 -0.1106
vn -0.3193 -0.6001 0.7334
vn -0.3811 -0.7535 0.5357
vn 0.0074 -0.2835 0.9589
vn 0.8389 -0.0766 0.5389
vn 0.6752 -0.0484 0.7361
vn 0.9548 -0.2834 0.0896
vn 0.9360 -0.1583 0.3143
vn 0.7582 -0.6001 -0.2550
vn 0.8930 -0.4369 -0.1079
vn 0.3410 -0.8787 -0.3341
vn 0.5664 -0.7536 -0.3336
vn 0.1090 -0.9603 -0.2567
vn 0.8744 0.4852 0.0022
vn 0.8997 0.3166 -0.3004
vn 0.6349 -0.1099 -0.7647
vn -0.2395 -0.5952 -0.7671
vn 0.8165 0.1100 -0.5668
vn 0.0728 -0.4852 -0.8714
vn 0.2396 0.5952 0.7670
vn -0.3767 0.3166 0.8706
vn -0.0730 0.4852 0.8714
vn -0.6752 0.0483 -0.7361
vn -0.9360 0.1585 -0.3144
vn -0.9548 0.2834 -0.0898
vn -0.8930 0.4369 0.1081
vn -0.7583 0.5998 0.2552
vn -0.5666 0.7535 0.3334
vn -0.3411 0.8786 0.3341
vn -0.1090 0.9603 0.2568
vn 0.1014 0.9887 0.1104
vn 0.2652 0.9603 -0.0866
vn 0.3622 0.8787 -0.3111
vn 0.3809 0.7536 -0.5357
vn 0.3192 0.6001 -0.7334
vn 0.1843 0.4368 -0.8805
vn -0.0073 0.2835 -0.9590
vn -0.2327 0.1584 -0.9596
vn -0.4647 0.0768 -0.8821
vn -0.4282 0.7738 -0.4667
vt 0.500000 0.000000
vt 0.861111 0.000000
vt 0.805556 0.000000
vt 0.750000 0.000000
vt 0.972222 0.000000
vt 0.916667 0.000000
vt 0.083333 0.000000
vt 0.027778 0.000000
vt -0.027778 0.000000
vt 0.194444 0.000000
vt 0.138889 0.000000
vt 0.305556 0.000000
vt 0.250000 0.000000
vt 0.416667 0.000000
vt 0.361111 0.000000
vt 0.527778 0.000000
vt 0.472222 0.000000
vt 0.638889 0.000000
vt 0.583333 0.000000
vt 0.694444 0.000000
vt 0.805556 0.200000
vt 0.750000 0.200000
vt 0.861111 0.200000
vt 0.916667 0.200000
vt 0.972222 0.200000
vt 0.027778 0.200000
vt -0.027778 0.200000
vt 0.083333 0.200000
vt 0.138889 0.200000
vt 0.194444 0.200000
vt 0.250000 0.200000
vt 0.305556 0.200000
vt 0.361111 0.200000
vt 0.416667 0.200000
vt 0.472222 0.200000
vt 0.527778 0.200000
vt 0.583333 0.200000
vt 0.638889 0.200000
vt 0.694444 0.200000
vt 0.805556 0.400000
vt 0.750000 0.400000
vt 0.861111 0.400000
vt 0.916667 0.400000
vt 0.972222 0.400000
vt 0.027778 0.400000
vt -0.027778 0.400000
vt 0.083333 0.400000
vt 0.138889 0.400000
vt 0.194444 0.400000
vt 0.250000 0.400000
vt 0.305556 0.400000
vt 0.361111 0.400000
vt 0.416667 0.400000
vt 0.472222 0.400000
vt 0.527778 0.400000
vt 0.583333 0.400000
vt 0.638889 0.400000
vt 0.694444 0.400000
vt 0.805556 0.600000
vt 0.750000 0.600000
vt 0.861111 0.600000
vt 0.916667 0.600000
vt 0.972222 0.600000
vt 0.027778 0.600000
vt -0.027778 0.600000
vt 0.083333 0.600000
vt 0.138889 0.600000
vt 0.194444 0.600000
vt 0.250000 0.600000
vt 0.305556 0.600000
vt 0.361111 0.600000
vt 0.416667 0.600000
vt 0.472222 0.600000
vt 0.527778 0.600000
vt 0.583333 0.600000
vt 0.638889 0.600000
vt 0.694444 0.600000
vt 0.805556 0.800000
vt 0.750000 0.800000
vt 0.861111 0.800000
vt 0.916667 0.800000
vt 0.972222 0.800000
vt 0.027778 0.800000
vt -0.027778 0.800000
vt 0.083333 0.800000
vt 0.138889 0.800000
vt 0.194444 0.800000
vt 0.250000 0.800000
vt 0.305556 0.800000
vt 0.361111 0.800000
vt 0.416667 0.800000
vt 0.472222 0.800000
vt 0.527778 0.800000
vt 0.583333 0.800000
vt 0.638889 0.800000
vt 0.694444 0.800000
vt 0.805556 1.000000
vt 0.750000 1.000000
vt 0.861111 1.000000
vt 0.916667 1.000000
vt 0.972222 1.000000
vt 0.027778 1.000000
vt -0.027778 1.000000
vt 0.083333 1.000000
vt 0.138889 1.000000
vt 0.194444 1.000000
vt 0.250000 1.000000
vt 0.305556 1.000000
vt 0.361111 1.000000
vt 0.416667 1.000000
vt 0.472222 1.000000
vt 0.527778 1.000000
vt 0.583333 1.000000
vt 0.638889 1.000000
vt 0.694444 1.000000
vt 0.500000 1.000000
vt -0.019676 1.000000
vt 0.970822 1.000000
vt 0.970820 1.000000
vt -0.019671 1.000000
s 1
usemtl wire_000000000
f 1766/591/1115 1767/592/1116 1768/593/1117 1769/594/1118
f 1766/591/1115 1770/595/1119 1771/596/1120 1767/592/1116
f 1766/591/1115 1772/597/1121 1773/598/1122 1770/599/1119
f 1766/591/1115 1774/600/1123 1775/601/1124 1772/597/1121
f 1766/591/1115 1776/602/1125 1777/603/1126 1774/600/1123
f 1766/591/1115 1778/604/1127 1779/605/1128 1776/602/1125
f 1766/591/1115 1780/606/1129 1781/607/1130 1778/604/1127
f 1766/591/1115 1782/608/1131 1783/609/1132 1780/606/1129
f 1766/591/1115 1769/594/1118 1784/610/1133 1782/608/1131
f 1769/594/1118 1768/593/1117 1785/611/1134 1786/612/1135
f 1768/593/1117 1767/592/1116 1787/613/1136 1785/611/1134
f 1767/592/1116 1771/596/1120 1788/614/1137 1787/613/1136
f 1771/596/1120 1770/595/1119 1789/615/1138 1788/614/1137
f 1770/599/1119 1773/598/1122 1790/616/1139 1789/617/1138
f 1773/598/1122 1772/597/1121 1791/618/1140 1790/616/1139
f 1772/597/1121 1775/601/1124 1792/619/1141 1791/618/1140
f 1775/601/1124 1774/600/1123 1793/620/1142 1792/619/1141
f 1774/600/1123 1777/603/1126 1794/621/1143 1793/620/1142
f 1777/603/1126 1776/602/1125 1795/622/1144 1794/621/1143
f 1776/602/1125 1779/605/1128 1796/623/1145 1795/622/1144
f 1779/605/1128 1778/604/1127 1797/624/1146 1796/623/1145
f 1778/604/1127 1781/607/1130 1798/625/1147 1797/624/1146
f 1781/607/1130 1780/606/1129 1799/626/1148 1798/625/1147
f 1780/606/1129 1783/609/1132 1800/627/1149 1799/626/1148
f 1783/609/1132 1782/608/1131 1801/628/1150 1800/627/1149
f 1782/608/1131 1784/610/1133 1802/629/1151 1801/628/1150
f 1784/610/1133 1769/594/1118 1786/612/1135 1802/629/1151
f 1786/612/1135 1785/611/1134 1803/630/1134 1804/631/1135
f 1785/611/1134 1787/613/1136 1805/632/1152 1803/630/1134
f 1787/613/1136 1788/614/1137 1806/633/1137 1805/632/1152
f 1788/614/1137 1789/615/1138 1807/634/1138 1806/633/1137
f 1789/617/1138 1790/616/1139 1808/635/1139 1807/636/1138
f 1790/616/1139 1791/618/1140 1809/637/1140 1808/635/1139
f 1791/618/1140 1792/619/1141 1810/638/1153 1809/637/1140
f 1792/619/1141 1793/620/1142 1811/639/1154 1810/638/1153
f 1793/620/1142 1794/621/1143 1812/640/1143 1811/639/1154
f 1794/621/1143 1795/622/1144 1813/641/1155 1812/640/1143
f 1795/622/1144 1796/623/1145 1814/642/1156 1813/641/1155
f 1796/623/1145 1797/624/1146 1815/643/1157 1814/642/1156
f 1797/624/1146 1798/625/1147 1816/644/1147 1815/643/1157
f 1798/625/1147 1799/626/1148 1817/645/1148 1816/644/1147
f 1799/626/1148 1800/627/1149 1818/646/1149 1817/645/1148
f 1800/627/1149 1801/628/1150 1819/647/1158 1818/646/1149
f 1801/628/1150 1802/629/1151 1820/648/1151 1819/647/1158
f 1802/629/1151 1786/612/1135 1804/631/1135 1820/648/1151
f 1804/631/1135 1803/630/1134 1821/649/1134 1822/650/1135
f 1803/630/1134 1805/632/1152 1823/651/1152 1821/649/1134
f 1805/632/1152 1806/633/1137 1824/652/1137 1823/651/1152
f 1806/633/1137 1807/634/1138 1825/653/1138 1824/652/1137
f 1807/636/1138 1808/635/1139 1826/654/1139 1825/655/1138
f 1808/635/1139 1809/637/1140 1827/656/1140 1826/654/1139
f 1809/637/1140 1810/638/1153 1828/657/1153 1827/656/1140
f 1810/638/1153 1811/639/1154 1829/658/1159 1828/657/1153
f 1811/639/1154 1812/640/1143 1830/659/1143 1829/658/1159
f 1812/640/1143 1813/641/1155 1831/660/1155 1830/659/1143
f 1813/641/1155 1814/642/1156 1832/661/1160 1831/660/1155
f 1814/642/1156 1815/643/1157 1833/662/1157 1832/661/1160
f 1815/643/1157 1816/644/1147 1834/663/1147 1833/662/1157
f 1816/644/1147 1817/645/1148 1835/664/1148 1834/663/1147
f 1817/645/1148 1818/646/1149 1836/665/1149 1835/664/1148
f 1818/646/1149 1819/647/1158 1837/666/1158 1836/665/1149
f 1819/647/1158 1820/648/1151 1838/667/1151 1837/666/1158
f 1820/648/1151 1804/631/1135 1822/650/1135 1838/667/1151
f 1822/650/1135 1821/649/1134 1839/668/1134 1840/669/1135
f 1821/649/1134 1823/651/1152 1841/670/1161 1839/668/1134
f 1823/651/1152 1824/652/1137 1842/671/1162 1841/670/1161
f 1824/652/1137 1825/653/1138 1843/672/1138 1842/671/1162
f 1825/655/1138 1826/654/1139 1844/673/1139 1843/674/1138
f 1826/654/1139 1827/656/1140 1845/675/1163 1844/673/1139
f 1827/656/1140 1828/657/1153 1846/676/1141 1845/675/1163
f 1828/657/1153 1829/658/1159 1847/677/1159 1846/676/1141
f 1829/658/1159 1830/659/1143 1848/678/1143 1847/677/1159
f 1830/659/1143 1831/660/1155 1849/679/1164 1848/678/1143
f 1831/660/1155 1832/661/1160 1850/680/1145 1849/679/1164
f 1832/661/1160 1833/662/1157 1851/681/1157 1850/680/1145
f 1833/662/1157 1834/663/1147 1852/682/1147 1851/681/1157
f 1834/663/1147 1835/664/1148 1853/683/1148 1852/682/1147
f 1835/664/1148 1836/665/1149 1854/684/1165 1853/683/1148
f 1836/665/1149 1837/666/1158 1855/685/1166 1854/684/1165
f 1837/666/1158 1838/667/1151 1856/686/1151 1855/685/1166
f 1838/667/1151 1822/650/1135 1840/669/1135 1856/686/1151
f 1840/669/1135 1839/668/1134 1857/687/1167 1858/688/1168
f 1839/668/1134 1841/670/1161 1859/689/1169 1857/687/1167
f 1841/670/1161 1842/671/1162 1860/690/1170 1859/689/1169
f 1842/671/1162 1843/672/1138 1861/691/1171 1860/690/1170
f 1843/674/1138 1844/673/1139 1862/692/1172 1861/693/1171
f 1844/673/1139 1845/675/1163 1863/694/1173 1862/692/1172
f 1845/675/1163 1846/676/1141 1864/695/1174 1863/694/1173
f 1846/676/1141 1847/677/1159 1865/696/1175 1864/695/1174
f 1847/677/1159 1848/678/1143 1866/697/1176 1865/696/1175
f 1848/678/1143 1849/679/1164 1867/698/1177 1866/697/1176
f 1849/679/1164 1850/680/1145 1868/699/1178 1867/698/1177
f 1850/680/1145 1851/681/1157 1869/700/1179 1868/699/1178
f 1851/681/1157 1852/682/1147 1870/701/1180 1869/700/1179
f 1852/682/1147 1853/683/1148 1871/702/1181 1870/701/1180
f 1853/683/1148 1854/684/1165 1872/703/1182 1871/702/1181
f 1854/684/1165 1855/685/1166 1873/704/1183 1872/703/1182
f 1855/685/1166 1856/686/1151 1874/705/1184 1873/704/1183
f 1856/686/1151 1840/669/1135 1858/688/1168 1874/705/1184
f 1875/706/1185 1874/705/1184 1858/688/1168 1857/687/1167
f 1875/706/1185 1857/687/1167 1859/689/1169 1860/690/1170
f 1875/706/1185 1860/707/1170 1861/693/1171 1862/692/1172
f 1875/706/1185 1862/692/1172 1863/694/1173 1864/695/1174
f 1875/706/1185 1864/695/1174 1865/696/1175 1866/697/1176
f 1875/706/1185 1866/697/1176 1867/698/1177 1868/699/1178
f 1875/706/1185 1868/699/1178 1869/700/1179 1870/701/1180
f 1875/706/1185 1870/701/1180 1871/702/1181 1872/703/1182
f 1875/706/1185 1872/703/1182 1873/704/1183 1874/705/1184
f 1876/591/1115 1877/592/1186 1878/593/1187 1879/594/1188
f 1876/591/1115 1880/595/1189 1881/596/1190 1877/592/1186
f 1876/591/1115 1882/597/1121 1883/598/1191 1880/599/1189
f 1876/591/1115 1884/600/1192 1885/601/1193 1882/597/1121
f 1876/591/1115 1886/602/1194 1887/603/1126 1884/600/1192
f 1876/591/1115 1888/604/1127 1889/605/1195 1886/602/1194
f 1876/591/1115 1890/606/1196 1891/607/1197 1888/604/1127
f 1876/591/1115 1892/608/1198 1893/609/1199 1890/606/1196
f 1876/591/1115 1879/594/1188 1894/610/1200 1892/608/1198
f 1879/594/1188 1878/593/1187 1895/611/1134 1896/612/1135
f 1878/593/1187 1877/592/1186 1897/613/1161 1895/611/1134
f 1877/592/1186 1881/596/1190 1898/614/1137 1897/613/1161
f 1881/596/1190 1880/595/1189 1899/615/1138 1898/614/1137
f 1880/599/1189 1883/598/1191 1900/616/1139 1899/617/1138
f 1883/598/1191 1882/597/1121 1901/618/1163 1900/616/1139
f 1882/597/1121 1885/601/1193 1902/619/1201 1901/618/1163
f 1885/601/1193 1884/600/1192 1903/620/1159 1902/619/1201
f 1884/600/1192 1887/603/1126 1904/621/1143 1903/620/1159
f 1887/603/1126 1886/602/1194 1905/622/1164 1904/621/1143
f 1886/602/1194 1889/605/1195 1906/623/1202 1905/622/1164
f 1889/605/1195 1888/604/1127 1907/624/1157 1906/623/1202
f 1888/604/1127 1891/607/1197 1908/625/1147 1907/624/1157
f 1891/607/1197 1890/606/1196 1909/626/1148 1908/625/1147
f 1890/606/1196 1893/609/1199 1910/627/1165 1909/626/1148
f 1893/609/1199 1892/608/1198 1911/628/1166 1910/627/1165
f 1892/608/1198 1894/610/1200 1912/629/1151 1911/628/1166
f 1894/610/1200 1879/594/1188 1896/612/1135 1912/629/1151
f 1896/612/1135 1895/611/1134 1913/630/1134 1914/631/1135
f 1895/611/1134 1897/613/1161 1915/632/1161 1913/630/1134
f 1897/613/1161 1898/614/1137 1916/633/1162 1915/632/1161
f 1898/614/1137 1899/615/1138 1917/634/1138 1916/633/1162
f 1899/617/1138 1900/616/1139 1918/635/1139 1917/636/1138
f 1900/616/1139 1901/618/1163 1919/637/1163 1918/635/1139
f 1901/618/1163 1902/619/1201 1920/638/1141 1919/637/1163
f 1902/619/1201 1903/620/1159 1921/639/1159 1920/638/1141
f 1903/620/1159 1904/621/1143 1922/640/1143 1921/639/1159
f 1904/621/1143 1905/622/1164 1923/641/1164 1922/640/1143
f 1905/622/1164 1906/623/1202 1924/642/1145 1923/641/1164
f 1906/623/1202 1907/624/1157 1925/643/1157 1924/642/1145
f 1907/624/1157 1908/625/1147 1926/644/1147 1925/643/1157
f 1908/625/1147 1909/626/1148 1927/645/1148 1926/644/1147
f 1909/626/1148 1910/627/1165 1928/646/1165 1927/645/1148
f 1910/627/1165 1911/628/1166 1929/647/1166 1928/646/1165
f 1911/628/1166 1912/629/1151 1930/648/1151 1929/647/1166
f 1912/629/1151 1896/612/1135 1914/631/1135 1930/648/1151
f 1914/631/1135 1913/630/1134 1931/649/1134 1932/650/1135
f 1913/630/1134 1915/632/1161 1933/651/1161 1931/649/1134
f 1915/632/1161 1916/633/1162 1934/652/1162 1933/651/1161
f 1916/633/1162 1917/634/1138 1935/653/1138 1934/652/1162
f 1917/636/1138 1918/635/1139 1936/654/1139 1935/655/1138
f 1918/635/1139 1919/637/1163 1937/656/1163 1936/654/1139
f 1919/637/1163 1920/638/1141 1938/657/1141 1937/656/1163
f 1920/638/1141 1921/639/1159 1939/658/1154 1938/657/1141
f 1921/639/1159 1922/640/1143 1940/659/1143 1939/658/1154
f 1922/640/1143 1923/641/1164 1941/660/1144 1940/659/1143
f 1923/641/1164 1924/642/1145 1942/661/1145 1941/660/1144
f 1924/642/1145 1925/643/1157 1943/662/1157 1942/661/1145
f 1925/643/1157 1926/644/1147 1944/663/1147 1943/662/1157
f 1926/644/1147 1927/645/1148 1945/664/1148 1944/663/1147
f 1927/645/1148 1928/646/1165 1946/665/1165 1945/664/1148
f 1928/646/1165 1929/647/1166 1947/666/1166 1946/665/1165
f 1929/647/1166 1930/648/1151 1948/667/1151 1947/666/1166
f 1930/648/1151 1914/631/1135 1932/650/1135 1948/667/1151
f 1932/650/1135 1931/649/1134 1949/668/1134 1950/669/1135
f 1931/649/1134 1933/651/1161 1951/670/1161 1949/668/1134
f 1933/651/1161 1934/652/1162 1952/671/1162 1951/670/1161
f 1934/652/1162 1935/653/1138 1953/672/1138 1952/671/1162
f 1935/655/1138 1936/654/1139 1954/673/1139 1953/674/1138
f 1936/654/1139 1937/656/1163 1955/675/1163 1954/673/1139
f 1937/656/1163 1938/657/1141 1956/676/1141 1955/675/1163
f 1938/657/1141 1939/658/1154 1957/677/1154 1956/676/1141
f 1939/658/1154 1940/659/1143 1958/678/1143 1957/677/1154
f 1940/659/1143 1941/660/1144 1959/679/1155 1958/678/1143
f 1941/660/1144 1942/661/1145 1960/680/1145 1959/679/1155
f 1942/661/1145 1943/662/1157 1961/681/1157 1960/680/1145
f 1943/662/1157 1944/663/1147 1962/682/1147 1961/681/1157
f 1944/663/1147 1945/664/1148 1963/683/1148 1962/682/1147
f 1945/664/1148 1946/665/1165 1964/684/1165 1963/683/1148
f 1946/665/1165 1947/666/1166 1965/685/1166 1964/684/1165
f 1947/666/1166 1948/667/1151 1966/686/1151 1965/685/1166
f 1948/667/1151 1932/650/1135 1950/669/1135 1966/686/1151
f 1950/669/1135 1949/668/1134 1967/687/1167 1968/688/1168
f 1949/668/1134 1951/670/1161 1969/689/1203 1967/687/1167
f 1951/670/1161 1952/671/1162 1970/690/1204 1969/689/1203
f 1952/671/1162 1953/672/1138 1971/691/1171 1970/690/1204
f 1953/674/1138 1954/673/1139 1972/692/1172 1971/693/1171
f 1954/673/1139 1955/675/1163 1973/694/1173 1972/692/1172
f 1955/675/1163 1956/676/1141 1974/695/1205 1973/694/1173
f 1956/676/1141 1957/677/1154 1975/696/1175 1974/695/1205
f 1957/677/1154 1958/678/1143 1976/697/1176 1975/696/1175
f 1958/678/1143 1959/679/1155 1977/698/1177 1976/697/1176
f 1959/679/1155 1960/680/1145 1978/699/1206 1977/698/1177
f 1960/680/1145 1961/681/1157 1979/700/1179 1978/699/1206
f 1961/681/1157 1962/682/1147 1980/701/1180 1979/700/1179
f 1962/682/1147 1963/683/1148 1981/702/1181 1980/701/1180
f 1963/683/1148 1964/684/1165 1982/703/1207 1981/702/1181
f 1964/684/1165 1965/685/1166 1983/704/1208 1982/703/1207
f 1965/685/1166 1966/686/1151 1984/705/1209 1983/704/1208
f 1966/686/1151 1950/669/1135 1968/688/1168 1984/705/1209
f 1985/706/1185 1984/705/1209 1968/688/1168 1967/687/1167
f 1985/706/1185 1967/687/1167 1969/689/1203 1970/690/1204
f 1985/706/1185 1970/690/1204 1971/691/1171 1972/708/1172
f 1985/706/1185 1972/692/1172 1973/694/1173 1974/695/1205
f 1985/706/1185 1974/695/1205 1975/696/1175 1976/697/1176
f 1985/706/1185 1976/697/1176 1977/698/1177 1978/699/1206
f 1985/706/1185 1978/699/1206 1979/700/1179 1980/701/1180
f 1985/706/1185 1980/701/1180 1981/702/1181 1982/703/1207
f 1985/706/1185 1982/703/1207 1983/704/1208 1984/705/1209
f 1986/591/1210 1987/592/1211 1988/593/1212 1989/594/1213
f 1986/591/1210 1990/595/1214 1991/596/1215 1987/592/1211
f 1986/591/1210 1992/597/1216 1993/598/1217 1990/599/1214
f 1986/591/1210 1994/600/1218 1995/601/1219 1992/597/1216
f 1986/591/1210 1996/602/1220 1997/603/1221 1994/600/1218
f 1986/591/1210 1998/604/1222 1999/605/1223 1996/602/1220
f 1986/591/1210 2000/606/1224 2001/607/1225 1998/604/1222
f 1986/591/1210 2002/608/1226 2003/609/1227 2000/606/1224
f 1986/591/1210 1989/594/1213 2004/610/1228 2002/608/1226
f 1989/594/1213 1988/593/1212 2005/611/1229 2006/612/1230
f 1988/593/1212 1987/592/1211 2007/613/1231 2005/611/1229
f 1987/592/1211 1991/596/1215 2008/614/1232 2007/613/1231
f 1991/596/1215 1990/595/1214 2009/615/1233 2008/614/1232
f 1990/599/1214 1993/598/1217 2010/616/1234 2009/617/1233
f 1993/598/1217 1992/597/1216 2011/618/1235 2010/616/1234
f 1992/597/1216 1995/601/1219 2012/619/1236 2011/618/1235
f 1995/601/1219 1994/600/1218 2013/620/1237 2012/619/1236
f 1994/600/1218 1997/603/1221 2014/621/1238 2013/620/1237
f 1997/603/1221 1996/602/1220 2015/622/1239 2014/621/1238
f 1996/602/1220 1999/605/1223 2016/623/1240 2015/622/1239
f 1999/605/1223 1998/604/1222 2017/624/1241 2016/623/1240
f 1998/604/1222 2001/607/1225 2018/625/1242 2017/624/1241
f 2001/607/1225 2000/606/1224 2019/626/1243 2018/625/1242
f 2000/606/1224 2003/609/1227 2020/627/1244 2019/626/1243
f 2003/609/1227 2002/608/1226 2021/628/1245 2020/627/1244
f 2002/608/1226 2004/610/1228 2022/629/1246 2021/628/1245
f 2004/610/1228 1989/594/1213 2006/612/1230 2022/629/1246
f 2006/612/1230 2005/611/1229 2023/630/1229 2024/631/1247
f 2005/611/1229 2007/613/1231 2025/632/1231 2023/630/1229
f 2007/613/1231 2008/614/1232 2026/633/1248 2025/632/1231
f 2008/614/1232 2009/615/1233 2027/634/1249 2026/633/1248
f 2009/617/1233 2010/616/1234 2028/635/1234 2027/636/1249
f 2010/616/1234 2011/618/1235 2029/637/1250 2028/635/1234
f 2011/618/1235 2012/619/1236 2030/638/1236 2029/637/1250
f 2012/619/1236 2013/620/1237 2031/639/1237 2030/638/1236
f 2013/620/1237 2014/621/1238 2032/640/1238 2031/639/1237
f 2014/621/1238 2015/622/1239 2033/641/1251 2032/640/1238
f 2015/622/1239 2016/623/1240 2034/642/1240 2033/641/1251
f 2016/623/1240 2017/624/1241 2035/643/1252 2034/642/1240
f 2017/624/1241 2018/625/1242 2036/644/1242 2035/643/1252
f 2018/625/1242 2019/626/1243 2037/645/1253 2036/644/1242
f 2019/626/1243 2020/627/1244 2038/646/1254 2037/645/1253
f 2020/627/1244 2021/628/1245 2039/647/1245 2038/646/1254
f 2021/628/1245 2022/629/1246 2040/648/1246 2039/647/1245
f 2022/629/1246 2006/612/1230 2024/631/1247 2040/648/1246
f 2024/631/1247 2023/630/1229 2041/649/1255 2042/650/1256
f 2023/630/1229 2025/632/1231 2043/651/1231 2041/649/1255
f 2025/632/1231 2026/633/1248 2044/652/1257 2043/651/1231
f 2026/633/1248 2027/634/1249 2045/653/1249 2044/652/1257
f 2027/636/1249 2028/635/1234 2046/654/1258 2045/655/1249
f 2028/635/1234 2029/637/1250 2047/656/1250 2046/654/1258
f 2029/637/1250 2030/638/1236 2048/657/1236 2047/656/1250
f 2030/638/1236 2031/639/1237 2049/658/1237 2048/657/1236
f 2031/639/1237 2032/640/1238 2050/659/1259 2049/658/1237
f 2032/640/1238 2033/641/1251 2051/660/1251 2050/659/1259
f 2033/641/1251 2034/642/1240 2052/661/1240 2051/660/1251
f 2034/642/1240 2035/643/1252 2053/662/1252 2052/661/1240
f 2035/643/1252 2036/644/1242 2054/663/1242 2053/662/1252
f 2036/644/1242 2037/645/1253 2055/664/1253 2054/663/1242
f 2037/645/1253 2038/646/1254 2056/665/1260 2055/664/1253
f 2038/646/1254 2039/647/1245 2057/666/1245 2056/665/1260
f 2039/647/1245 2040/648/1246 2058/667/1246 2057/666/1245
f 2040/648/1246 2024/631/1247 2042/650/1256 2058/667/1246
f 2042/650/1256 2041/649/1255 2059/668/1261 2060/669/1256
f 2041/649/1255 2043/651/1231 2061/670/1262 2059/668/1261
f 2043/651/1231 2044/652/1257 2062/671/1248 2061/670/1262
f 2044/652/1257 2045/653/1249 2063/672/1249 2062/671/1248
f 2045/655/1249 2046/654/1258 2064/673/1263 2063/674/1249
f 2046/654/1258 2047/656/1250 2065/675/1250 2064/673/1263
f 2047/656/1250 2048/657/1236 2066/676/1264 2065/675/1250
f 2048/657/1236 2049/658/1237 2067/677/1265 2066/676/1264
f 2049/658/1237 2050/659/1259 2068/678/1259 2067/677/1265
f 2050/659/1259 2051/660/1251 2069/679/1251 2068/678/1259
f 2051/660/1251 2052/661/1240 2070/680/1266 2069/679/1251
f 2052/661/1240 2053/662/1252 2071/681/1252 2070/680/1266
f 2053/662/1252 2054/663/1242 2072/682/1267 2071/681/1252
f 2054/663/1242 2055/664/1253 2073/683/1253 2072/682/1267
f 2055/664/1253 2056/665/1260 2074/684/1260 2073/683/1253
f 2056/665/1260 2057/666/1245 2075/685/1245 2074/684/1260
f 2057/666/1245 2058/667/1246 2076/686/1268 2075/685/1245
f 2058/667/1246 2042/650/1256 2060/669/1256 2076/686/1268
f 2060/669/1256 2059/668/1261 2077/687/1269 2078/688/1270
f 2059/668/1261 2061/670/1262 2079/689/1271 2077/687/1269
f 2061/670/1262 2062/671/1248 2080/690/1272 2079/689/1271
f 2062/671/1248 2063/672/1249 2081/691/1273 2080/690/1272
f 2063/674/1249 2064/673/1263 2082/692/1274 2081/693/1273
f 2064/673/1263 2065/675/1250 2083/694/1275 2082/692/1274
f 2065/675/1250 2066/676/1264 2084/695/1276 2083/694/1275
f 2066/676/1264 2067/677/1265 2085/696/1277 2084/695/1276
f 2067/677/1265 2068/678/1259 2086/697/1278 2085/696/1277
f 2068/678/1259 2069/679/1251 2087/698/1279 2086/697/1278
f 2069/679/1251 2070/680/1266 2088/699/1280 2087/698/1279
f 2070/680/1266 2071/681/1252 2089/700/1281 2088/699/1280
f 2071/681/1252 2072/682/1267 2090/701/1282 2089/700/1281
f 2072/682/1267 2073/683/1253 2091/702/1283 2090/701/1282
f 2073/683/1253 2074/684/1260 2092/703/1284 2091/702/1283
f 2074/684/1260 2075/685/1245 2093/704/1285 2092/703/1284
f 2075/685/1245 2076/686/1268 2094/705/1286 2093/704/1285
f 2076/686/1268 2060/669/1256 2078/688/1270 2094/705/1286
f 2095/706/1287 2094/705/1286 2078/688/1270 2077/687/1269
f 2095/706/1287 2077/687/1269 2079/689/1271 2080/690/1272
f 2095/706/1287 2080/690/1272 2081/691/1273 2082/709/1274
f 2095/706/1287 2082/692/1274 2083/694/1275 2084/695/1276
f 2095/706/1287 2084/695/1276 2085/696/1277 2086/697/1278
f 2095/706/1287 2086/697/1278 2087/698/1279 2088/699/1280
f 2095/706/1287 2088/699/1280 2089/700/1281 2090/701/1282
f 2095/706/1287 2090/701/1282 2091/702/1283 2092/703/1284
f 2095/706/1287 2092/703/1284 2093/704/1285 2094/705/1286
f 2096/591/1210 2097/592/1288 2098/593/1289 2099/594/1290
f 2096/591/1210 2100/595/1291 2101/596/1292 2097/592/1288
f 2096/591/1210 2102/597/1293 2103/598/1217 2100/599/1291
f 2096/591/1210 2104/600/1218 2105/601/1219 2102/597/1293
f 2096/591/1210 2106/602/1294 2107/603/1295 2104/600/1218
f 2096/591/1210 2108/604/1296 2109/605/1297 2106/602/1294
f 2096/591/1210 2110/606/1298 2111/607/1299 2108/604/1296
f 2096/591/1210 2112/608/1300 2113/609/1301 2110/606/1298
f 2096/591/1210 2099/594/1290 2114/610/1302 2112/608/1300
f 2099/594/1290 2098/593/1289 2115/611/1255 2116/612/1256
f 2098/593/1289 2097/592/1288 2117/613/1231 2115/611/1255
f 2097/592/1288 2101/596/1292 2118/614/1232 2117/613/1231
f 2101/596/1292 2100/595/1291 2119/615/1249 2118/614/1232
f 2100/599/1291 2103/598/1217 2120/616/1234 2119/617/1249
f 2103/598/1217 2102/597/1293 2121/618/1235 2120/616/1234
f 2102/597/1293 2105/601/1219 2122/619/1236 2121/618/1235
f 2105/601/1219 2104/600/1218 2123/620/1265 2122/619/1236
f 2104/600/1218 2107/603/1295 2124/621/1238 2123/620/1265
f 2107/603/1295 2106/602/1294 2125/622/1251 2124/621/1238
f 2106/602/1294 2109/605/1297 2126/623/1303 2125/622/1251
f 2109/605/1297 2108/604/1296 2127/624/1304 2126/623/1303
f 2108/604/1296 2111/607/1299 2128/625/1242 2127/624/1304
f 2111/607/1299 2110/606/1298 2129/626/1305 2128/625/1242
f 2110/606/1298 2113/609/1301 2130/627/1260 2129/626/1305
f 2113/609/1301 2112/608/1300 2131/628/1245 2130/627/1260
f 2112/608/1300 2114/610/1302 2132/629/1306 2131/628/1245
f 2114/610/1302 2099/594/1290 2116/612/1256 2132/629/1306
f 2116/612/1256 2115/611/1255 2133/630/1255 2134/631/1247
f 2115/611/1255 2117/613/1231 2135/632/1262 2133/630/1255
f 2117/613/1231 2118/614/1232 2136/633/1257 2135/632/1262
f 2118/614/1232 2119/615/1249 2137/634/1249 2136/633/1257
f 2119/617/1249 2120/616/1234 2138/635/1234 2137/636/1249
f 2120/616/1234 2121/618/1235 2139/637/1250 2138/635/1234
f 2121/618/1235 2122/619/1236 2140/638/1236 2139/637/1250
f 2122/619/1236 2123/620/1265 2141/639/1237 2140/638/1236
f 2123/620/1265 2124/621/1238 2142/640/1238 2141/639/1237
f 2124/621/1238 2125/622/1251 2143/641/1251 2142/640/1238
f 2125/622/1251 2126/623/1303 2144/642/1303 2143/641/1251
f 2126/623/1303 2127/624/1304 2145/643/1241 2144/642/1303
f 2127/624/1304 2128/625/1242 2146/644/1307 2145/643/1241
f 2128/625/1242 2129/626/1305 2147/645/1243 2146/644/1307
f 2129/626/1305 2130/627/1260 2148/646/1260 2147/645/1243
f 2130/627/1260 2131/628/1245 2149/647/1308 2148/646/1260
f 2131/628/1245 2132/629/1306 2150/648/1306 2149/647/1308
f 2132/629/1306 2116/612/1256 2134/631/1247 2150/648/1306
f 2134/631/1247 2133/630/1255 2151/649/1255 2152/650/1230
f 2133/630/1255 2135/632/1262 2153/651/1262 2151/649/1255
f 2135/632/1262 2136/633/1257 2154/652/1257 2153/651/1262
f 2136/633/1257 2137/634/1249 2155/653/1249 2154/652/1257
f 2137/636/1249 2138/635/1234 2156/654/1234 2155/655/1249
f 2138/635/1234 2139/637/1250 2157/656/1235 2156/654/1234
f 2139/637/1250 2140/638/1236 2158/657/1236 2157/656/1235
f 2140/638/1236 2141/639/1237 2159/658/1309 2158/657/1236
f 2141/639/1237 2142/640/1238 2160/659/1259 2159/658/1309
f 2142/640/1238 2143/641/1251 2161/660/1239 2160/659/1259
f 2143/641/1251 2144/642/1303 2162/661/1240 2161/660/1239
f 2144/642/1303 2145/643/1241 2163/662/1241 2162/661/1240
f 2145/643/1241 2146/644/1307 2164/663/1307 2163/662/1241
f 2146/644/1307 2147/645/1243 2165/664/1253 2164/663/1307
f 2147/645/1243 2148/646/1260 2166/665/1254 2165/664/1253
f 2148/646/1260 2149/647/1308 2167/666/1245 2166/665/1254
f 2149/647/1308 2150/648/1306 2168/667/1268 2167/666/1245
f 2150/648/1306 2134/631/1247 2152/650/1230 2168/667/1268
f 2152/650/1230 2151/649/1255 2169/668/1255 2170/669/1230
f 2151/649/1255 2153/651/1262 2171/670/1262 2169/668/1255
f 2153/651/1262 2154/652/1257 2172/671/1257 2171/670/1262
f 2154/652/1257 2155/653/1249 2173/672/1233 2172/671/1257
f 2155/655/1249 2156/654/1234 2174/673/1234 2173/674/1233
f 2156/654/1234 2157/656/1235 2175/675/1310 2174/673/1234
f 2157/656/1235 2158/657/1236 2176/676/1311 2175/675/1310
f 2158/657/1236 2159/658/1309 2177/677/1309 2176/676/1311
f 2159/658/1309 2160/659/1259 2178/678/1259 2177/677/1309
f 2160/659/1259 2161/660/1239 2179/679/1251 2178/678/1259
f 2161/660/1239 2162/661/1240 2180/680/1240 2179/679/1251
f 2162/661/1240 2163/662/1241 2181/681/1252 2180/680/1240
f 2163/662/1241 2164/663/1307 2182/682/1242 2181/681/1252
f 2164/663/1307 2165/664/1253 2183/683/1253 2182/682/1242
f 2165/664/1253 2166/665/1254 2184/684/1254 2183/683/1253
f 2166/665/1254 2167/666/1245 2185/685/1245 2184/684/1254
f 2167/666/1245 2168/667/1268 2186/686/1268 2185/685/1245
f 2168/667/1268 2152/650/1230 2170/669/1230 2186/686/1268
f 2170/669/1230 2169/668/1255 2187/687/1269 2188/688/1312
f 2169/668/1255 2171/670/1262 2189/689/1313 2187/687/1269
f 2171/670/1262 2172/671/1257 2190/690/1314 2189/689/1313
f 2172/671/1257 2173/672/1233 2191/691/1315 2190/690/1314
f 2173/674/1233 2174/673/1234 2192/692/1316 2191/693/1315
f 2174/673/1234 2175/675/1310 2193/694/1317 2192/692/1316
f 2175/675/1310 2176/676/1311 2194/695/1318 2193/694/1317
f 2176/676/1311 2177/677/1309 2195/696/1319 2194/695/1318
f 2177/677/1309 2178/678/1259 2196/697/1320 2195/696/1319
f 2178/678/1259 2179/679/1251 2197/698/1321 2196/697/1320
f 2179/679/1251 2180/680/1240 2198/699/1322 2197/698/1321
f 2180/680/1240 2181/681/1252 2199/700/1323 2198/699/1322
f 2181/681/1252 2182/682/1242 2200/701/1324 2199/700/1323
f 2182/682/1242 2183/683/1253 2201/702/1325 2200/701/1324
f 2183/683/1253 2184/684/1254 2202/703/1326 2201/702/1325
f 2184/684/1254 2185/685/1245 2203/704/1327 2202/703/1326
f 2185/685/1245 2186/686/1268 2204/705/1328 2203/704/1327
f 2186/686/1268 2170/669/1230 2188/688/1312 2204/705/1328
f 2205/706/1329 2204/705/1328 2188/688/1312 2187/687/1269
f 2205/706/1329 2187/687/1269 2189/689/1313 2190/690/1314
f 2205/706/1329 2190/710/1314 2191/693/1315 2192/692/1316
f 2205/706/1329 2192/692/1316 2193/694/1317 2194/695/1318
f 2205/706/1329 2194/695/1318 2195/696/1319 2196/697/1320
f 2205/706/1329 2196/697/1320 2197/698/1321 2198/699/1322
f 2205/706/1329 2198/699/1322 2199/700/1323 2200/701/1324
f 2205/706/1329 2200/701/1324 2201/702/1325 2202/703/1326
f 2205/706/1329 2202/703/1326 2203/704/1327 2204/705/1328
o Cylinder011
v -0.167269 1.061953 0.250372
v -0.177382 1.033215 0.283093
v -0.179674 1.046662 0.290511
v -0.180470 1.061953 0.293087
v -0.169561 1.017924 0.257789
v -0.173870 1.023234 0.271729
v -0.160669 1.023234 0.229014
v -0.164977 1.017924 0.242954
v -0.154864 1.046662 0.210233
v -0.157157 1.033215 0.217650
v -0.154864 1.077244 0.210233
v -0.154068 1.061953 0.207656
v -0.160669 1.100672 0.229014
v -0.157157 1.090691 0.217650
v -0.169561 1.105982 0.257789
v -0.164977 1.105982 0.242954
v -0.177382 1.090691 0.283093
v -0.173870 1.100672 0.271729
v -0.179674 1.077244 0.290511
v -0.164009 1.046662 0.295351
v -0.164805 1.061953 0.297928
v -0.161717 1.033215 0.287934
v -0.158205 1.023234 0.276570
v -0.153897 1.017924 0.262630
v -0.149312 1.017924 0.247795
v -0.145004 1.023234 0.233855
v -0.141492 1.033215 0.222491
v -0.139200 1.046662 0.215073
v -0.138404 1.061953 0.212498
v -0.139200 1.077244 0.215073
v -0.141492 1.090691 0.222491
v -0.145004 1.100672 0.233855
v -0.149312 1.105982 0.247795
v -0.153897 1.105982 0.262630
v -0.158205 1.100672 0.276570
v -0.161717 1.090691 0.287934
v -0.164009 1.077244 0.295351
v -0.148345 1.046662 0.300193
v -0.149141 1.061953 0.302769
v -0.146052 1.033215 0.292776
v -0.142540 1.023234 0.281411
v -0.138232 1.017924 0.267471
v -0.133648 1.017924 0.252636
v -0.129339 1.023234 0.238696
v -0.125827 1.033215 0.227332
v -0.123535 1.046662 0.219914
v -0.122739 1.061953 0.217338
v -0.123535 1.077244 0.219914
v -0.125827 1.090691 0.227332
v -0.129339 1.100672 0.238696
v -0.133648 1.105982 0.252636
v -0.138232 1.105982 0.267471
v -0.142540 1.100672 0.281411
v -0.146052 1.090691 0.292776
v -0.148345 1.077244 0.300193
v -0.132680 1.046662 0.305034
v -0.133476 1.061953 0.307609
v -0.130388 1.033215 0.297617
v -0.126876 1.023234 0.286253
v -0.122568 1.017924 0.272312
v -0.117983 1.017924 0.257478
v -0.113675 1.023234 0.243537
v -0.110163 1.033215 0.232173
v -0.107870 1.046662 0.224756
v -0.107074 1.061953 0.222179
v -0.107870 1.077244 0.224756
v -0.110163 1.090691 0.232173
v -0.113675 1.100672 0.243537
v -0.117983 1.105982 0.257478
v -0.122567 1.105982 0.272312
v -0.126876 1.100672 0.286253
v -0.130388 1.090691 0.297617
v -0.132680 1.077244 0.305034
v -0.117015 1.046662 0.309875
v -0.117811 1.061953 0.312451
v -0.114723 1.033215 0.302458
v -0.111211 1.023234 0.291094
v -0.106903 1.017924 0.277153
v -0.102318 1.017924 0.262318
v -0.098010 1.023234 0.248378
v -0.094498 1.033215 0.237014
v -0.092206 1.046662 0.229597
v -0.091410 1.061953 0.227021
v -0.092206 1.077244 0.229597
v -0.094498 1.090691 0.237014
v -0.098010 1.100672 0.248378
v -0.102318 1.105982 0.262318
v -0.106903 1.105982 0.277153
v -0.111211 1.100672 0.291094
v -0.114723 1.090691 0.302458
v -0.117015 1.077244 0.309875
v -0.101351 1.046662 0.314716
v -0.102147 1.061953 0.317292
v -0.099058 1.033215 0.307299
v -0.095546 1.023234 0.295935
v -0.091238 1.017924 0.281995
v -0.086654 1.017924 0.267159
v -0.082345 1.023234 0.253219
v -0.078834 1.033215 0.241855
v -0.076541 1.046662 0.234438
v -0.075745 1.061953 0.231862
v -0.076541 1.077244 0.234438
v -0.078834 1.090691 0.241855
v -0.082345 1.100672 0.253219
v -0.086654 1.105982 0.267159
v -0.091238 1.105982 0.281994
v -0.095546 1.100672 0.295935
v -0.099058 1.090691 0.307299
v -0.101351 1.077244 0.314716
v -0.088946 1.061953 0.274577
v -0.205666 1.061953 0.238505
v -0.217603 1.028030 0.277130
v -0.220309 1.043903 0.285887
v -0.221249 1.061953 0.288927
v -0.208372 1.009980 0.247261
v -0.213458 1.016249 0.263716
v -0.197875 1.016249 0.213294
v -0.202961 1.009980 0.229750
v -0.191024 1.043903 0.191124
v -0.193730 1.028030 0.199880
v -0.191024 1.080003 0.191124
v -0.190084 1.061953 0.188084
v -0.197875 1.107657 0.213294
v -0.193730 1.095876 0.199880
v -0.208372 1.113926 0.247261
v -0.202961 1.113926 0.229750
v -0.217603 1.095876 0.277130
v -0.213458 1.107657 0.263716
v -0.220309 1.080003 0.285887
v -0.212172 1.043903 0.288401
v -0.213112 1.061953 0.291441
v -0.209466 1.028030 0.279646
v -0.205320 1.016249 0.266231
v -0.200235 1.009980 0.249776
v -0.194823 1.009980 0.232264
v -0.189738 1.016249 0.215809
v -0.185592 1.028030 0.202395
v -0.182886 1.043903 0.193639
v -0.181947 1.061953 0.190598
v -0.182886 1.080003 0.193639
v -0.185592 1.095876 0.202395
v -0.189738 1.107657 0.215809
v -0.194823 1.113926 0.232264
v -0.200235 1.113926 0.249776
v -0.205320 1.107657 0.266231
v -0.209466 1.095876 0.279646
v -0.212172 1.080003 0.288401
v -0.204034 1.043903 0.290916
v -0.204974 1.061953 0.293957
v -0.201329 1.028030 0.282160
v -0.197183 1.016249 0.268745
v -0.192098 1.009980 0.252291
v -0.186686 1.009980 0.234779
v -0.181600 1.016249 0.218324
v -0.177455 1.028030 0.204910
v -0.174749 1.043903 0.196154
v -0.173809 1.061953 0.193113
v -0.174749 1.080003 0.196154
v -0.177455 1.095876 0.204910
v -0.181600 1.107657 0.218324
v -0.186686 1.113926 0.234779
v -0.192098 1.113926 0.252291
v -0.197183 1.107657 0.268745
v -0.201329 1.095876 0.282160
v -0.204034 1.080003 0.290916
v -0.195897 1.043903 0.293430
v -0.196837 1.061953 0.296471
v -0.193191 1.028030 0.284675
v -0.189046 1.016249 0.271260
v -0.183960 1.009980 0.254805
v -0.178548 1.009980 0.237294
v -0.173463 1.016249 0.220839
v -0.169317 1.028030 0.207424
v -0.166611 1.043903 0.198669
v -0.165672 1.061953 0.195628
v -0.166611 1.080003 0.198669
v -0.169317 1.095876 0.207424
v -0.173463 1.107657 0.220839
v -0.178548 1.113926 0.237294
v -0.183960 1.113926 0.254805
v -0.189046 1.107657 0.271260
v -0.193191 1.095876 0.284675
v -0.195897 1.080003 0.293430
v -0.187760 1.043903 0.295945
v -0.188699 1.061953 0.298986
v -0.185054 1.028030 0.287189
v -0.180908 1.016249 0.273775
v -0.175823 1.009980 0.257320
v -0.170411 1.009980 0.239809
v -0.165326 1.016249 0.223354
v -0.161180 1.028030 0.209939
v -0.158474 1.043903 0.201183
v -0.157534 1.061953 0.198142
v -0.158474 1.080003 0.201183
v -0.161180 1.095876 0.209939
v -0.165326 1.107657 0.223354
v -0.170411 1.113926 0.239809
v -0.175823 1.113926 0.257320
v -0.180908 1.107657 0.273775
v -0.185054 1.095876 0.287189
v -0.187760 1.080003 0.295945
v -0.179622 1.043903 0.298460
v -0.180562 1.061953 0.301501
v -0.176916 1.028030 0.289704
v -0.172771 1.016249 0.276290
v -0.167685 1.009980 0.259835
v -0.162274 1.009980 0.242323
v -0.157188 1.016249 0.225868
v -0.153043 1.028030 0.212454
v -0.150337 1.043903 0.203698
v -0.149397 1.061953 0.200658
v -0.150337 1.080003 0.203698
v -0.153043 1.095876 0.212454
v -0.157188 1.107657 0.225868
v -0.162274 1.113926 0.242323
v -0.167685 1.113926 0.259835
v -0.172771 1.107657 0.276290
v -0.176916 1.095876 0.289704
v -0.179622 1.080003 0.298460
v -0.164980 1.061953 0.251079
vn -0.9554 -0.0000 -0.2953
vn -0.8081 -0.4771 0.3455
vn -0.8461 -0.2539 0.4686
vn -0.8593 -0.0000 0.5114
vn -0.6782 -0.7311 -0.0747
vn -0.7498 -0.6429 0.1568
vn -0.5306 -0.6429 -0.5525
vn -0.6021 -0.7310 -0.3210
vn -0.4342 -0.2539 -0.8643
vn -0.4723 -0.4771 -0.7412
vn -0.4342 0.2539 -0.8643
vn -0.4210 -0.0000 -0.9071
vn -0.5306 0.6429 -0.5525
vn -0.4723 0.4771 -0.7412
vn -0.6782 0.7311 -0.0747
vn -0.6021 0.7310 -0.3210
vn -0.8081 0.4771 0.3455
vn -0.7498 0.6429 0.1568
vn -0.8461 0.2539 0.4686
vn -0.2775 -0.3420 0.8978
vn -0.2953 -0.0000 0.9554
vn -0.2262 -0.6428 0.7319
vn -0.1476 -0.8660 0.4777
vn -0.0513 -0.9848 0.1659
vn 0.0513 -0.9848 -0.1659
vn 0.1476 -0.8660 -0.4777
vn 0.2262 -0.6428 -0.7319
vn 0.2774 -0.3420 -0.8978
vn 0.2952 -0.0000 -0.9554
vn 0.2774 0.3420 -0.8978
vn 0.2262 0.6428 -0.7319
vn 0.1476 0.8660 -0.4777
vn 0.0513 0.9848 -0.1659
vn -0.0513 0.9848 0.1659
vn -0.1476 0.8660 0.4777
vn -0.2262 0.6428 0.7319
vn -0.2775 0.3420 0.8978
vn 0.2775 -0.3420 -0.8978
vn 0.2953 -0.0000 -0.9554
vn 0.2775 0.3420 -0.8978
vn 0.4342 -0.2539 0.8643
vn 0.4210 -0.0000 0.9071
vn 0.4723 -0.4771 0.7412
vn 0.5306 -0.6429 0.5524
vn 0.6021 -0.7310 0.3210
vn 0.6782 -0.7311 0.0747
vn 0.7498 -0.6429 -0.1568
vn 0.8081 -0.4772 -0.3455
vn 0.8461 -0.2539 -0.4686
vn 0.8593 -0.0000 -0.5114
vn 0.8461 0.2539 -0.4686
vn 0.8081 0.4772 -0.3455
vn 0.7498 0.6429 -0.1568
vn 0.6782 0.7311 0.0747
vn 0.6021 0.7310 0.3210
vn 0.5306 0.6429 0.5524
vn 0.4723 0.4771 0.7412
vn 0.4342 0.2539 0.8643
vn 0.9554 -0.0000 0.2953
vn -0.8081 -0.4772 0.3454
vn -0.8461 -0.2539 0.4687
vn -0.4723 -0.4772 -0.7411
vn -0.4723 0.4772 -0.7411
vn -0.8081 0.4772 0.3454
vn -0.8461 0.2539 0.4687
vn -0.2774 -0.3420 0.8978
vn -0.2774 0.3420 0.8978
vn -0.2952 -0.0000 0.9554
vn 0.4723 -0.4772 0.7411
vn 0.5306 -0.6429 0.5525
vn 0.8081 -0.4772 -0.3454
vn 0.8594 -0.0000 -0.5113
vn 0.8081 0.4772 -0.3454
vn 0.5306 0.6429 0.5525
vn 0.4723 0.4772 0.7411
vt 0.500000 0.000000
vt 0.861111 0.000000
vt 0.805556 0.000000
vt 0.750000 0.000000
vt 0.972222 0.000000
vt 0.916667 0.000000
vt 0.083333 0.000000
vt 0.027778 0.000000
vt -0.027778 0.000000
vt 0.194444 0.000000
vt 0.138889 0.000000
vt 0.305556 0.000000
vt 0.250000 0.000000
vt 0.416667 0.000000
vt 0.361111 0.000000
vt 0.527778 0.000000
vt 0.472222 0.000000
vt 0.638889 0.000000
vt 0.583333 0.000000
vt 0.694444 0.000000
vt 0.805556 0.200000
vt 0.750000 0.200000
vt 0.861111 0.200000
vt 0.916667 0.200000
vt 0.972222 0.200000
vt 0.027778 0.200000
vt -0.027778 0.200000
vt 0.083333 0.200000
vt 0.138889 0.200000
vt 0.194444 0.200000
vt 0.250000 0.200000
vt 0.305556 0.200000
vt 0.361111 0.200000
vt 0.416667 0.200000
vt 0.472222 0.200000
vt 0.527778 0.200000
vt 0.583333 0.200000
vt 0.638889 0.200000
vt 0.694444 0.200000
vt 0.805556 0.400000
vt 0.750000 0.400000
vt 0.861111 0.400000
vt 0.916667 0.400000
vt 0.972222 0.400000
vt 0.027778 0.400000
vt -0.027778 0.400000
vt 0.083333 0.400000
vt 0.138889 0.400000
vt 0.194444 0.400000
vt 0.250000 0.400000
vt 0.305556 0.400000
vt 0.361111 0.400000
vt 0.416667 0.400000
vt 0.472222 0.400000
vt 0.527778 0.400000
vt 0.583333 0.400000
vt 0.638889 0.400000
vt 0.694444 0.400000
vt 0.805556 0.600000
vt 0.750000 0.600000
vt 0.861111 0.600000
vt 0.916667 0.600000
vt 0.972222 0.600000
vt 0.027778 0.600000
vt -0.027778 0.600000
vt 0.083333 0.600000
vt 0.138889 0.600000
vt 0.194444 0.600000
vt 0.250000 0.600000
vt 0.305556 0.600000
vt 0.361111 0.600000
vt 0.416667 0.600000
vt 0.472222 0.600000
vt 0.527778 0.600000
vt 0.583333 0.600000
vt 0.638889 0.600000
vt 0.694444 0.600000
vt 0.805556 0.800000
vt 0.750000 0.800000
vt 0.861111 0.800000
vt 0.916667 0.800000
vt 0.972222 0.800000
vt 0.027778 0.800000
vt -0.027778 0.800000
vt 0.083333 0.800000
vt 0.138889 0.800000
vt 0.194444 0.800000
vt 0.250000 0.800000
vt 0.305556 0.800000
vt 0.361111 0.800000
vt 0.416667 0.800000
vt 0.472222 0.800000
vt 0.527778 0.800000
vt 0.583333 0.800000
vt 0.638889 0.800000
vt 0.694444 0.800000
vt 0.805556 1.000000
vt 0.750000 1.000000
vt 0.861111 1.000000
vt 0.916667 1.000000
vt 0.972222 1.000000
vt 0.027778 1.000000
vt -0.027778 1.000000
vt 0.083333 1.000000
vt 0.138889 1.000000
vt 0.194444 1.000000
vt 0.250000 1.000000
vt 0.305556 1.000000
vt 0.361111 1.000000
vt 0.416667 1.000000
vt 0.472222 1.000000
vt 0.527778 1.000000
vt 0.583333 1.000000
vt 0.638889 1.000000
vt 0.694444 1.000000
vt 0.500000 1.000000
vt 0.970821 1.000000
vt -0.019676 1.000000
s 1
usemtl wire_000000000
f 2206/711/1330 2207/712/1331 2208/713/1332 2209/714/1333
f 2206/711/1330 2210/715/1334 2211/716/1335 2207/712/1331
f 2206/711/1330 2212/717/1336 2213/718/1337 2210/719/1334
f 2206/711/1330 2214/720/1338 2215/721/1339 2212/717/1336
f 2206/711/1330 2216/722/1340 2217/723/1341 2214/720/1338
f 2206/711/1330 2218/724/1342 2219/725/1343 2216/722/1340
f 2206/711/1330 2220/726/1344 2221/727/1345 2218/724/1342
f 2206/711/1330 2222/728/1346 2223/729/1347 2220/726/1344
f 2206/711/1330 2209/714/1333 2224/730/1348 2222/728/1346
f 2209/714/1333 2208/713/1332 2225/731/1349 2226/732/1350
f 2208/713/1332 2207/712/1331 2227/733/1351 2225/731/1349
f 2207/712/1331 2211/716/1335 2228/734/1352 2227/733/1351
f 2211/716/1335 2210/715/1334 2229/735/1353 2228/734/1352
f 2210/719/1334 2213/718/1337 2230/736/1354 2229/737/1353
f 2213/718/1337 2212/717/1336 2231/738/1355 2230/736/1354
f 2212/717/1336 2215/721/1339 2232/739/1356 2231/738/1355
f 2215/721/1339 2214/720/1338 2233/740/1357 2232/739/1356
f 2214/720/1338 2217/723/1341 2234/741/1358 2233/740/1357
f 2217/723/1341 2216/722/1340 2235/742/1359 2234/741/1358
f 2216/722/1340 2219/725/1343 2236/743/1360 2235/742/1359
f 2219/725/1343 2218/724/1342 2237/744/1361 2236/743/1360
f 2218/724/1342 2221/727/1345 2238/745/1362 2237/744/1361
f 2221/727/1345 2220/726/1344 2239/746/1363 2238/745/1362
f 2220/726/1344 2223/729/1347 2240/747/1364 2239/746/1363
f 2223/729/1347 2222/728/1346 2241/748/1365 2240/747/1364
f 2222/728/1346 2224/730/1348 2242/749/1366 2241/748/1365
f 2224/730/1348 2209/714/1333 2226/732/1350 2242/749/1366
f 2226/732/1350 2225/731/1349 2243/750/1349 2244/751/1350
f 2225/731/1349 2227/733/1351 2245/752/1351 2243/750/1349
f 2227/733/1351 2228/734/1352 2246/753/1352 2245/752/1351
f 2228/734/1352 2229/735/1353 2247/754/1353 2246/753/1352
f 2229/737/1353 2230/736/1354 2248/755/1354 2247/756/1353
f 2230/736/1354 2231/738/1355 2249/757/1355 2248/755/1354
f 2231/738/1355 2232/739/1356 2250/758/1356 2249/757/1355
f 2232/739/1356 2233/740/1357 2251/759/1367 2250/758/1356
f 2233/740/1357 2234/741/1358 2252/760/1368 2251/759/1367
f 2234/741/1358 2235/742/1359 2253/761/1369 2252/760/1368
f 2235/742/1359 2236/743/1360 2254/762/1360 2253/761/1369
f 2236/743/1360 2237/744/1361 2255/763/1361 2254/762/1360
f 2237/744/1361 2238/745/1362 2256/764/1362 2255/763/1361
f 2238/745/1362 2239/746/1363 2257/765/1363 2256/764/1362
f 2239/746/1363 2240/747/1364 2258/766/1364 2257/765/1363
f 2240/747/1364 2241/748/1365 2259/767/1365 2258/766/1364
f 2241/748/1365 2242/749/1366 2260/768/1366 2259/767/1365
f 2242/749/1366 2226/732/1350 2244/751/1350 2260/768/1366
f 2244/751/1350 2243/750/1349 2261/769/1349 2262/770/1350
f 2243/750/1349 2245/752/1351 2263/771/1351 2261/769/1349
f 2245/752/1351 2246/753/1352 2264/772/1352 2263/771/1351
f 2246/753/1352 2247/754/1353 2265/773/1353 2264/772/1352
f 2247/756/1353 2248/755/1354 2266/774/1354 2265/775/1353
f 2248/755/1354 2249/757/1355 2267/776/1355 2266/774/1354
f 2249/757/1355 2250/758/1356 2268/777/1356 2267/776/1355
f 2250/758/1356 2251/759/1367 2269/778/1367 2268/777/1356
f 2251/759/1367 2252/760/1368 2270/779/1368 2269/778/1367
f 2252/760/1368 2253/761/1369 2271/780/1369 2270/779/1368
f 2253/761/1369 2254/762/1360 2272/781/1360 2271/780/1369
f 2254/762/1360 2255/763/1361 2273/782/1361 2272/781/1360
f 2255/763/1361 2256/764/1362 2274/783/1362 2273/782/1361
f 2256/764/1362 2257/765/1363 2275/784/1363 2274/783/1362
f 2257/765/1363 2258/766/1364 2276/785/1364 2275/784/1363
f 2258/766/1364 2259/767/1365 2277/786/1365 2276/785/1364
f 2259/767/1365 2260/768/1366 2278/787/1366 2277/786/1365
f 2260/768/1366 2244/751/1350 2262/770/1350 2278/787/1366
f 2262/770/1350 2261/769/1349 2279/788/1349 2280/789/1350
f 2261/769/1349 2263/771/1351 2281/790/1351 2279/788/1349
f 2263/771/1351 2264/772/1352 2282/791/1352 2281/790/1351
f 2264/772/1352 2265/773/1353 2283/792/1353 2282/791/1352
f 2265/775/1353 2266/774/1354 2284/793/1354 2283/794/1353
f 2266/774/1354 2267/776/1355 2285/795/1355 2284/793/1354
f 2267/776/1355 2268/777/1356 2286/796/1356 2285/795/1355
f 2268/777/1356 2269/778/1367 2287/797/1367 2286/796/1356
f 2269/778/1367 2270/779/1368 2288/798/1368 2287/797/1367
f 2270/779/1368 2271/780/1369 2289/799/1369 2288/798/1368
f 2271/780/1369 2272/781/1360 2290/800/1360 2289/799/1369
f 2272/781/1360 2273/782/1361 2291/801/1361 2290/800/1360
f 2273/782/1361 2274/783/1362 2292/802/1362 2291/801/1361
f 2274/783/1362 2275/784/1363 2293/803/1363 2292/802/1362
f 2275/784/1363 2276/785/1364 2294/804/1364 2293/803/1363
f 2276/785/1364 2277/786/1365 2295/805/1365 2294/804/1364
f 2277/786/1365 2278/787/1366 2296/806/1366 2295/805/1365
f 2278/787/1366 2262/770/1350 2280/789/1350 2296/806/1366
f 2280/789/1350 2279/788/1349 2297/807/1370 2298/808/1371
f 2279/788/1349 2281/790/1351 2299/809/1372 2297/807/1370
f 2281/790/1351 2282/791/1352 2300/810/1373 2299/809/1372
f 2282/791/1352 2283/792/1353 2301/811/1374 2300/810/1373
f 2283/794/1353 2284/793/1354 2302/812/1375 2301/813/1374
f 2284/793/1354 2285/795/1355 2303/814/1376 2302/812/1375
f 2285/795/1355 2286/796/1356 2304/815/1377 2303/814/1376
f 2286/796/1356 2287/797/1367 2305/816/1378 2304/815/1377
f 2287/797/1367 2288/798/1368 2306/817/1379 2305/816/1378
f 2288/798/1368 2289/799/1369 2307/818/1380 2306/817/1379
f 2289/799/1369 2290/800/1360 2308/819/1381 2307/818/1380
f 2290/800/1360 2291/801/1361 2309/820/1382 2308/819/1381
f 2291/801/1361 2292/802/1362 2310/821/1383 2309/820/1382
f 2292/802/1362 2293/803/1363 2311/822/1384 2310/821/1383
f 2293/803/1363 2294/804/1364 2312/823/1385 2311/822/1384
f 2294/804/1364 2295/805/1365 2313/824/1386 2312/823/1385
f 2295/805/1365 2296/806/1366 2314/825/1387 2313/824/1386
f 2296/806/1366 2280/789/1350 2298/808/1371 2314/825/1387
f 2315/826/1388 2314/825/1387 2298/808/1371 2297/807/1370
f 2315/826/1388 2297/807/1370 2299/809/1372 2300/810/1373
f 2315/826/1388 2300/810/1373 2301/811/1374 2302/827/1375
f 2315/826/1388 2302/812/1375 2303/814/1376 2304/815/1377
f 2315/826/1388 2304/815/1377 2305/816/1378 2306/817/1379
f 2315/826/1388 2306/817/1379 2307/818/1380 2308/819/1381
f 2315/826/1388 2308/819/1381 2309/820/1382 2310/821/1383
f 2315/826/1388 2310/821/1383 2311/822/1384 2312/823/1385
f 2315/826/1388 2312/823/1385 2313/824/1386 2314/825/1387
f 2316/711/1330 2317/712/1389 2318/713/1390 2319/714/1333
f 2316/711/1330 2320/715/1334 2321/716/1335 2317/712/1389
f 2316/711/1330 2322/717/1336 2323/718/1337 2320/719/1334
f 2316/711/1330 2324/720/1338 2325/721/1391 2322/717/1336
f 2316/711/1330 2326/722/1340 2327/723/1341 2324/720/1338
f 2316/711/1330 2328/724/1342 2329/725/1392 2326/722/1340
f 2316/711/1330 2330/726/1344 2331/727/1345 2328/724/1342
f 2316/711/1330 2332/728/1393 2333/729/1347 2330/726/1344
f 2316/711/1330 2319/714/1333 2334/730/1394 2332/728/1393
f 2319/714/1333 2318/713/1390 2335/731/1349 2336/732/1350
f 2318/713/1390 2317/712/1389 2337/733/1351 2335/731/1349
f 2317/712/1389 2321/716/1335 2338/734/1352 2337/733/1351
f 2321/716/1335 2320/715/1334 2339/735/1353 2338/734/1352
f 2320/719/1334 2323/718/1337 2340/736/1354 2339/737/1353
f 2323/718/1337 2322/717/1336 2341/738/1355 2340/736/1354
f 2322/717/1336 2325/721/1391 2342/739/1356 2341/738/1355
f 2325/721/1391 2324/720/1338 2343/740/1367 2342/739/1356
f 2324/720/1338 2327/723/1341 2344/741/1368 2343/740/1367
f 2327/723/1341 2326/722/1340 2345/742/1369 2344/741/1368
f 2326/722/1340 2329/725/1392 2346/743/1360 2345/742/1369
f 2329/725/1392 2328/724/1342 2347/744/1361 2346/743/1360
f 2328/724/1342 2331/727/1345 2348/745/1362 2347/744/1361
f 2331/727/1345 2330/726/1344 2349/746/1363 2348/745/1362
f 2330/726/1344 2333/729/1347 2350/747/1364 2349/746/1363
f 2333/729/1347 2332/728/1393 2351/748/1365 2350/747/1364
f 2332/728/1393 2334/730/1394 2352/749/1366 2351/748/1365
f 2334/730/1394 2319/714/1333 2336/732/1350 2352/749/1366
f 2336/732/1350 2335/731/1349 2353/750/1395 2354/751/1350
f 2335/731/1349 2337/733/1351 2355/752/1351 2353/750/1395
f 2337/733/1351 2338/734/1352 2356/753/1352 2355/752/1351
f 2338/734/1352 2339/735/1353 2357/754/1353 2356/753/1352
f 2339/737/1353 2340/736/1354 2358/755/1354 2357/756/1353
f 2340/736/1354 2341/738/1355 2359/757/1355 2358/755/1354
f 2341/738/1355 2342/739/1356 2360/758/1356 2359/757/1355
f 2342/739/1356 2343/740/1367 2361/759/1367 2360/758/1356
f 2343/740/1367 2344/741/1368 2362/760/1368 2361/759/1367
f 2344/741/1368 2345/742/1369 2363/761/1369 2362/760/1368
f 2345/742/1369 2346/743/1360 2364/762/1360 2363/761/1369
f 2346/743/1360 2347/744/1361 2365/763/1361 2364/762/1360
f 2347/744/1361 2348/745/1362 2366/764/1362 2365/763/1361
f 2348/745/1362 2349/746/1363 2367/765/1363 2366/764/1362
f 2349/746/1363 2350/747/1364 2368/766/1364 2367/765/1363
f 2350/747/1364 2351/748/1365 2369/767/1365 2368/766/1364
f 2351/748/1365 2352/749/1366 2370/768/1396 2369/767/1365
f 2352/749/1366 2336/732/1350 2354/751/1350 2370/768/1396
f 2354/751/1350 2353/750/1395 2371/769/1395 2372/770/1397
f 2353/750/1395 2355/752/1351 2373/771/1351 2371/769/1395
f 2355/752/1351 2356/753/1352 2374/772/1352 2373/771/1351
f 2356/753/1352 2357/754/1353 2375/773/1353 2374/772/1352
f 2357/756/1353 2358/755/1354 2376/774/1354 2375/775/1353
f 2358/755/1354 2359/757/1355 2377/776/1355 2376/774/1354
f 2359/757/1355 2360/758/1356 2378/777/1356 2377/776/1355
f 2360/758/1356 2361/759/1367 2379/778/1357 2378/777/1356
f 2361/759/1367 2362/760/1368 2380/779/1358 2379/778/1357
f 2362/760/1368 2363/761/1369 2381/780/1359 2380/779/1358
f 2363/761/1369 2364/762/1360 2382/781/1360 2381/780/1359
f 2364/762/1360 2365/763/1361 2383/782/1361 2382/781/1360
f 2365/763/1361 2366/764/1362 2384/783/1362 2383/782/1361
f 2366/764/1362 2367/765/1363 2385/784/1363 2384/783/1362
f 2367/765/1363 2368/766/1364 2386/785/1364 2385/784/1363
f 2368/766/1364 2369/767/1365 2387/786/1365 2386/785/1364
f 2369/767/1365 2370/768/1396 2388/787/1396 2387/786/1365
f 2370/768/1396 2354/751/1350 2372/770/1397 2388/787/1396
f 2372/770/1397 2371/769/1395 2389/788/1349 2390/789/1350
f 2371/769/1395 2373/771/1351 2391/790/1351 2389/788/1349
f 2373/771/1351 2374/772/1352 2392/791/1352 2391/790/1351
f 2374/772/1352 2375/773/1353 2393/792/1353 2392/791/1352
f 2375/775/1353 2376/774/1354 2394/793/1354 2393/794/1353
f 2376/774/1354 2377/776/1355 2395/795/1355 2394/793/1354
f 2377/776/1355 2378/777/1356 2396/796/1356 2395/795/1355
f 2378/777/1356 2379/778/1357 2397/797/1367 2396/796/1356
f 2379/778/1357 2380/779/1358 2398/798/1368 2397/797/1367
f 2380/779/1358 2381/780/1359 2399/799/1369 2398/798/1368
f 2381/780/1359 2382/781/1360 2400/800/1360 2399/799/1369
f 2382/781/1360 2383/782/1361 2401/801/1361 2400/800/1360
f 2383/782/1361 2384/783/1362 2402/802/1362 2401/801/1361
f 2384/783/1362 2385/784/1363 2403/803/1363 2402/802/1362
f 2385/784/1363 2386/785/1364 2404/804/1364 2403/803/1363
f 2386/785/1364 2387/786/1365 2405/805/1365 2404/804/1364
f 2387/786/1365 2388/787/1396 2406/806/1366 2405/805/1365
f 2388/787/1396 2372/770/1397 2390/789/1350 2406/806/1366
f 2390/789/1350 2389/788/1349 2407/807/1370 2408/808/1371
f 2389/788/1349 2391/790/1351 2409/809/1398 2407/807/1370
f 2391/790/1351 2392/791/1352 2410/810/1399 2409/809/1398
f 2392/791/1352 2393/792/1353 2411/811/1374 2410/810/1399
f 2393/794/1353 2394/793/1354 2412/812/1375 2411/813/1374
f 2394/793/1354 2395/795/1355 2413/814/1376 2412/812/1375
f 2395/795/1355 2396/796/1356 2414/815/1400 2413/814/1376
f 2396/796/1356 2397/797/1367 2415/816/1378 2414/815/1400
f 2397/797/1367 2398/798/1368 2416/817/1401 2415/816/1378
f 2398/798/1368 2399/799/1369 2417/818/1380 2416/817/1401
f 2399/799/1369 2400/800/1360 2418/819/1402 2417/818/1380
f 2400/800/1360 2401/801/1361 2419/820/1382 2418/819/1402
f 2401/801/1361 2402/802/1362 2420/821/1383 2419/820/1382
f 2402/802/1362 2403/803/1363 2421/822/1384 2420/821/1383
f 2403/803/1363 2404/804/1364 2422/823/1403 2421/822/1384
f 2404/804/1364 2405/805/1365 2423/824/1404 2422/823/1403
f 2405/805/1365 2406/806/1366 2424/825/1387 2423/824/1404
f 2406/806/1366 2390/789/1350 2408/808/1371 2424/825/1387
f 2425/826/1388 2424/825/1387 2408/808/1371 2407/807/1370
f 2425/826/1388 2407/807/1370 2409/809/1398 2410/810/1399
f 2425/826/1388 2410/828/1399 2411/813/1374 2412/812/1375
f 2425/826/1388 2412/812/1375 2413/814/1376 2414/815/1400
f 2425/826/1388 2414/815/1400 2415/816/1378 2416/817/1401
f 2425/826/1388 2416/817/1401 2417/818/1380 2418/819/1402
f 2425/826/1388 2418/819/1402 2419/820/1382 2420/821/1383
f 2425/826/1388 2420/821/1383 2421/822/1384 2422/823/1403
f 2425/826/1388 2422/823/1403 2423/824/1404 2424/825/1387
o Cylinder012
v -0.309833 1.103488 0.736575
v -0.342728 1.132935 0.723712
v -0.350713 1.119156 0.722506
v -0.353768 1.103488 0.722997
v -0.316296 1.148603 0.730446
v -0.330775 1.143161 0.726469
v -0.286840 1.143161 0.740047
v -0.301038 1.148603 0.735162
v -0.268142 1.119156 0.748024
v -0.275416 1.132935 0.744514
v -0.268952 1.087820 0.750643
v -0.265897 1.103488 0.750152
v -0.288890 1.063815 0.746680
v -0.276937 1.074042 0.749437
v -0.318627 1.058374 0.737987
v -0.303369 1.058374 0.742703
v -0.344250 1.074042 0.728635
v -0.332825 1.063815 0.733102
v -0.351523 1.087820 0.725125
v -0.321815 1.110594 0.628997
v -0.324869 1.094926 0.629488
v -0.313830 1.124372 0.630203
v -0.301877 1.134599 0.632961
v -0.287398 1.140040 0.636937
v -0.272140 1.140040 0.641653
v -0.257942 1.134599 0.646539
v -0.246517 1.124372 0.651006
v -0.239244 1.110594 0.654515
v -0.236999 1.094926 0.656644
v -0.240053 1.079257 0.657134
v -0.248039 1.065479 0.655928
v -0.259992 1.055253 0.653171
v -0.274470 1.049811 0.649195
v -0.289729 1.049811 0.644479
v -0.303927 1.055253 0.639593
v -0.315351 1.065479 0.635126
v -0.322625 1.079257 0.631616
v -0.292917 1.102031 0.535488
v -0.295971 1.086363 0.535979
v -0.284932 1.115809 0.536694
v -0.272979 1.126036 0.539451
v -0.258500 1.131477 0.543428
v -0.243241 1.131477 0.548144
v -0.229043 1.126036 0.553030
v -0.217619 1.115809 0.557497
v -0.210346 1.102031 0.561006
v -0.208101 1.086363 0.563135
v -0.211155 1.070695 0.563625
v -0.219140 1.056917 0.562420
v -0.231093 1.046690 0.559662
v -0.245572 1.041248 0.555685
v -0.260831 1.041248 0.550970
v -0.275028 1.046690 0.546084
v -0.286453 1.056916 0.541617
v -0.293726 1.070695 0.538107
v -0.264018 1.093468 0.441979
v -0.267073 1.077800 0.442470
v -0.256033 1.107247 0.443186
v -0.244080 1.117473 0.445943
v -0.229601 1.122915 0.449919
v -0.214343 1.122915 0.454635
v -0.200145 1.117473 0.459521
v -0.188721 1.107247 0.463988
v -0.181447 1.093468 0.467497
v -0.179202 1.077800 0.469626
v -0.182257 1.062132 0.470116
v -0.190242 1.048354 0.468911
v -0.202195 1.038127 0.466153
v -0.216674 1.032686 0.462177
v -0.231932 1.032686 0.457462
v -0.246130 1.038127 0.452575
v -0.257555 1.048354 0.448108
v -0.264828 1.062132 0.444599
v -0.235120 1.084906 0.348471
v -0.238174 1.069237 0.348961
v -0.227135 1.098684 0.349676
v -0.215182 1.108911 0.352434
v -0.200703 1.114352 0.356410
v -0.185445 1.114352 0.361126
v -0.171247 1.108911 0.366012
v -0.159822 1.098684 0.370479
v -0.152549 1.084906 0.373988
v -0.150304 1.069237 0.376117
v -0.153358 1.053569 0.376608
v -0.161344 1.039791 0.375402
v -0.173296 1.029564 0.372644
v -0.187775 1.024123 0.368667
v -0.203034 1.024123 0.363952
v -0.217232 1.029564 0.359066
v -0.228656 1.039791 0.354599
v -0.235930 1.053569 0.351089
v -0.206222 1.076343 0.254961
v -0.209276 1.060675 0.255453
v -0.198237 1.090121 0.256168
v -0.186284 1.100348 0.258925
v -0.171805 1.105789 0.262901
v -0.156546 1.105789 0.267617
v -0.142348 1.100348 0.272503
v -0.130924 1.090121 0.276970
v -0.123651 1.076343 0.280479
v -0.121406 1.060675 0.282608
v -0.124460 1.045007 0.283100
v -0.132445 1.031228 0.281893
v -0.144398 1.021002 0.279135
v -0.158877 1.015560 0.275160
v -0.174136 1.015560 0.270444
v -0.188333 1.021002 0.265558
v -0.199758 1.031228 0.261090
v -0.207031 1.045007 0.257582
v -0.165341 1.060675 0.269030
vn -0.2941 0.0872 0.9518
vn -0.7281 0.5337 0.4301
vn -0.8570 0.3113 0.4106
vn -0.9063 0.0584 0.4185
vn -0.3014 0.7867 0.5388
vn -0.5352 0.6988 0.4746
vn 0.1741 0.6988 0.6938
vn -0.0551 0.7867 0.6149
vn 0.4759 0.3113 0.8225
vn 0.3585 0.5338 0.7659
vn 0.4628 -0.1945 0.8648
vn 0.5122 0.0584 0.8569
vn 0.1410 -0.5820 0.8008
vn 0.3339 -0.4169 0.8454
vn -0.3391 -0.6699 0.6605
vn -0.0928 -0.6699 0.7367
vn -0.7527 -0.4170 0.5096
vn -0.5682 -0.5820 0.5817
vn -0.8701 -0.1945 0.4529
vn -0.8890 0.3407 -0.3059
vn -0.9554 -0.0000 -0.2953
vn -0.7154 0.6403 -0.2797
vn -0.4554 0.8627 -0.2197
vn -0.1406 0.9811 -0.1333
vn 0.1912 0.9811 -0.0307
vn 0.5000 0.8627 0.0755
vn 0.7484 0.6403 0.1727
vn 0.9066 0.3407 0.2490
vn 0.9554 -0.0000 0.2953
vn 0.8890 -0.3407 0.3059
vn 0.7153 -0.6404 0.2797
vn 0.4554 -0.8627 0.2197
vn 0.1406 -0.9811 0.1333
vn -0.1913 -0.9811 0.0307
vn -0.5000 -0.8627 -0.0755
vn -0.7484 -0.6404 -0.1727
vn -0.9066 -0.3407 -0.2490
vn 0.7153 -0.6403 0.2797
vn -0.7484 -0.6403 -0.1727
vn 0.7154 -0.6403 0.2797
vn -0.1912 -0.9811 0.0307
vn -0.4628 0.1945 -0.8648
vn -0.5122 -0.0584 -0.8569
vn -0.3340 0.4170 -0.8454
vn -0.1410 0.5820 -0.8008
vn 0.0928 0.6699 -0.7367
vn 0.3390 0.6699 -0.6605
vn 0.5682 0.5820 -0.5817
vn 0.7527 0.4169 -0.5096
vn 0.8701 0.1945 -0.4529
vn 0.9063 -0.0584 -0.4186
vn 0.8570 -0.3113 -0.4106
vn 0.7281 -0.5338 -0.4301
vn 0.5351 -0.6988 -0.4746
vn 0.3014 -0.7867 -0.5388
vn 0.0551 -0.7867 -0.6149
vn -0.1741 -0.6988 -0.6938
vn -0.3585 -0.5337 -0.7659
vn -0.4759 -0.3113 -0.8225
vn 0.2941 -0.0872 -0.9518
vt 0.500000 0.000000
vt 0.861111 0.000000
vt 0.805556 0.000000
vt 0.750000 0.000000
vt 0.972222 0.000000
vt 0.916667 0.000000
vt 0.083333 0.000000
vt 0.027778 0.000000
vt -0.027778 0.000000
vt 0.194444 0.000000
vt 0.138889 0.000000
vt 0.305556 0.000000
vt 0.250000 0.000000
vt 0.416667 0.000000
vt 0.361111 0.000000
vt 0.527778 0.000000
vt 0.472222 0.000000
vt 0.638889 0.000000
vt 0.583333 0.000000
vt 0.694444 0.000000
vt 0.805556 0.200000
vt 0.750000 0.200000
vt 0.861111 0.200000
vt 0.916667 0.200000
vt 0.972222 0.200000
vt 0.027778 0.200000
vt -0.027778 0.200000
vt 0.083333 0.200000
vt 0.138889 0.200000
vt 0.194444 0.200000
vt 0.250000 0.200000
vt 0.305556 0.200000
vt 0.361111 0.200000
vt 0.416667 0.200000
vt 0.472222 0.200000
vt 0.527778 0.200000
vt 0.583333 0.200000
vt 0.638889 0.200000
vt 0.694444 0.200000
vt 0.805556 0.400000
vt 0.750000 0.400000
vt 0.861111 0.400000
vt 0.916667 0.400000
vt 0.972222 0.400000
vt 0.027778 0.400000
vt -0.027778 0.400000
vt 0.083333 0.400000
vt 0.138889 0.400000
vt 0.194444 0.400000
vt 0.250000 0.400000
vt 0.305556 0.400000
vt 0.361111 0.400000
vt 0.416667 0.400000
vt 0.472222 0.400000
vt 0.527778 0.400000
vt 0.583333 0.400000
vt 0.638889 0.400000
vt 0.694444 0.400000
vt 0.805556 0.600000
vt 0.750000 0.600000
vt 0.861111 0.600000
vt 0.916667 0.600000
vt 0.972222 0.600000
vt 0.027778 0.600000
vt -0.027778 0.600000
vt 0.083333 0.600000
vt 0.138889 0.600000
vt 0.194444 0.600000
vt 0.250000 0.600000
vt 0.305556 0.600000
vt 0.361111 0.600000
vt 0.416667 0.600000
vt 0.472222 0.600000
vt 0.527778 0.600000
vt 0.583333 0.600000
vt 0.638889 0.600000
vt 0.694444 0.600000
vt 0.805556 0.800000
vt 0.750000 0.800000
vt 0.861111 0.800000
vt 0.916667 0.800000
vt 0.972222 0.800000
vt 0.027778 0.800000
vt -0.027778 0.800000
vt 0.083333 0.800000
vt 0.138889 0.800000
vt 0.194444 0.800000
vt 0.250000 0.800000
vt 0.305556 0.800000
vt 0.361111 0.800000
vt 0.416667 0.800000
vt 0.472222 0.800000
vt 0.527778 0.800000
vt 0.583333 0.800000
vt 0.638889 0.800000
vt 0.694444 0.800000
vt 0.805556 1.000000
vt 0.750000 1.000000
vt 0.861111 1.000000
vt 0.916667 1.000000
vt 0.972222 1.000000
vt 0.027778 1.000000
vt -0.027778 1.000000
vt 0.083333 1.000000
vt 0.138889 1.000000
vt 0.194444 1.000000
vt 0.250000 1.000000
vt 0.305556 1.000000
vt 0.361111 1.000000
vt 0.416667 1.000000
vt 0.472222 1.000000
vt 0.527778 1.000000
vt 0.583333 1.000000
vt 0.638889 1.000000
vt 0.694444 1.000000
vt 0.500000 1.000000
vt 0.970821 1.000000
s 1
usemtl wire_000000000
f 2426/829/1405 2427/830/1406 2428/831/1407 2429/832/1408
f 2426/829/1405 2430/833/1409 2431/834/1410 2427/830/1406
f 2426/829/1405 2432/835/1411 2433/836/1412 2430/837/1409
f 2426/829/1405 2434/838/1413 2435/839/1414 2432/835/1411
f 2426/829/1405 2436/840/1415 2437/841/1416 2434/838/1413
f 2426/829/1405 2438/842/1417 2439/843/1418 2436/840/1415
f 2426/829/1405 2440/844/1419 2441/845/1420 2438/842/1417
f 2426/829/1405 2442/846/1421 2443/847/1422 2440/844/1419
f 2426/829/1405 2429/832/1408 2444/848/1423 2442/846/1421
f 2429/832/1408 2428/831/1407 2445/849/1424 2446/850/1425
f 2428/831/1407 2427/830/1406 2447/851/1426 2445/849/1424
f 2427/830/1406 2431/834/1410 2448/852/1427 2447/851/1426
f 2431/834/1410 2430/833/1409 2449/853/1428 2448/852/1427
f 2430/837/1409 2433/836/1412 2450/854/1429 2449/855/1428
f 2433/836/1412 2432/835/1411 2451/856/1430 2450/854/1429
f 2432/835/1411 2435/839/1414 2452/857/1431 2451/856/1430
f 2435/839/1414 2434/838/1413 2453/858/1432 2452/857/1431
f 2434/838/1413 2437/841/1416 2454/859/1433 2453/858/1432
f 2437/841/1416 2436/840/1415 2455/860/1434 2454/859/1433
f 2436/840/1415 2439/843/1418 2456/861/1435 2455/860/1434
f 2439/843/1418 2438/842/1417 2457/862/1436 2456/861/1435
f 2438/842/1417 2441/845/1420 2458/863/1437 2457/862/1436
f 2441/845/1420 2440/844/1419 2459/864/1438 2458/863/1437
f 2440/844/1419 2443/847/1422 2460/865/1439 2459/864/1438
f 2443/847/1422 2442/846/1421 2461/866/1440 2460/865/1439
f 2442/846/1421 2444/848/1423 2462/867/1441 2461/866/1440
f 2444/848/1423 2429/832/1408 2446/850/1425 2462/867/1441
f 2446/850/1425 2445/849/1424 2463/868/1424 2464/869/1425
f 2445/849/1424 2447/851/1426 2465/870/1426 2463/868/1424
f 2447/851/1426 2448/852/1427 2466/871/1427 2465/870/1426
f 2448/852/1427 2449/853/1428 2467/872/1428 2466/871/1427
f 2449/855/1428 2450/854/1429 2468/873/1429 2467/874/1428
f 2450/854/1429 2451/856/1430 2469/875/1430 2468/873/1429
f 2451/856/1430 2452/857/1431 2470/876/1431 2469/875/1430
f 2452/857/1431 2453/858/1432 2471/877/1432 2470/876/1431
f 2453/858/1432 2454/859/1433 2472/878/1433 2471/877/1432
f 2454/859/1433 2455/860/1434 2473/879/1434 2472/878/1433
f 2455/860/1434 2456/861/1435 2474/880/1442 2473/879/1434
f 2456/861/1435 2457/862/1436 2475/881/1436 2474/880/1442
f 2457/862/1436 2458/863/1437 2476/882/1437 2475/881/1436
f 2458/863/1437 2459/864/1438 2477/883/1438 2476/882/1437
f 2459/864/1438 2460/865/1439 2478/884/1439 2477/883/1438
f 2460/865/1439 2461/866/1440 2479/885/1443 2478/884/1439
f 2461/866/1440 2462/867/1441 2480/886/1441 2479/885/1443
f 2462/867/1441 2446/850/1425 2464/869/1425 2480/886/1441
f 2464/869/1425 2463/868/1424 2481/887/1424 2482/888/1425
f 2463/868/1424 2465/870/1426 2483/889/1426 2481/887/1424
f 2465/870/1426 2466/871/1427 2484/890/1427 2483/889/1426
f 2466/871/1427 2467/872/1428 2485/891/1428 2484/890/1427
f 2467/874/1428 2468/873/1429 2486/892/1429 2485/893/1428
f 2468/873/1429 2469/875/1430 2487/894/1430 2486/892/1429
f 2469/875/1430 2470/876/1431 2488/895/1431 2487/894/1430
f 2470/876/1431 2471/877/1432 2489/896/1432 2488/895/1431
f 2471/877/1432 2472/878/1433 2490/897/1433 2489/896/1432
f 2472/878/1433 2473/879/1434 2491/898/1434 2490/897/1433
f 2473/879/1434 2474/880/1442 2492/899/1444 2491/898/1434
f 2474/880/1442 2475/881/1436 2493/900/1436 2492/899/1444
f 2475/881/1436 2476/882/1437 2494/901/1437 2493/900/1436
f 2476/882/1437 2477/883/1438 2495/902/1445 2494/901/1437
f 2477/883/1438 2478/884/1439 2496/903/1439 2495/902/1445
f 2478/884/1439 2479/885/1443 2497/904/1443 2496/903/1439
f 2479/885/1443 2480/886/1441 2498/905/1441 2497/904/1443
f 2480/886/1441 2464/869/1425 2482/888/1425 2498/905/1441
f 2482/888/1425 2481/887/1424 2499/906/1424 2500/907/1425
f 2481/887/1424 2483/889/1426 2501/908/1426 2499/906/1424
f 2483/889/1426 2484/890/1427 2502/909/1427 2501/908/1426
f 2484/890/1427 2485/891/1428 2503/910/1428 2502/909/1427
f 2485/893/1428 2486/892/1429 2504/911/1429 2503/912/1428
f 2486/892/1429 2487/894/1430 2505/913/1430 2504/911/1429
f 2487/894/1430 2488/895/1431 2506/914/1431 2505/913/1430
f 2488/895/1431 2489/896/1432 2507/915/1432 2506/914/1431
f 2489/896/1432 2490/897/1433 2508/916/1433 2507/915/1432
f 2490/897/1433 2491/898/1434 2509/917/1434 2508/916/1433
f 2491/898/1434 2492/899/1444 2510/918/1442 2509/917/1434
f 2492/899/1444 2493/900/1436 2511/919/1436 2510/918/1442
f 2493/900/1436 2494/901/1437 2512/920/1437 2511/919/1436
f 2494/901/1437 2495/902/1445 2513/921/1445 2512/920/1437
f 2495/902/1445 2496/903/1439 2514/922/1439 2513/921/1445
f 2496/903/1439 2497/904/1443 2515/923/1443 2514/922/1439
f 2497/904/1443 2498/905/1441 2516/924/1441 2515/923/1443
f 2498/905/1441 2482/888/1425 2500/907/1425 2516/924/1441
f 2500/907/1425 2499/906/1424 2517/925/1446 2518/926/1447
f 2499/906/1424 2501/908/1426 2519/927/1448 2517/925/1446
f 2501/908/1426 2502/909/1427 2520/928/1449 2519/927/1448
f 2502/909/1427 2503/910/1428 2521/929/1450 2520/928/1449
f 2503/912/1428 2504/911/1429 2522/930/1451 2521/931/1450
f 2504/911/1429 2505/913/1430 2523/932/1452 2522/930/1451
f 2505/913/1430 2506/914/1431 2524/933/1453 2523/932/1452
f 2506/914/1431 2507/915/1432 2525/934/1454 2524/933/1453
f 2507/915/1432 2508/916/1433 2526/935/1455 2525/934/1454
f 2508/916/1433 2509/917/1434 2527/936/1456 2526/935/1455
f 2509/917/1434 2510/918/1442 2528/937/1457 2527/936/1456
f 2510/918/1442 2511/919/1436 2529/938/1458 2528/937/1457
f 2511/919/1436 2512/920/1437 2530/939/1459 2529/938/1458
f 2512/920/1437 2513/921/1445 2531/940/1460 2530/939/1459
f 2513/921/1445 2514/922/1439 2532/941/1461 2531/940/1460
f 2514/922/1439 2515/923/1443 2533/942/1462 2532/941/1461
f 2515/923/1443 2516/924/1441 2534/943/1463 2533/942/1462
f 2516/924/1441 2500/907/1425 2518/926/1447 2534/943/1463
f 2535/944/1464 2534/943/1463 2518/926/1447 2517/925/1446
f 2535/944/1464 2517/925/1446 2519/927/1448 2520/928/1449
f 2535/944/1464 2520/928/1449 2521/929/1450 2522/945/1451
f 2535/944/1464 2522/930/1451 2523/932/1452 2524/933/1453
f 2535/944/1464 2524/933/1453 2525/934/1454 2526/935/1455
f 2535/944/1464 2526/935/1455 2527/936/1456 2528/937/1457
f 2535/944/1464 2528/937/1457 2529/938/1458 2530/939/1459
f 2535/944/1464 2530/939/1459 2531/940/1460 2532/941/1461
f 2535/944/1464 2532/941/1461 2533/942/1462 2534/943/1463
o Cylinder013
v -0.014697 0.168141 0.061970
v -0.018631 0.179323 0.074702
v -0.019523 0.174091 0.077588
v -0.019833 0.168141 0.078590
v -0.015589 0.185273 0.064857
v -0.017265 0.183206 0.070280
v -0.012128 0.183206 0.053661
v -0.013805 0.185273 0.059084
v -0.009870 0.174091 0.046353
v -0.010762 0.179323 0.049239
v -0.009870 0.162192 0.046353
v -0.009560 0.168141 0.045350
v -0.012128 0.153077 0.053661
v -0.010762 0.156960 0.049239
v -0.015588 0.151010 0.064857
v -0.013805 0.151010 0.059084
v -0.018631 0.156960 0.074702
v -0.017265 0.153077 0.070280
v -0.019523 0.162192 0.077588
v -0.050096 0.174091 0.068140
v -0.050406 0.168141 0.069142
v -0.049205 0.179323 0.065254
v -0.047838 0.183206 0.060832
v -0.046162 0.185273 0.055408
v -0.044378 0.185273 0.049636
v -0.042702 0.183206 0.044213
v -0.041335 0.179323 0.039790
v -0.040443 0.174091 0.036904
v -0.040134 0.168141 0.035902
v -0.040443 0.162192 0.036904
v -0.041335 0.156960 0.039790
v -0.042702 0.153077 0.044213
v -0.044378 0.151010 0.049636
v -0.046162 0.151010 0.055408
v -0.047838 0.153077 0.060832
v -0.049205 0.156960 0.065254
v -0.050096 0.162192 0.068140
v -0.080670 0.174091 0.058691
v -0.080979 0.168141 0.059693
v -0.079778 0.179323 0.055806
v -0.078411 0.183206 0.051383
v -0.076735 0.185273 0.045960
v -0.074951 0.185273 0.040188
v -0.073275 0.183206 0.034764
v -0.071909 0.179323 0.030342
v -0.071017 0.174091 0.027456
v -0.070707 0.168141 0.026453
v -0.071017 0.162192 0.027456
v -0.071909 0.156960 0.030342
v -0.073275 0.153077 0.034764
v -0.074951 0.151010 0.040188
v -0.076735 0.151010 0.045960
v -0.078411 0.153077 0.051383
v -0.079778 0.156960 0.055806
v -0.080670 0.162192 0.058691
v -0.111243 0.174091 0.049242
v -0.111553 0.168141 0.050245
v -0.110351 0.179323 0.046357
v -0.108985 0.183206 0.041935
v -0.107308 0.185273 0.036511
v -0.105525 0.185273 0.030739
v -0.103848 0.183206 0.025315
v -0.102482 0.179323 0.020893
v -0.101590 0.174091 0.018008
v -0.101280 0.168141 0.017005
v -0.101590 0.162192 0.018008
v -0.102482 0.156960 0.020893
v -0.103848 0.153077 0.025315
v -0.105525 0.151010 0.030739
v -0.107308 0.151010 0.036511
v -0.108985 0.153077 0.041935
v -0.110351 0.156960 0.046357
v -0.111243 0.162192 0.049242
v -0.141816 0.174091 0.039794
v -0.142126 0.168141 0.040797
v -0.140924 0.179323 0.036908
v -0.139558 0.183206 0.032486
v -0.137882 0.185273 0.027062
v -0.136098 0.185273 0.021290
v -0.134422 0.183206 0.015867
v -0.133055 0.179323 0.011444
v -0.132163 0.174091 0.008559
v -0.131854 0.168141 0.007557
v -0.132163 0.162192 0.008559
v -0.133055 0.156960 0.011444
v -0.134422 0.153077 0.015867
v -0.136098 0.151010 0.021290
v -0.137882 0.151010 0.027062
v -0.139558 0.153077 0.032486
v -0.140924 0.156960 0.036908
v -0.141816 0.162192 0.039794
v -0.172390 0.174091 0.030346
v -0.172699 0.168141 0.031348
v -0.171498 0.179323 0.027459
v -0.170131 0.183206 0.023037
v -0.168455 0.185273 0.017614
v -0.166671 0.185273 0.011842
v -0.164995 0.183206 0.006418
v -0.163628 0.179323 0.001996
v -0.162737 0.174091 -0.000889
v -0.162427 0.168141 -0.001892
v -0.162737 0.162192 -0.000889
v -0.163628 0.156960 0.001996
v -0.164995 0.153077 0.006418
v -0.166671 0.151010 0.011842
v -0.168455 0.151010 0.017614
v -0.170131 0.153077 0.023037
v -0.171498 0.156960 0.027459
v -0.172390 0.162192 0.030346
v -0.167563 0.168141 0.014728
v -0.229315 1.060975 0.756431
v -0.233250 1.072156 0.769162
v -0.234142 1.066924 0.772048
v -0.234452 1.060975 0.773051
v -0.230207 1.078106 0.759316
v -0.231884 1.076039 0.764741
v -0.226747 1.076039 0.748121
v -0.228424 1.078106 0.753545
v -0.224489 1.066924 0.740814
v -0.225381 1.072156 0.743699
v -0.224489 1.055025 0.740814
v -0.224179 1.060975 0.739811
v -0.226747 1.045910 0.748121
v -0.225381 1.049793 0.743699
v -0.230207 1.043843 0.759316
v -0.228424 1.043843 0.753545
v -0.233250 1.049793 0.769162
v -0.231884 1.045910 0.764741
v -0.234142 1.055025 0.772048
v -0.264715 1.066924 0.762600
v -0.265025 1.060975 0.763602
v -0.263823 1.072156 0.759714
v -0.262457 1.076039 0.755292
v -0.260781 1.078106 0.749868
v -0.258997 1.078106 0.744097
v -0.257321 1.076039 0.738672
v -0.255954 1.072156 0.734251
v -0.255062 1.066924 0.731365
v -0.254752 1.060975 0.730363
v -0.255062 1.055025 0.731365
v -0.255954 1.049793 0.734251
v -0.257321 1.045910 0.738672
v -0.258997 1.043843 0.744097
v -0.260781 1.043843 0.749868
v -0.262457 1.045910 0.755292
v -0.263823 1.049793 0.759714
v -0.264715 1.055025 0.762600
v -0.295289 1.066924 0.753151
v -0.295598 1.060975 0.754154
v -0.294397 1.072156 0.750265
v -0.293030 1.076039 0.745844
v -0.291354 1.078106 0.740420
v -0.289570 1.078106 0.734648
v -0.287894 1.076039 0.729224
v -0.286527 1.072156 0.724802
v -0.285635 1.066924 0.721916
v -0.285326 1.060975 0.720914
v -0.285635 1.055025 0.721916
v -0.286527 1.049793 0.724802
v -0.287894 1.045910 0.729224
v -0.289570 1.043843 0.734648
v -0.291354 1.043843 0.740420
v -0.293030 1.045910 0.745844
v -0.294397 1.049793 0.750265
v -0.295289 1.055025 0.753151
v -0.325862 1.066924 0.743703
v -0.326172 1.060975 0.744705
v -0.324970 1.072156 0.740816
v -0.323603 1.076039 0.736395
v -0.321927 1.078106 0.730972
v -0.320143 1.078106 0.725199
v -0.318467 1.076039 0.719776
v -0.317101 1.072156 0.715353
v -0.316209 1.066924 0.712467
v -0.315899 1.060975 0.711466
v -0.316209 1.055025 0.712467
v -0.317101 1.049793 0.715353
v -0.318467 1.045910 0.719776
v -0.320143 1.043843 0.725199
v -0.321927 1.043843 0.730972
v -0.323603 1.045910 0.736395
v -0.324970 1.049793 0.740816
v -0.325862 1.055025 0.743703
v -0.356435 1.066924 0.734255
v -0.356745 1.060975 0.735256
v -0.355543 1.072156 0.731368
v -0.354177 1.076039 0.726946
v -0.352500 1.078106 0.721523
v -0.350717 1.078106 0.715751
v -0.349040 1.076039 0.710327
v -0.347674 1.072156 0.705905
v -0.346782 1.066924 0.703019
v -0.346472 1.060975 0.702017
v -0.346782 1.055025 0.703019
v -0.347674 1.049793 0.705905
v -0.349040 1.045910 0.710327
v -0.350717 1.043843 0.715751
v -0.352500 1.043843 0.721523
v -0.354177 1.045910 0.726946
v -0.355543 1.049793 0.731368
v -0.356435 1.055025 0.734255
v -0.387008 1.066924 0.724806
v -0.387318 1.060975 0.725808
v -0.386116 1.072156 0.721920
v -0.384750 1.076039 0.717498
v -0.383074 1.078106 0.712074
v -0.381290 1.078106 0.706302
v -0.379614 1.076039 0.700878
v -0.378247 1.072156 0.696457
v -0.377355 1.066924 0.693571
v -0.377046 1.060975 0.692568
v -0.377355 1.055025 0.693571
v -0.378247 1.049793 0.696457
v -0.379614 1.045910 0.700878
v -0.381290 1.043843 0.706302
v -0.383074 1.043843 0.712074
v -0.384750 1.045910 0.717498
v -0.386116 1.049793 0.721920
v -0.387008 1.055025 0.724806
v -0.382182 1.060975 0.709188
v -0.152287 0.164686 0.014164
v -0.148993 0.161047 0.019836
v -0.151446 0.160222 0.020132
v -0.154000 0.159936 0.019710
v -0.145527 0.163861 0.017308
v -0.146938 0.162311 0.018854
v -0.145224 0.167061 0.013310
v -0.144932 0.165511 0.015382
v -0.148226 0.169150 0.009712
v -0.146368 0.168325 0.011340
v -0.153127 0.169150 0.008196
v -0.150573 0.169436 0.008619
v -0.157635 0.167061 0.009474
v -0.155580 0.168325 0.008493
v -0.159641 0.163861 0.012946
v -0.159046 0.165511 0.011021
v -0.158205 0.161047 0.016989
v -0.159349 0.162311 0.015019
v -0.156348 0.160222 0.018618
v -0.194459 0.338208 0.159313
v -0.197013 0.337921 0.158889
v -0.192006 0.339033 0.159016
v -0.189951 0.340297 0.158035
v -0.188540 0.341847 0.156488
v -0.187945 0.343497 0.154562
v -0.188237 0.345047 0.152490
v -0.189381 0.346311 0.150520
v -0.191238 0.347135 0.148891
v -0.193586 0.347422 0.147799
v -0.196140 0.347135 0.147376
v -0.198593 0.346311 0.147673
v -0.200648 0.345047 0.148653
v -0.202059 0.343497 0.150201
v -0.202654 0.341847 0.152126
v -0.202362 0.340297 0.154199
v -0.201218 0.339033 0.156168
v -0.199360 0.338208 0.157797
v -0.237472 0.516193 0.298492
v -0.240026 0.515907 0.298069
v -0.235019 0.517018 0.298195
v -0.232963 0.518282 0.297214
v -0.231553 0.519832 0.295668
v -0.230958 0.521482 0.293742
v -0.231250 0.523032 0.291670
v -0.232393 0.524296 0.289699
v -0.234251 0.525121 0.288071
v -0.236598 0.525408 0.286979
v -0.239152 0.525121 0.286556
v -0.241605 0.524296 0.286852
v -0.243661 0.523032 0.287834
v -0.245071 0.521482 0.289380
v -0.245666 0.519832 0.291306
v -0.245374 0.518282 0.293379
v -0.244231 0.517018 0.295349
v -0.242373 0.516193 0.296977
v -0.280484 0.694179 0.437672
v -0.283038 0.693893 0.437249
v -0.278031 0.695004 0.437375
v -0.275976 0.696268 0.436394
v -0.274566 0.697818 0.434847
v -0.273970 0.699468 0.432922
v -0.274262 0.701018 0.430849
v -0.275406 0.702282 0.428880
v -0.277264 0.703107 0.427251
v -0.279611 0.703393 0.426159
v -0.282165 0.703107 0.425735
v -0.284618 0.702282 0.426032
v -0.286673 0.701018 0.427013
v -0.288084 0.699468 0.428560
v -0.288679 0.697818 0.430486
v -0.288387 0.696268 0.432558
v -0.287243 0.695004 0.434528
v -0.285386 0.694179 0.436157
v -0.323497 0.872165 0.576852
v -0.326051 0.871878 0.576428
v -0.321044 0.872990 0.576555
v -0.318989 0.874254 0.575574
v -0.317578 0.875804 0.574027
v -0.316983 0.877454 0.572101
v -0.317275 0.879004 0.570029
v -0.318419 0.880268 0.568059
v -0.320276 0.881092 0.566430
v -0.322624 0.881379 0.565338
v -0.325178 0.881092 0.564916
v -0.327631 0.880268 0.565212
v -0.329686 0.879004 0.566193
v -0.331096 0.877454 0.567740
v -0.331692 0.875804 0.569666
v -0.331400 0.874254 0.571739
v -0.330256 0.872990 0.573707
v -0.328398 0.872165 0.575336
v -0.366510 1.050151 0.716032
v -0.369064 1.049864 0.715608
v -0.364057 1.050976 0.715734
v -0.362001 1.052239 0.714754
v -0.360591 1.053790 0.713207
v -0.359996 1.055439 0.711281
v -0.360288 1.056990 0.709209
v -0.361431 1.058253 0.707239
v -0.363289 1.059078 0.705610
v -0.365636 1.059365 0.704518
v -0.368190 1.059078 0.704095
v -0.370643 1.058253 0.704392
v -0.372699 1.056990 0.705373
v -0.374109 1.055439 0.706919
v -0.374704 1.053790 0.708845
v -0.374412 1.052239 0.710918
v -0.373269 1.050976 0.712888
v -0.371411 1.050151 0.714517
v -0.367350 1.054614 0.710063
v -0.021716 0.164686 0.054516
v -0.018423 0.161047 0.060188
v -0.020875 0.160222 0.060484
v -0.023430 0.159936 0.060062
v -0.014957 0.163861 0.057659
v -0.016367 0.162311 0.059207
v -0.014653 0.167061 0.053662
v -0.014362 0.165511 0.055734
v -0.017655 0.169150 0.050063
v -0.015797 0.168325 0.051692
v -0.022556 0.169150 0.048548
v -0.020002 0.169436 0.048972
v -0.027065 0.167061 0.049826
v -0.025009 0.168325 0.048845
v -0.029070 0.163861 0.053298
v -0.028475 0.165511 0.051373
v -0.027635 0.161047 0.057341
v -0.028778 0.162311 0.055371
v -0.025777 0.160222 0.058970
v -0.063888 0.338208 0.199664
v -0.066442 0.337921 0.199242
v -0.061435 0.339033 0.199367
v -0.059380 0.340297 0.198387
v -0.057969 0.341847 0.196840
v -0.057374 0.343497 0.194914
v -0.057666 0.345047 0.192841
v -0.058810 0.346311 0.190872
v -0.060667 0.347135 0.189243
v -0.063015 0.347422 0.188151
v -0.065569 0.347135 0.187728
v -0.068022 0.346311 0.188025
v -0.070077 0.345047 0.189006
v -0.071488 0.343497 0.190553
v -0.072083 0.341847 0.192478
v -0.071791 0.340297 0.194551
v -0.070647 0.339033 0.196520
v -0.068790 0.338208 0.198150
v -0.106901 0.516194 0.338844
v -0.109455 0.515907 0.338421
v -0.104448 0.517018 0.338548
v -0.102393 0.518282 0.337566
v -0.100982 0.519832 0.336020
v -0.100387 0.521482 0.334094
v -0.100679 0.523032 0.332022
v -0.101823 0.524296 0.330051
v -0.103680 0.525121 0.328422
v -0.106028 0.525408 0.327331
v -0.108582 0.525121 0.326908
v -0.111034 0.524296 0.327205
v -0.113090 0.523032 0.328185
v -0.114500 0.521482 0.329733
v -0.115096 0.519832 0.331658
v -0.114804 0.518282 0.333731
v -0.113660 0.517018 0.335700
v -0.111802 0.516194 0.337329
v -0.149914 0.694179 0.478023
v -0.152468 0.693893 0.477601
v -0.147461 0.695004 0.477727
v -0.145405 0.696268 0.476746
v -0.143995 0.697818 0.475199
v -0.143400 0.699468 0.473274
v -0.143692 0.701018 0.471201
v -0.144835 0.702282 0.469231
v -0.146693 0.703107 0.467603
v -0.149040 0.703393 0.466511
v -0.151594 0.703107 0.466087
v -0.154047 0.702282 0.466384
v -0.156103 0.701018 0.467365
v -0.157513 0.699468 0.468912
v -0.158108 0.697818 0.470838
v -0.157816 0.696268 0.472910
v -0.156673 0.695004 0.474880
v -0.154815 0.694179 0.476509
v -0.192926 0.872165 0.617204
v -0.195480 0.871878 0.616781
v -0.190473 0.872990 0.616907
v -0.188418 0.874254 0.615926
v -0.187007 0.875804 0.614379
v -0.186412 0.877454 0.612453
v -0.186704 0.879004 0.610381
v -0.187848 0.880268 0.608412
v -0.189705 0.881092 0.606782
v -0.192053 0.881379 0.605691
v -0.194607 0.881092 0.605267
v -0.197060 0.880268 0.605564
v -0.199115 0.879004 0.606545
v -0.200526 0.877454 0.608092
v -0.201121 0.875804 0.610018
v -0.200829 0.874254 0.612090
v -0.199685 0.872990 0.614060
v -0.197828 0.872165 0.615689
v -0.235939 1.050151 0.756384
v -0.238493 1.049864 0.755960
v -0.233486 1.050976 0.756087
v -0.231431 1.052239 0.755106
v -0.230020 1.053789 0.753559
v -0.229425 1.055439 0.751634
v -0.229717 1.056990 0.749561
v -0.230861 1.058253 0.747591
v -0.232718 1.059078 0.745962
v -0.235066 1.059365 0.744870
v -0.237620 1.059078 0.744448
v -0.240073 1.058253 0.744744
v -0.242128 1.056990 0.745725
v -0.243538 1.055439 0.747272
v -0.244134 1.053789 0.749197
v -0.243842 1.052239 0.751270
v -0.242698 1.050976 0.753239
v -0.240840 1.050151 0.754868
v -0.236779 1.054614 0.750415
vn 0.9554 -0.0000 0.2953
vn 0.4723 0.4772 0.7411
vn 0.4342 0.2538 0.8643
vn 0.4210 -0.0000 0.9071
vn 0.6021 0.7311 0.3210
vn 0.5306 0.6429 0.5524
vn 0.7498 0.6428 -0.1567
vn 0.6782 0.7311 0.0747
vn 0.8461 0.2538 -0.4686
vn 0.8081 0.4772 -0.3455
vn 0.8461 -0.2538 -0.4686
vn 0.8594 -0.0000 -0.5114
vn 0.7498 -0.6428 -0.1567
vn 0.8081 -0.4772 -0.3455
vn 0.6021 -0.7310 0.3210
vn 0.6782 -0.7311 0.0746
vn 0.4723 -0.4771 0.7411
vn 0.5306 -0.6429 0.5525
vn 0.4342 -0.2539 0.8643
vn -0.2775 0.3420 0.8978
vn -0.2953 -0.0000 0.9554
vn -0.2262 0.6428 0.7319
vn -0.1476 0.8660 0.4777
vn -0.0513 0.9848 0.1660
vn 0.0513 0.9848 -0.1660
vn 0.1476 0.8660 -0.4777
vn 0.2262 0.6428 -0.7319
vn 0.2775 0.3420 -0.8978
vn 0.2953 -0.0000 -0.9554
vn 0.2775 -0.3420 -0.8978
vn 0.2262 -0.6428 -0.7319
vn 0.1476 -0.8660 -0.4777
vn 0.0513 -0.9848 -0.1660
vn -0.0513 -0.9848 0.1660
vn -0.1476 -0.8660 0.4777
vn -0.2262 -0.6428 0.7319
vn -0.2775 -0.3420 0.8978
vn 0.0513 0.9848 -0.1659
vn 0.2774 -0.3420 -0.8978
vn 0.0513 -0.9848 -0.1659
vn -0.0513 0.9848 0.1659
vn -0.0513 -0.9848 0.1659
vn -0.1477 0.8660 0.4777
vn -0.1477 -0.8660 0.4777
vn -0.2775 -0.3421 0.8978
vn -0.8461 0.2539 0.4687
vn -0.8594 -0.0000 0.5114
vn -0.8081 0.4772 0.3454
vn -0.7498 0.6429 0.1568
vn -0.6782 0.7310 -0.0747
vn -0.6021 0.7311 -0.3210
vn -0.5306 0.6428 -0.5525
vn -0.4722 0.4772 -0.7411
vn -0.4342 0.2539 -0.8643
vn -0.4210 -0.0000 -0.9071
vn -0.4342 -0.2539 -0.8643
vn -0.4722 -0.4772 -0.7411
vn -0.5306 -0.6428 -0.5525
vn -0.6021 -0.7311 -0.3210
vn -0.6782 -0.7310 -0.0746
vn -0.7498 -0.6429 0.1568
vn -0.8081 -0.4772 0.3454
vn -0.8461 -0.2539 0.4687
vn -0.9554 -0.0000 -0.2953
vn 0.4342 0.2539 0.8643
vn 0.4209 -0.0000 0.9071
vn 0.6021 0.7310 0.3210
vn 0.5305 0.6429 0.5525
vn 0.7498 0.6428 -0.1568
vn 0.6782 0.7311 0.0746
vn 0.8462 0.2539 -0.4686
vn 0.8080 0.4772 -0.3455
vn 0.8462 -0.2539 -0.4686
vn 0.8593 -0.0000 -0.5114
vn 0.7498 -0.6428 -0.1568
vn 0.8080 -0.4772 -0.3455
vn 0.4723 -0.4772 0.7411
vn 0.5305 -0.6429 0.5525
vn -0.2775 0.3421 0.8978
vn -0.1477 0.8660 0.4778
vn 0.2775 -0.3419 -0.8978
vn -0.1476 -0.8660 0.4778
vn 0.2775 0.3419 -0.8978
vn -0.1477 -0.8660 0.4778
vn -0.2262 0.6428 0.7318
vn -0.1476 0.8660 0.4778
vn -0.2262 -0.6428 0.7318
vn -0.8080 0.4772 0.3455
vn -0.7498 0.6428 0.1568
vn -0.6782 0.7310 -0.0746
vn -0.7498 -0.6428 0.1568
vn -0.8080 -0.4772 0.3455
vn 0.1870 -0.7738 -0.6051
vn 0.4513 -0.8786 0.1560
vn 0.2084 -0.9604 0.1852
vn -0.0444 -0.9887 0.1434
vn 0.7943 -0.6002 -0.0943
vn 0.6546 -0.7537 0.0586
vn 0.8243 -0.2834 -0.4901
vn 0.8532 -0.4368 -0.2850
vn 0.5273 -0.0767 -0.8462
vn 0.7110 -0.1583 -0.6851
vn 0.0422 -0.0767 -0.9962
vn 0.2950 -0.0484 -0.9543
vn -0.4041 -0.2835 -0.8697
vn -0.2006 -0.1583 -0.9668
vn -0.6026 -0.6002 -0.5260
vn -0.5438 -0.4368 -0.7166
vn -0.4605 -0.8787 -0.1259
vn -0.5737 -0.7536 -0.3208
vn -0.2767 -0.9603 0.0353
vn 0.1120 -0.5952 0.7957
vn -0.2286 -0.6334 0.7393
vn 0.4392 -0.4851 0.7561
vn 0.7132 -0.3167 0.6254
vn 0.9012 -0.1100 0.4192
vn 0.9806 0.1100 0.1623
vn 0.9417 0.3167 -0.1140
vn 0.7892 0.4852 -0.3766
vn 0.5415 0.5952 -0.5938
vn 0.2285 0.6334 -0.7393
vn -0.1120 0.5952 -0.7957
vn -0.4391 0.4852 -0.7562
vn -0.7132 0.3167 -0.6254
vn -0.9012 0.1100 -0.4192
vn -0.9806 -0.1100 -0.1624
vn -0.9417 -0.3167 0.1140
vn -0.7892 -0.4852 0.3766
vn -0.5415 -0.5952 0.5938
vn 0.4391 -0.4852 0.7562
vn 0.9806 0.1100 0.1624
vn 0.9417 0.3167 -0.1139
vn 0.2286 0.6334 -0.7393
vn -0.9012 0.1100 -0.4191
vn -0.9806 -0.1100 -0.1623
vn -0.9417 -0.3167 0.1139
vn 0.4392 -0.4852 0.7561
vn 0.7132 -0.3166 0.6253
vn 0.7891 0.4852 -0.3766
vn -0.7132 0.3166 -0.6253
vn 0.2285 0.6334 -0.7394
vn -0.4390 0.4852 -0.7562
vn -0.9416 -0.3167 0.1140
vn -0.7891 -0.4852 0.3766
vn -0.0421 0.0768 0.9962
vn -0.2951 0.0483 0.9543
vn 0.2006 0.1582 0.9668
vn 0.4042 0.2833 0.8697
vn 0.5436 0.4370 0.7166
vn 0.6026 0.6002 0.5260
vn 0.5736 0.7536 0.3210
vn 0.4606 0.8786 0.1259
vn 0.2767 0.9603 -0.0352
vn 0.0443 0.9887 -0.1434
vn -0.2086 0.9603 -0.1852
vn -0.4512 0.8787 -0.1559
vn -0.6547 0.7536 -0.0586
vn -0.7943 0.6001 0.0942
vn -0.8531 0.4370 0.2849
vn -0.8244 0.2834 0.4900
vn -0.7111 0.1585 0.6850
vn -0.5273 0.0768 0.8462
vn -0.1870 0.7739 0.6051
vn 0.4511 -0.8787 0.1559
vn 0.2086 -0.9603 0.1852
vn -0.0443 -0.9887 0.1435
vn 0.7942 -0.6002 -0.0945
vn 0.6548 -0.7535 0.0587
vn 0.8243 -0.2833 -0.4901
vn 0.8531 -0.4371 -0.2849
vn 0.5272 -0.0766 -0.8463
vn 0.7111 -0.1583 -0.6851
vn 0.0423 -0.0766 -0.9962
vn -0.4042 -0.2834 -0.8697
vn -0.2007 -0.1584 -0.9668
vn -0.5437 -0.4368 -0.7166
vn -0.4606 -0.8786 -0.1259
vn -0.5736 -0.7536 -0.3209
vn -0.2766 -0.9603 0.0353
vn 0.1122 -0.5952 0.7957
vn -0.2284 -0.6334 0.7394
vn -0.5416 -0.5951 0.5937
vn -0.2285 -0.6334 0.7394
vn 0.7892 0.4852 -0.3765
vn -0.1121 0.5952 -0.7957
vn -0.9806 -0.1099 -0.1624
vn -0.5415 -0.5952 0.5937
vn 0.5414 0.5952 -0.5938
vn -0.1119 0.5952 -0.7957
vn -0.9012 0.1099 -0.4191
vn 0.1121 -0.5952 0.7957
vn -0.2285 -0.6334 0.7393
vn -0.5416 -0.5952 0.5937
vn -0.0422 0.0768 0.9962
vn -0.2951 0.0483 0.9542
vn 0.2007 0.1585 0.9667
vn 0.4041 0.2835 0.8697
vn 0.5437 0.4368 0.7166
vn 0.5740 0.7534 0.3208
vn 0.4605 0.8787 0.1259
vn 0.2768 0.9603 -0.0353
vn -0.2084 0.9603 -0.1856
vn -0.6547 0.7536 -0.0587
vn -0.7942 0.6002 0.0944
vn -0.8533 0.4368 0.2848
vn -0.8243 0.2834 0.4901
vn -0.7111 0.1584 0.6851
vn -0.5271 0.0766 0.8463
vn -0.1870 0.7738 0.6051
vt 0.500000 0.000000
vt 0.861111 0.000000
vt 0.805556 0.000000
vt 0.750000 0.000000
vt 0.972222 0.000000
vt 0.916667 0.000000
vt 0.083333 0.000000
vt 0.027778 0.000000
vt -0.027778 0.000000
vt 0.194444 0.000000
vt 0.138889 0.000000
vt 0.305556 0.000000
vt 0.250000 0.000000
vt 0.416667 0.000000
vt 0.361111 0.000000
vt 0.527778 0.000000
vt 0.472222 0.000000
vt 0.638889 0.000000
vt 0.583333 0.000000
vt 0.694444 0.000000
vt 0.805556 0.200000
vt 0.750000 0.200000
vt 0.861111 0.200000
vt 0.916667 0.200000
vt 0.972222 0.200000
vt 0.027778 0.200000
vt -0.027778 0.200000
vt 0.083333 0.200000
vt 0.138889 0.200000
vt 0.194444 0.200000
vt 0.250000 0.200000
vt 0.305556 0.200000
vt 0.361111 0.200000
vt 0.416667 0.200000
vt 0.472222 0.200000
vt 0.527778 0.200000
vt 0.583333 0.200000
vt 0.638889 0.200000
vt 0.694444 0.200000
vt 0.805556 0.400000
vt 0.750000 0.400000
vt 0.861111 0.400000
vt 0.916667 0.400000
vt 0.972222 0.400000
vt 0.027778 0.400000
vt -0.027778 0.400000
vt 0.083333 0.400000
vt 0.138889 0.400000
vt 0.194444 0.400000
vt 0.250000 0.400000
vt 0.305556 0.400000
vt 0.361111 0.400000
vt 0.416667 0.400000
vt 0.472222 0.400000
vt 0.527778 0.400000
vt 0.583333 0.400000
vt 0.638889 0.400000
vt 0.694444 0.400000
vt 0.805556 0.600000
vt 0.750000 0.600000
vt 0.861111 0.600000
vt 0.916667 0.600000
vt 0.972222 0.600000
vt 0.027778 0.600000
vt -0.027778 0.600000
vt 0.083333 0.600000
vt 0.138889 0.600000
vt 0.194444 0.600000
vt 0.250000 0.600000
vt 0.305556 0.600000
vt 0.361111 0.600000
vt 0.416667 0.600000
vt 0.472222 0.600000
vt 0.527778 0.600000
vt 0.583333 0.600000
vt 0.638889 0.600000
vt 0.694444 0.600000
vt 0.805556 0.800000
vt 0.750000 0.800000
vt 0.861111 0.800000
vt 0.916667 0.800000
vt 0.972222 0.800000
vt 0.027778 0.800000
vt -0.027778 0.800000
vt 0.083333 0.800000
vt 0.138889 0.800000
vt 0.194444 0.800000
vt 0.250000 0.800000
vt 0.305556 0.800000
vt 0.361111 0.800000
vt 0.416667 0.800000
vt 0.472222 0.800000
vt 0.527778 0.800000
vt 0.583333 0.800000
vt 0.638889 0.800000
vt 0.694444 0.800000
vt 0.805556 1.000000
vt 0.750000 1.000000
vt 0.861111 1.000000
vt 0.916667 1.000000
vt 0.972222 1.000000
vt 0.027778 1.000000
vt -0.027778 1.000000
vt 0.083333 1.000000
vt 0.138889 1.000000
vt 0.194444 1.000000
vt 0.250000 1.000000
vt 0.305556 1.000000
vt 0.361111 1.000000
vt 0.416667 1.000000
vt 0.472222 1.000000
vt 0.527778 1.000000
vt 0.583333 1.000000
vt 0.638889 1.000000
vt 0.694444 1.000000
vt 0.500000 1.000000
vt -0.019676 1.000000
vt 0.970822 1.000000
vt 0.970820 1.000000
vt -0.019671 1.000000
s 1
usemtl wire_000000000
f 2536/946/1465 2537/947/1466 2538/948/1467 2539/949/1468
f 2536/946/1465 2540/950/1469 2541/951/1470 2537/947/1466
f 2536/946/1465 2542/952/1471 2543/953/1472 2540/954/1469
f 2536/946/1465 2544/955/1473 2545/956/1474 2542/952/1471
f 2536/946/1465 2546/957/1475 2547/958/1476 2544/955/1473
f 2536/946/1465 2548/959/1477 2549/960/1478 2546/957/1475
f 2536/946/1465 2550/961/1479 2551/962/1480 2548/959/1477
f 2536/946/1465 2552/963/1481 2553/964/1482 2550/961/1479
f 2536/946/1465 2539/949/1468 2554/965/1483 2552/963/1481
f 2539/949/1468 2538/948/1467 2555/966/1484 2556/967/1485
f 2538/948/1467 2537/947/1466 2557/968/1486 2555/966/1484
f 2537/947/1466 2541/951/1470 2558/969/1487 2557/968/1486
f 2541/951/1470 2540/950/1469 2559/970/1488 2558/969/1487
f 2540/954/1469 2543/953/1472 2560/971/1489 2559/972/1488
f 2543/953/1472 2542/952/1471 2561/973/1490 2560/971/1489
f 2542/952/1471 2545/956/1474 2562/974/1491 2561/973/1490
f 2545/956/1474 2544/955/1473 2563/975/1492 2562/974/1491
f 2544/955/1473 2547/958/1476 2564/976/1493 2563/975/1492
f 2547/958/1476 2546/957/1475 2565/977/1494 2564/976/1493
f 2546/957/1475 2549/960/1478 2566/978/1495 2565/977/1494
f 2549/960/1478 2548/959/1477 2567/979/1496 2566/978/1495
f 2548/959/1477 2551/962/1480 2568/980/1497 2567/979/1496
f 2551/962/1480 2550/961/1479 2569/981/1498 2568/980/1497
f 2550/961/1479 2553/964/1482 2570/982/1499 2569/981/1498
f 2553/964/1482 2552/963/1481 2571/983/1500 2570/982/1499
f 2552/963/1481 2554/965/1483 2572/984/1501 2571/983/1500
f 2554/965/1483 2539/949/1468 2556/967/1485 2572/984/1501
f 2556/967/1485 2555/966/1484 2573/985/1484 2574/986/1485
f 2555/966/1484 2557/968/1486 2575/987/1486 2573/985/1484
f 2557/968/1486 2558/969/1487 2576/988/1487 2575/987/1486
f 2558/969/1487 2559/970/1488 2577/989/1488 2576/988/1487
f 2559/972/1488 2560/971/1489 2578/990/1502 2577/991/1488
f 2560/971/1489 2561/973/1490 2579/992/1490 2578/990/1502
f 2561/973/1490 2562/974/1491 2580/993/1491 2579/992/1490
f 2562/974/1491 2563/975/1492 2581/994/1492 2580/993/1491
f 2563/975/1492 2564/976/1493 2582/995/1493 2581/994/1492
f 2564/976/1493 2565/977/1494 2583/996/1503 2582/995/1493
f 2565/977/1494 2566/978/1495 2584/997/1495 2583/996/1503
f 2566/978/1495 2567/979/1496 2585/998/1496 2584/997/1495
f 2567/979/1496 2568/980/1497 2586/999/1504 2585/998/1496
f 2568/980/1497 2569/981/1498 2587/1000/1498 2586/999/1504
f 2569/981/1498 2570/982/1499 2588/1001/1499 2587/1000/1498
f 2570/982/1499 2571/983/1500 2589/1002/1500 2588/1001/1499
f 2571/983/1500 2572/984/1501 2590/1003/1501 2589/1002/1500
f 2572/984/1501 2556/967/1485 2574/986/1485 2590/1003/1501
f 2574/986/1485 2573/985/1484 2591/1004/1484 2592/1005/1485
f 2573/985/1484 2575/987/1486 2593/1006/1486 2591/1004/1484
f 2575/987/1486 2576/988/1487 2594/1007/1487 2593/1006/1486
f 2576/988/1487 2577/989/1488 2595/1008/1505 2594/1007/1487
f 2577/991/1488 2578/990/1502 2596/1009/1502 2595/1010/1505
f 2578/990/1502 2579/992/1490 2597/1011/1490 2596/1009/1502
f 2579/992/1490 2580/993/1491 2598/1012/1491 2597/1011/1490
f 2580/993/1491 2581/994/1492 2599/1013/1492 2598/1012/1491
f 2581/994/1492 2582/995/1493 2600/1014/1493 2599/1013/1492
f 2582/995/1493 2583/996/1503 2601/1015/1494 2600/1014/1493
f 2583/996/1503 2584/997/1495 2602/1016/1495 2601/1015/1494
f 2584/997/1495 2585/998/1496 2603/1017/1496 2602/1016/1495
f 2585/998/1496 2586/999/1504 2604/1018/1504 2603/1017/1496
f 2586/999/1504 2587/1000/1498 2605/1019/1506 2604/1018/1504
f 2587/1000/1498 2588/1001/1499 2606/1020/1499 2605/1019/1506
f 2588/1001/1499 2589/1002/1500 2607/1021/1500 2606/1020/1499
f 2589/1002/1500 2590/1003/1501 2608/1022/1501 2607/1021/1500
f 2590/1003/1501 2574/986/1485 2592/1005/1485 2608/1022/1501
f 2592/1005/1485 2591/1004/1484 2609/1023/1484 2610/1024/1485
f 2591/1004/1484 2593/1006/1486 2611/1025/1486 2609/1023/1484
f 2593/1006/1486 2594/1007/1487 2612/1026/1507 2611/1025/1486
f 2594/1007/1487 2595/1008/1505 2613/1027/1505 2612/1026/1507
f 2595/1010/1505 2596/1009/1502 2614/1028/1489 2613/1029/1505
f 2596/1009/1502 2597/1011/1490 2615/1030/1490 2614/1028/1489
f 2597/1011/1490 2598/1012/1491 2616/1031/1491 2615/1030/1490
f 2598/1012/1491 2599/1013/1492 2617/1032/1492 2616/1031/1491
f 2599/1013/1492 2600/1014/1493 2618/1033/1493 2617/1032/1492
f 2600/1014/1493 2601/1015/1494 2619/1034/1494 2618/1033/1493
f 2601/1015/1494 2602/1016/1495 2620/1035/1495 2619/1034/1494
f 2602/1016/1495 2603/1017/1496 2621/1036/1496 2620/1035/1495
f 2603/1017/1496 2604/1018/1504 2622/1037/1497 2621/1036/1496
f 2604/1018/1504 2605/1019/1506 2623/1038/1506 2622/1037/1497
f 2605/1019/1506 2606/1020/1499 2624/1039/1508 2623/1038/1506
f 2606/1020/1499 2607/1021/1500 2625/1040/1500 2624/1039/1508
f 2607/1021/1500 2608/1022/1501 2626/1041/1509 2625/1040/1500
f 2608/1022/1501 2592/1005/1485 2610/1024/1485 2626/1041/1509
f 2610/1024/1485 2609/1023/1484 2627/1042/1510 2628/1043/1511
f 2609/1023/1484 2611/1025/1486 2629/1044/1512 2627/1042/1510
f 2611/1025/1486 2612/1026/1507 2630/1045/1513 2629/1044/1512
f 2612/1026/1507 2613/1027/1505 2631/1046/1514 2630/1045/1513
f 2613/1029/1505 2614/1028/1489 2632/1047/1515 2631/1048/1514
f 2614/1028/1489 2615/1030/1490 2633/1049/1516 2632/1047/1515
f 2615/1030/1490 2616/1031/1491 2634/1050/1517 2633/1049/1516
f 2616/1031/1491 2617/1032/1492 2635/1051/1518 2634/1050/1517
f 2617/1032/1492 2618/1033/1493 2636/1052/1519 2635/1051/1518
f 2618/1033/1493 2619/1034/1494 2637/1053/1520 2636/1052/1519
f 2619/1034/1494 2620/1035/1495 2638/1054/1521 2637/1053/1520
f 2620/1035/1495 2621/1036/1496 2639/1055/1522 2638/1054/1521
f 2621/1036/1496 2622/1037/1497 2640/1056/1523 2639/1055/1522
f 2622/1037/1497 2623/1038/1506 2641/1057/1524 2640/1056/1523
f 2623/1038/1506 2624/1039/1508 2642/1058/1525 2641/1057/1524
f 2624/1039/1508 2625/1040/1500 2643/1059/1526 2642/1058/1525
f 2625/1040/1500 2626/1041/1509 2644/1060/1527 2643/1059/1526
f 2626/1041/1509 2610/1024/1485 2628/1043/1511 2644/1060/1527
f 2645/1061/1528 2644/1060/1527 2628/1043/1511 2627/1042/1510
f 2645/1061/1528 2627/1042/1510 2629/1044/1512 2630/1045/1513
f 2645/1061/1528 2630/1062/1513 2631/1048/1514 2632/1047/1515
f 2645/1061/1528 2632/1047/1515 2633/1049/1516 2634/1050/1517
f 2645/1061/1528 2634/1050/1517 2635/1051/1518 2636/1052/1519
f 2645/1061/1528 2636/1052/1519 2637/1053/1520 2638/1054/1521
f 2645/1061/1528 2638/1054/1521 2639/1055/1522 2640/1056/1523
f 2645/1061/1528 2640/1056/1523 2641/1057/1524 2642/1058/1525
f 2645/1061/1528 2642/1058/1525 2643/1059/1526 2644/1060/1527
f 2646/946/1465 2647/947/1466 2648/948/1529 2649/949/1530
f 2646/946/1465 2650/950/1531 2651/951/1532 2647/947/1466
f 2646/946/1465 2652/952/1533 2653/953/1534 2650/954/1531
f 2646/946/1465 2654/955/1535 2655/956/1536 2652/952/1533
f 2646/946/1465 2656/957/1537 2657/958/1538 2654/955/1535
f 2646/946/1465 2658/959/1539 2659/960/1540 2656/957/1537
f 2646/946/1465 2660/961/1479 2661/962/1480 2658/959/1539
f 2646/946/1465 2662/963/1541 2663/964/1542 2660/961/1479
f 2646/946/1465 2649/949/1530 2664/965/1483 2662/963/1541
f 2649/949/1530 2648/948/1529 2665/966/1543 2666/967/1485
f 2648/948/1529 2647/947/1466 2667/968/1486 2665/966/1543
f 2647/947/1466 2651/951/1532 2668/969/1487 2667/968/1486
f 2651/951/1532 2650/950/1531 2669/970/1488 2668/969/1487
f 2650/954/1531 2653/953/1534 2670/971/1502 2669/972/1488
f 2653/953/1534 2652/952/1533 2671/973/1490 2670/971/1502
f 2652/952/1533 2655/956/1536 2672/974/1491 2671/973/1490
f 2655/956/1536 2654/955/1535 2673/975/1492 2672/974/1491
f 2654/955/1535 2657/958/1538 2674/976/1493 2673/975/1492
f 2657/958/1538 2656/957/1537 2675/977/1494 2674/976/1493
f 2656/957/1537 2659/960/1540 2676/978/1495 2675/977/1494
f 2659/960/1540 2658/959/1539 2677/979/1496 2676/978/1495
f 2658/959/1539 2661/962/1480 2678/980/1504 2677/979/1496
f 2661/962/1480 2660/961/1479 2679/981/1506 2678/980/1504
f 2660/961/1479 2663/964/1542 2680/982/1499 2679/981/1506
f 2663/964/1542 2662/963/1541 2681/983/1500 2680/982/1499
f 2662/963/1541 2664/965/1483 2682/984/1501 2681/983/1500
f 2664/965/1483 2649/949/1530 2666/967/1485 2682/984/1501
f 2666/967/1485 2665/966/1543 2683/985/1543 2684/986/1485
f 2665/966/1543 2667/968/1486 2685/987/1486 2683/985/1543
f 2667/968/1486 2668/969/1487 2686/988/1544 2685/987/1486
f 2668/969/1487 2669/970/1488 2687/989/1488 2686/988/1544
f 2669/972/1488 2670/971/1502 2688/990/1489 2687/991/1488
f 2670/971/1502 2671/973/1490 2689/992/1490 2688/990/1489
f 2671/973/1490 2672/974/1491 2690/993/1491 2689/992/1490
f 2672/974/1491 2673/975/1492 2691/994/1492 2690/993/1491
f 2673/975/1492 2674/976/1493 2692/995/1493 2691/994/1492
f 2674/976/1493 2675/977/1494 2693/996/1545 2692/995/1493
f 2675/977/1494 2676/978/1495 2694/997/1495 2693/996/1545
f 2676/978/1495 2677/979/1496 2695/998/1496 2694/997/1495
f 2677/979/1496 2678/980/1504 2696/999/1497 2695/998/1496
f 2678/980/1504 2679/981/1506 2697/1000/1498 2696/999/1497
f 2679/981/1506 2680/982/1499 2698/1001/1546 2697/1000/1498
f 2680/982/1499 2681/983/1500 2699/1002/1500 2698/1001/1546
f 2681/983/1500 2682/984/1501 2700/1003/1509 2699/1002/1500
f 2682/984/1501 2666/967/1485 2684/986/1485 2700/1003/1509
f 2684/986/1485 2683/985/1543 2701/1004/1543 2702/1005/1485
f 2683/985/1543 2685/987/1486 2703/1006/1486 2701/1004/1543
f 2685/987/1486 2686/988/1544 2704/1007/1544 2703/1006/1486
f 2686/988/1544 2687/989/1488 2705/1008/1488 2704/1007/1544
f 2687/991/1488 2688/990/1489 2706/1009/1489 2705/1010/1488
f 2688/990/1489 2689/992/1490 2707/1011/1490 2706/1009/1489
f 2689/992/1490 2690/993/1491 2708/1012/1491 2707/1011/1490
f 2690/993/1491 2691/994/1492 2709/1013/1547 2708/1012/1491
f 2691/994/1492 2692/995/1493 2710/1014/1493 2709/1013/1547
f 2692/995/1493 2693/996/1545 2711/1015/1545 2710/1014/1493
f 2693/996/1545 2694/997/1495 2712/1016/1495 2711/1015/1545
f 2694/997/1495 2695/998/1496 2713/1017/1496 2712/1016/1495
f 2695/998/1496 2696/999/1497 2714/1018/1497 2713/1017/1496
f 2696/999/1497 2697/1000/1498 2715/1019/1498 2714/1018/1497
f 2697/1000/1498 2698/1001/1546 2716/1020/1548 2715/1019/1498
f 2698/1001/1546 2699/1002/1500 2717/1021/1500 2716/1020/1548
f 2699/1002/1500 2700/1003/1509 2718/1022/1509 2717/1021/1500
f 2700/1003/1509 2684/986/1485 2702/1005/1485 2718/1022/1509
f 2702/1005/1485 2701/1004/1543 2719/1023/1484 2720/1024/1485
f 2701/1004/1543 2703/1006/1486 2721/1025/1549 2719/1023/1484
f 2703/1006/1486 2704/1007/1544 2722/1026/1550 2721/1025/1549
f 2704/1007/1544 2705/1008/1488 2723/1027/1488 2722/1026/1550
f 2705/1010/1488 2706/1009/1489 2724/1028/1489 2723/1029/1488
f 2706/1009/1489 2707/1011/1490 2725/1030/1490 2724/1028/1489
f 2707/1011/1490 2708/1012/1491 2726/1031/1491 2725/1030/1490
f 2708/1012/1491 2709/1013/1547 2727/1032/1492 2726/1031/1491
f 2709/1013/1547 2710/1014/1493 2728/1033/1493 2727/1032/1492
f 2710/1014/1493 2711/1015/1545 2729/1034/1494 2728/1033/1493
f 2711/1015/1545 2712/1016/1495 2730/1035/1495 2729/1034/1494
f 2712/1016/1495 2713/1017/1496 2731/1036/1496 2730/1035/1495
f 2713/1017/1496 2714/1018/1497 2732/1037/1497 2731/1036/1496
f 2714/1018/1497 2715/1019/1498 2733/1038/1498 2732/1037/1497
f 2715/1019/1498 2716/1020/1548 2734/1039/1546 2733/1038/1498
f 2716/1020/1548 2717/1021/1500 2735/1040/1551 2734/1039/1546
f 2717/1021/1500 2718/1022/1509 2736/1041/1501 2735/1040/1551
f 2718/1022/1509 2702/1005/1485 2720/1024/1485 2736/1041/1501
f 2720/1024/1485 2719/1023/1484 2737/1042/1510 2738/1043/1511
f 2719/1023/1484 2721/1025/1549 2739/1044/1552 2737/1042/1510
f 2721/1025/1549 2722/1026/1550 2740/1045/1553 2739/1044/1552
f 2722/1026/1550 2723/1027/1488 2741/1046/1554 2740/1045/1553
f 2723/1029/1488 2724/1028/1489 2742/1047/1515 2741/1048/1554
f 2724/1028/1489 2725/1030/1490 2743/1049/1516 2742/1047/1515
f 2725/1030/1490 2726/1031/1491 2744/1050/1517 2743/1049/1516
f 2726/1031/1491 2727/1032/1492 2745/1051/1518 2744/1050/1517
f 2727/1032/1492 2728/1033/1493 2746/1052/1519 2745/1051/1518
f 2728/1033/1493 2729/1034/1494 2747/1053/1520 2746/1052/1519
f 2729/1034/1494 2730/1035/1495 2748/1054/1521 2747/1053/1520
f 2730/1035/1495 2731/1036/1496 2749/1055/1522 2748/1054/1521
f 2731/1036/1496 2732/1037/1497 2750/1056/1523 2749/1055/1522
f 2732/1037/1497 2733/1038/1498 2751/1057/1524 2750/1056/1523
f 2733/1038/1498 2734/1039/1546 2752/1058/1555 2751/1057/1524
f 2734/1039/1546 2735/1040/1551 2753/1059/1556 2752/1058/1555
f 2735/1040/1551 2736/1041/1501 2754/1060/1527 2753/1059/1556
f 2736/1041/1501 2720/1024/1485 2738/1043/1511 2754/1060/1527
f 2755/1061/1528 2754/1060/1527 2738/1043/1511 2737/1042/1510
f 2755/1061/1528 2737/1042/1510 2739/1044/1552 2740/1045/1553
f 2755/1061/1528 2740/1045/1553 2741/1046/1554 2742/1063/1515
f 2755/1061/1528 2742/1047/1515 2743/1049/1516 2744/1050/1517
f 2755/1061/1528 2744/1050/1517 2745/1051/1518 2746/1052/1519
f 2755/1061/1528 2746/1052/1519 2747/1053/1520 2748/1054/1521
f 2755/1061/1528 2748/1054/1521 2749/1055/1522 2750/1056/1523
f 2755/1061/1528 2750/1056/1523 2751/1057/1524 2752/1058/1555
f 2755/1061/1528 2752/1058/1555 2753/1059/1556 2754/1060/1527
f 2756/946/1557 2757/947/1558 2758/948/1559 2759/949/1560
f 2756/946/1557 2760/950/1561 2761/951/1562 2757/947/1558
f 2756/946/1557 2762/952/1563 2763/953/1564 2760/954/1561
f 2756/946/1557 2764/955/1565 2765/956/1566 2762/952/1563
f 2756/946/1557 2766/957/1567 2767/958/1568 2764/955/1565
f 2756/946/1557 2768/959/1569 2769/960/1570 2766/957/1567
f 2756/946/1557 2770/961/1571 2771/962/1572 2768/959/1569
f 2756/946/1557 2772/963/1573 2773/964/1574 2770/961/1571
f 2756/946/1557 2759/949/1560 2774/965/1575 2772/963/1573
f 2759/949/1560 2758/948/1559 2775/966/1576 2776/967/1577
f 2758/948/1559 2757/947/1558 2777/968/1578 2775/966/1576
f 2757/947/1558 2761/951/1562 2778/969/1579 2777/968/1578
f 2761/951/1562 2760/950/1561 2779/970/1580 2778/969/1579
f 2760/954/1561 2763/953/1564 2780/971/1581 2779/972/1580
f 2763/953/1564 2762/952/1563 2781/973/1582 2780/971/1581
f 2762/952/1563 2765/956/1566 2782/974/1583 2781/973/1582
f 2765/956/1566 2764/955/1565 2783/975/1584 2782/974/1583
f 2764/955/1565 2767/958/1568 2784/976/1585 2783/975/1584
f 2767/958/1568 2766/957/1567 2785/977/1586 2784/976/1585
f 2766/957/1567 2769/960/1570 2786/978/1587 2785/977/1586
f 2769/960/1570 2768/959/1569 2787/979/1588 2786/978/1587
f 2768/959/1569 2771/962/1572 2788/980/1589 2787/979/1588
f 2771/962/1572 2770/961/1571 2789/981/1590 2788/980/1589
f 2770/961/1571 2773/964/1574 2790/982/1591 2789/981/1590
f 2773/964/1574 2772/963/1573 2791/983/1592 2790/982/1591
f 2772/963/1573 2774/965/1575 2792/984/1593 2791/983/1592
f 2774/965/1575 2759/949/1560 2776/967/1577 2792/984/1593
f 2776/967/1577 2775/966/1576 2793/985/1576 2794/986/1577
f 2775/966/1576 2777/968/1578 2795/987/1594 2793/985/1576
f 2777/968/1578 2778/969/1579 2796/988/1579 2795/987/1594
f 2778/969/1579 2779/970/1580 2797/989/1580 2796/988/1579
f 2779/972/1580 2780/971/1581 2798/990/1595 2797/991/1580
f 2780/971/1581 2781/973/1582 2799/992/1596 2798/990/1595
f 2781/973/1582 2782/974/1583 2800/993/1583 2799/992/1596
f 2782/974/1583 2783/975/1584 2801/994/1584 2800/993/1583
f 2783/975/1584 2784/976/1585 2802/995/1597 2801/994/1584
f 2784/976/1585 2785/977/1586 2803/996/1586 2802/995/1597
f 2785/977/1586 2786/978/1587 2804/997/1587 2803/996/1586
f 2786/978/1587 2787/979/1588 2805/998/1588 2804/997/1587
f 2787/979/1588 2788/980/1589 2806/999/1598 2805/998/1588
f 2788/980/1589 2789/981/1590 2807/1000/1599 2806/999/1598
f 2789/981/1590 2790/982/1591 2808/1001/1600 2807/1000/1599
f 2790/982/1591 2791/983/1592 2809/1002/1592 2808/1001/1600
f 2791/983/1592 2792/984/1593 2810/1003/1593 2809/1002/1592
f 2792/984/1593 2776/967/1577 2794/986/1577 2810/1003/1593
f 2794/986/1577 2793/985/1576 2811/1004/1576 2812/1005/1577
f 2793/985/1576 2795/987/1594 2813/1006/1601 2811/1004/1576
f 2795/987/1594 2796/988/1579 2814/1007/1602 2813/1006/1601
f 2796/988/1579 2797/989/1580 2815/1008/1580 2814/1007/1602
f 2797/991/1580 2798/990/1595 2816/1009/1595 2815/1010/1580
f 2798/990/1595 2799/992/1596 2817/1011/1582 2816/1009/1595
f 2799/992/1596 2800/993/1583 2818/1012/1603 2817/1011/1582
f 2800/993/1583 2801/994/1584 2819/1013/1584 2818/1012/1603
f 2801/994/1584 2802/995/1597 2820/1014/1597 2819/1013/1584
f 2802/995/1597 2803/996/1586 2821/1015/1586 2820/1014/1597
f 2803/996/1586 2804/997/1587 2822/1016/1587 2821/1015/1586
f 2804/997/1587 2805/998/1588 2823/1017/1604 2822/1016/1587
f 2805/998/1588 2806/999/1598 2824/1018/1589 2823/1017/1604
f 2806/999/1598 2807/1000/1599 2825/1019/1590 2824/1018/1589
f 2807/1000/1599 2808/1001/1600 2826/1020/1591 2825/1019/1590
f 2808/1001/1600 2809/1002/1592 2827/1021/1592 2826/1020/1591
f 2809/1002/1592 2810/1003/1593 2828/1022/1593 2827/1021/1592
f 2810/1003/1593 2794/986/1577 2812/1005/1577 2828/1022/1593
f 2812/1005/1577 2811/1004/1576 2829/1023/1576 2830/1024/1577
f 2811/1004/1576 2813/1006/1601 2831/1025/1578 2829/1023/1576
f 2813/1006/1601 2814/1007/1602 2832/1026/1579 2831/1025/1578
f 2814/1007/1602 2815/1008/1580 2833/1027/1580 2832/1026/1579
f 2815/1010/1580 2816/1009/1595 2834/1028/1595 2833/1029/1580
f 2816/1009/1595 2817/1011/1582 2835/1030/1582 2834/1028/1595
f 2817/1011/1582 2818/1012/1603 2836/1031/1603 2835/1030/1582
f 2818/1012/1603 2819/1013/1584 2837/1032/1584 2836/1031/1603
f 2819/1013/1584 2820/1014/1597 2838/1033/1605 2837/1032/1584
f 2820/1014/1597 2821/1015/1586 2839/1034/1586 2838/1033/1605
f 2821/1015/1586 2822/1016/1587 2840/1035/1606 2839/1034/1586
f 2822/1016/1587 2823/1017/1604 2841/1036/1604 2840/1035/1606
f 2823/1017/1604 2824/1018/1589 2842/1037/1589 2841/1036/1604
f 2824/1018/1589 2825/1019/1590 2843/1038/1590 2842/1037/1589
f 2825/1019/1590 2826/1020/1591 2844/1039/1607 2843/1038/1590
f 2826/1020/1591 2827/1021/1592 2845/1040/1608 2844/1039/1607
f 2827/1021/1592 2828/1022/1593 2846/1041/1593 2845/1040/1608
f 2828/1022/1593 2812/1005/1577 2830/1024/1577 2846/1041/1593
f 2830/1024/1577 2829/1023/1576 2847/1042/1609 2848/1043/1610
f 2829/1023/1576 2831/1025/1578 2849/1044/1611 2847/1042/1609
f 2831/1025/1578 2832/1026/1579 2850/1045/1612 2849/1044/1611
f 2832/1026/1579 2833/1027/1580 2851/1046/1613 2850/1045/1612
f 2833/1029/1580 2834/1028/1595 2852/1047/1614 2851/1048/1613
f 2834/1028/1595 2835/1030/1582 2853/1049/1615 2852/1047/1614
f 2835/1030/1582 2836/1031/1603 2854/1050/1616 2853/1049/1615
f 2836/1031/1603 2837/1032/1584 2855/1051/1617 2854/1050/1616
f 2837/1032/1584 2838/1033/1605 2856/1052/1618 2855/1051/1617
f 2838/1033/1605 2839/1034/1586 2857/1053/1619 2856/1052/1618
f 2839/1034/1586 2840/1035/1606 2858/1054/1620 2857/1053/1619
f 2840/1035/1606 2841/1036/1604 2859/1055/1621 2858/1054/1620
f 2841/1036/1604 2842/1037/1589 2860/1056/1622 2859/1055/1621
f 2842/1037/1589 2843/1038/1590 2861/1057/1623 2860/1056/1622
f 2843/1038/1590 2844/1039/1607 2862/1058/1624 2861/1057/1623
f 2844/1039/1607 2845/1040/1608 2863/1059/1625 2862/1058/1624
f 2845/1040/1608 2846/1041/1593 2864/1060/1626 2863/1059/1625
f 2846/1041/1593 2830/1024/1577 2848/1043/1610 2864/1060/1626
f 2865/1061/1627 2864/1060/1626 2848/1043/1610 2847/1042/1609
f 2865/1061/1627 2847/1042/1609 2849/1044/1611 2850/1045/1612
f 2865/1061/1627 2850/1045/1612 2851/1046/1613 2852/1064/1614
f 2865/1061/1627 2852/1047/1614 2853/1049/1615 2854/1050/1616
f 2865/1061/1627 2854/1050/1616 2855/1051/1617 2856/1052/1618
f 2865/1061/1627 2856/1052/1618 2857/1053/1619 2858/1054/1620
f 2865/1061/1627 2858/1054/1620 2859/1055/1621 2860/1056/1622
f 2865/1061/1627 2860/1056/1622 2861/1057/1623 2862/1058/1624
f 2865/1061/1627 2862/1058/1624 2863/1059/1625 2864/1060/1626
f 2866/946/1557 2867/947/1628 2868/948/1629 2869/949/1630
f 2866/946/1557 2870/950/1631 2871/951/1632 2867/947/1628
f 2866/946/1557 2872/952/1633 2873/953/1634 2870/954/1631
f 2866/946/1557 2874/955/1635 2875/956/1636 2872/952/1633
f 2866/946/1557 2876/957/1637 2877/958/1568 2874/955/1635
f 2866/946/1557 2878/959/1638 2879/960/1639 2876/957/1637
f 2866/946/1557 2880/961/1571 2881/962/1640 2878/959/1638
f 2866/946/1557 2882/963/1641 2883/964/1642 2880/961/1571
f 2866/946/1557 2869/949/1630 2884/965/1643 2882/963/1641
f 2869/949/1630 2868/948/1629 2885/966/1644 2886/967/1645
f 2868/948/1629 2867/947/1628 2887/968/1594 2885/966/1644
f 2867/947/1628 2871/951/1632 2888/969/1579 2887/968/1594
f 2871/951/1632 2870/950/1631 2889/970/1580 2888/969/1579
f 2870/954/1631 2873/953/1634 2890/971/1595 2889/972/1580
f 2873/953/1634 2872/952/1633 2891/973/1582 2890/971/1595
f 2872/952/1633 2875/956/1636 2892/974/1603 2891/973/1582
f 2875/956/1636 2874/955/1635 2893/975/1584 2892/974/1603
f 2874/955/1635 2877/958/1568 2894/976/1585 2893/975/1584
f 2877/958/1568 2876/957/1637 2895/977/1586 2894/976/1585
f 2876/957/1637 2879/960/1639 2896/978/1587 2895/977/1586
f 2879/960/1639 2878/959/1638 2897/979/1604 2896/978/1587
f 2878/959/1638 2881/962/1640 2898/980/1589 2897/979/1604
f 2881/962/1640 2880/961/1571 2899/981/1590 2898/980/1589
f 2880/961/1571 2883/964/1642 2900/982/1591 2899/981/1590
f 2883/964/1642 2882/963/1641 2901/983/1592 2900/982/1591
f 2882/963/1641 2884/965/1643 2902/984/1646 2901/983/1592
f 2884/965/1643 2869/949/1630 2886/967/1645 2902/984/1646
f 2886/967/1645 2885/966/1644 2903/985/1576 2904/986/1647
f 2885/966/1644 2887/968/1594 2905/987/1594 2903/985/1576
f 2887/968/1594 2888/969/1579 2906/988/1579 2905/987/1594
f 2888/969/1579 2889/970/1580 2907/989/1580 2906/988/1579
f 2889/972/1580 2890/971/1595 2908/990/1595 2907/991/1580
f 2890/971/1595 2891/973/1582 2909/992/1582 2908/990/1595
f 2891/973/1582 2892/974/1603 2910/993/1648 2909/992/1582
f 2892/974/1603 2893/975/1584 2911/994/1584 2910/993/1648
f 2893/975/1584 2894/976/1585 2912/995/1605 2911/994/1584
f 2894/976/1585 2895/977/1586 2913/996/1649 2912/995/1605
f 2895/977/1586 2896/978/1587 2914/997/1587 2913/996/1649
f 2896/978/1587 2897/979/1604 2915/998/1604 2914/997/1587
f 2897/979/1604 2898/980/1589 2916/999/1589 2915/998/1604
f 2898/980/1589 2899/981/1590 2917/1000/1650 2916/999/1589
f 2899/981/1590 2900/982/1591 2918/1001/1591 2917/1000/1650
f 2900/982/1591 2901/983/1592 2919/1002/1608 2918/1001/1591
f 2901/983/1592 2902/984/1646 2920/1003/1651 2919/1002/1608
f 2902/984/1646 2886/967/1645 2904/986/1647 2920/1003/1651
f 2904/986/1647 2903/985/1576 2921/1004/1576 2922/1005/1647
f 2903/985/1576 2905/987/1594 2923/1006/1594 2921/1004/1576
f 2905/987/1594 2906/988/1579 2924/1007/1579 2923/1006/1594
f 2906/988/1579 2907/989/1580 2925/1008/1580 2924/1007/1579
f 2907/991/1580 2908/990/1595 2926/1009/1595 2925/1010/1580
f 2908/990/1595 2909/992/1582 2927/1011/1596 2926/1009/1595
f 2909/992/1582 2910/993/1648 2928/1012/1648 2927/1011/1596
f 2910/993/1648 2911/994/1584 2929/1013/1652 2928/1012/1648
f 2911/994/1584 2912/995/1605 2930/1014/1585 2929/1013/1652
f 2912/995/1605 2913/996/1649 2931/1015/1653 2930/1014/1585
f 2913/996/1649 2914/997/1587 2932/1016/1587 2931/1015/1653
f 2914/997/1587 2915/998/1604 2933/1017/1604 2932/1016/1587
f 2915/998/1604 2916/999/1589 2934/1018/1654 2933/1017/1604
f 2916/999/1589 2917/1000/1650 2935/1019/1590 2934/1018/1654
f 2917/1000/1650 2918/1001/1591 2936/1020/1600 2935/1019/1590
f 2918/1001/1591 2919/1002/1608 2937/1021/1592 2936/1020/1600
f 2919/1002/1608 2920/1003/1651 2938/1022/1593 2937/1021/1592
f 2920/1003/1651 2904/986/1647 2922/1005/1647 2938/1022/1593
f 2922/1005/1647 2921/1004/1576 2939/1023/1655 2940/1024/1656
f 2921/1004/1576 2923/1006/1594 2941/1025/1594 2939/1023/1655
f 2923/1006/1594 2924/1007/1579 2942/1026/1579 2941/1025/1594
f 2924/1007/1579 2925/1008/1580 2943/1027/1580 2942/1026/1579
f 2925/1010/1580 2926/1009/1595 2944/1028/1595 2943/1029/1580
f 2926/1009/1595 2927/1011/1596 2945/1030/1582 2944/1028/1595
f 2927/1011/1596 2928/1012/1648 2946/1031/1583 2945/1030/1582
f 2928/1012/1648 2929/1013/1652 2947/1032/1584 2946/1031/1583
f 2929/1013/1652 2930/1014/1585 2948/1033/1585 2947/1032/1584
f 2930/1014/1585 2931/1015/1653 2949/1034/1586 2948/1033/1585
f 2931/1015/1653 2932/1016/1587 2950/1035/1587 2949/1034/1586
f 2932/1016/1587 2933/1017/1604 2951/1036/1604 2950/1035/1587
f 2933/1017/1604 2934/1018/1654 2952/1037/1589 2951/1036/1604
f 2934/1018/1654 2935/1019/1590 2953/1038/1590 2952/1037/1589
f 2935/1019/1590 2936/1020/1600 2954/1039/1591 2953/1038/1590
f 2936/1020/1600 2937/1021/1592 2955/1040/1592 2954/1039/1591
f 2937/1021/1592 2938/1022/1593 2956/1041/1657 2955/1040/1592
f 2938/1022/1593 2922/1005/1647 2940/1024/1656 2956/1041/1657
f 2940/1024/1656 2939/1023/1655 2957/1042/1658 2958/1043/1659
f 2939/1023/1655 2941/1025/1594 2959/1044/1660 2957/1042/1658
f 2941/1025/1594 2942/1026/1579 2960/1045/1661 2959/1044/1660
f 2942/1026/1579 2943/1027/1580 2961/1046/1662 2960/1045/1661
f 2943/1029/1580 2944/1028/1595 2962/1047/1614 2961/1048/1662
f 2944/1028/1595 2945/1030/1582 2963/1049/1663 2962/1047/1614
f 2945/1030/1582 2946/1031/1583 2964/1050/1664 2963/1049/1663
f 2946/1031/1583 2947/1032/1584 2965/1051/1665 2964/1050/1664
f 2947/1032/1584 2948/1033/1585 2966/1052/1618 2965/1051/1665
f 2948/1033/1585 2949/1034/1586 2967/1053/1666 2966/1052/1618
f 2949/1034/1586 2950/1035/1587 2968/1054/1620 2967/1053/1666
f 2950/1035/1587 2951/1036/1604 2969/1055/1667 2968/1054/1620
f 2951/1036/1604 2952/1037/1589 2970/1056/1668 2969/1055/1667
f 2952/1037/1589 2953/1038/1590 2971/1057/1669 2970/1056/1668
f 2953/1038/1590 2954/1039/1591 2972/1058/1670 2971/1057/1669
f 2954/1039/1591 2955/1040/1592 2973/1059/1671 2972/1058/1670
f 2955/1040/1592 2956/1041/1657 2974/1060/1672 2973/1059/1671
f 2956/1041/1657 2940/1024/1656 2958/1043/1659 2974/1060/1672
f 2975/1061/1673 2974/1060/1672 2958/1043/1659 2957/1042/1658
f 2975/1061/1673 2957/1042/1658 2959/1044/1660 2960/1045/1661
f 2975/1061/1673 2960/1065/1661 2961/1048/1662 2962/1047/1614
f 2975/1061/1673 2962/1047/1614 2963/1049/1663 2964/1050/1664
f 2975/1061/1673 2964/1050/1664 2965/1051/1665 2966/1052/1618
f 2975/1061/1673 2966/1052/1618 2967/1053/1666 2968/1054/1620
f 2975/1061/1673 2968/1054/1620 2969/1055/1667 2970/1056/1668
f 2975/1061/1673 2970/1056/1668 2971/1057/1669 2972/1058/1670
f 2975/1061/1673 2972/1058/1670 2973/1059/1671 2974/1060/1672
