# Blender 5.1.0
# www.blender.org
mtllib lab3.4.mtl
g Base_Shape011
v 0.000960 1.501478 -0.003618
v -0.049315 1.500346 -0.003618
v -0.044965 1.500346 0.016842
v 0.000962 1.501478 -0.003606
v -0.103054 1.496705 -0.003618
v -0.094059 1.496705 0.038701
v -0.158708 1.490593 -0.003618
v -0.144901 1.490593 0.061337
v -0.214725 1.482050 -0.003618
v -0.196076 1.482050 0.084121
v -0.269555 1.471113 -0.003618
v -0.246165 1.471113 0.106422
v -0.321646 1.457822 -0.003618
v -0.293753 1.457822 0.127610
v -0.369448 1.442214 -0.003618
v -0.337422 1.442214 0.147053
v -0.416289 1.442214 -0.003618
v -0.380213 1.442214 0.166105
v -0.416289 1.419990 -0.003618
v -0.380213 1.419990 0.166105
v -0.441167 1.419990 -0.003618
v -0.402941 1.419990 0.176224
v -0.441167 1.391415 -0.003618
v -0.402941 1.391415 0.176224
v -0.416289 1.391415 -0.003618
v -0.380213 1.391415 0.166105
v -0.416289 1.269708 -0.003619
v -0.380213 1.269708 0.166105
v -0.378060 0.978062 -0.003619
v -0.117448 1.021786 -0.003585
v -0.110104 1.021783 0.030510
v -0.348272 0.978064 0.136524
v -0.032670 1.500346 0.033765
v 0.000970 1.501478 -0.003596
v -0.068629 1.496705 0.073702
v -0.105869 1.490593 0.115061
v -0.143351 1.482050 0.156690
v -0.180040 1.471113 0.197437
v -0.214895 1.457822 0.236147
v -0.246881 1.442214 0.271671
v -0.278224 1.442214 0.306481
v -0.278224 1.419990 0.306481
v -0.294871 1.419990 0.324969
v -0.294871 1.391415 0.324969
v -0.278224 1.391415 0.306481
v -0.278224 1.269708 0.306481
v -0.349961 1.238293 0.167670
v -0.345387 1.238293 0.150600
v -0.106996 1.238293 0.044487
v -0.085947 1.238293 0.050161
v -0.077541 1.238293 0.061799
v -0.078684 1.238293 0.083646
v -0.252746 1.238293 0.278123
v -0.270364 1.238293 0.277225
v -0.014555 1.500346 0.044224
v 0.000981 1.501478 -0.003589
v -0.031161 1.496705 0.095334
v -0.048359 1.490593 0.148264
v -0.065670 1.482050 0.201540
v -0.082613 1.471113 0.253686
v -0.098710 1.457822 0.303227
v -0.113482 1.442214 0.348690
v -0.127956 1.442214 0.393238
v -0.127956 1.419990 0.393238
v -0.135644 1.419990 0.416899
v -0.135644 1.391415 0.416899
v -0.127956 1.391415 0.393238
v -0.127956 1.269708 0.393238
v -0.240191 1.111012 0.285141
v -0.066516 1.079857 0.091097
v -0.036328 1.080264 0.109101
v -0.116133 1.110988 0.356741
v 0.006249 1.500346 0.046411
v 0.000994 1.501478 -0.003587
v 0.011866 1.496705 0.099857
v 0.017683 1.490593 0.155206
v 0.023539 1.482050 0.210916
v 0.029270 1.471113 0.265445
v 0.034715 1.457822 0.317251
v 0.039712 1.442214 0.364791
v 0.044608 1.442214 0.411375
v 0.044608 1.419990 0.411375
v 0.047209 1.419990 0.436117
v 0.047209 1.391415 0.436117
v 0.044608 1.391415 0.411375
v 0.044608 1.269708 0.411375
v -0.101917 0.978062 0.358375
v -0.022013 1.021788 0.110432
v 0.013860 1.021785 0.114179
v 0.040612 0.978062 0.373355
v 0.026143 1.500346 0.039948
v 0.001006 1.501478 -0.003592
v 0.053013 1.496705 0.086487
v 0.080840 1.490593 0.134685
v 0.108848 1.482050 0.183197
v 0.136263 1.471113 0.230681
v 0.162309 1.457822 0.275793
v 0.186210 1.442214 0.317191
v 0.209630 1.442214 0.357757
v 0.209630 1.419990 0.357757
v 0.222069 1.419990 0.379301
v 0.222069 1.391415 0.379301
v 0.209630 1.391415 0.357757
v 0.209630 1.269708 0.357757
v 0.060510 1.021788 0.098631
v 0.190515 0.978063 0.324648
v 0.041688 1.500346 0.025951
v 0.001015 1.501478 -0.003601
v 0.085164 1.496705 0.057537
v 0.130189 1.490593 0.090250
v 0.175508 1.482050 0.123176
v 0.219866 1.471113 0.155405
v 0.262009 1.457822 0.186023
v 0.300682 1.442214 0.214121
v 0.338576 1.442214 0.241653
v 0.338576 1.419990 0.241653
v 0.358704 1.419990 0.256275
v 0.358704 1.391415 0.256275
v 0.338576 1.391415 0.241653
v 0.338576 1.269708 0.241653
v 0.087127 1.021787 0.074676
v 0.297049 0.978062 0.228726
v 0.050196 1.500346 0.006840
v 0.001020 1.501478 -0.003612
v 0.102761 1.496705 0.018013
v 0.157199 1.490593 0.029585
v 0.211992 1.482050 0.041231
v 0.265623 1.471113 0.052632
v 0.316576 1.457822 0.063462
v 0.363334 1.442214 0.073400
v 0.409151 1.442214 0.083139
v 0.409151 1.419990 0.083139
v 0.433485 1.419990 0.088312
v 0.433485 1.391415 0.088312
v 0.409151 1.391415 0.083139
v 0.409151 1.269708 0.083139
v 0.324806 1.238293 0.214671
v 0.307775 1.238293 0.219191
v 0.097705 1.238293 0.065032
v 0.091746 1.238293 0.043747
v 0.096977 1.238293 0.031089
v 0.116075 1.238293 0.021023
v 0.371860 1.238293 0.075222
v 0.379885 1.238293 0.090960
v 0.050196 1.500346 -0.014077
v 0.001020 1.501478 -0.003624
v 0.102761 1.496705 -0.025250
v 0.157199 1.490593 -0.036822
v 0.211992 1.482050 -0.048468
v 0.265623 1.471113 -0.059868
v 0.316576 1.457821 -0.070698
v 0.363334 1.442214 -0.080637
v 0.409151 1.442214 -0.090375
v 0.409151 1.419990 -0.090375
v 0.433486 1.419990 -0.095548
v 0.433486 1.391415 -0.095548
v 0.409151 1.391415 -0.090375
v 0.409151 1.269708 -0.090375
v 0.371842 1.133281 0.060875
v 0.116434 1.081428 0.006757
v 0.117704 1.081444 -0.028217
v 0.371603 1.133247 -0.082384
v 0.041688 1.500346 -0.033186
v 0.001015 1.501478 -0.003636
v 0.085164 1.496705 -0.064773
v 0.130189 1.490593 -0.097487
v 0.175507 1.482049 -0.130413
v 0.219865 1.471113 -0.162640
v 0.262009 1.457821 -0.193260
v 0.300681 1.442214 -0.221357
v 0.338576 1.442214 -0.248890
v 0.338576 1.419990 -0.248890
v 0.358703 1.419990 -0.263511
v 0.358703 1.391415 -0.263511
v 0.338576 1.391415 -0.248890
v 0.338576 1.269708 -0.248890
v 0.365925 0.978046 -0.095520
v 0.111346 1.021826 -0.041209
v 0.096095 1.021795 -0.073144
v 0.307648 0.978065 -0.226418
v 0.026142 1.500346 -0.047184
v 0.001006 1.501478 -0.003645
v 0.053012 1.496705 -0.093723
v 0.080840 1.490593 -0.141922
v 0.108848 1.482050 -0.190433
v 0.136263 1.471113 -0.237917
v 0.162309 1.457822 -0.283030
v 0.186209 1.442214 -0.324428
v 0.209630 1.442214 -0.364993
v 0.209630 1.419990 -0.364993
v 0.222069 1.419990 -0.386538
v 0.222069 1.391415 -0.386538
v 0.209630 1.391415 -0.364993
v 0.209630 1.269708 -0.364993
v 0.061469 1.021783 -0.105603
v 0.190515 0.978061 -0.331885
v 0.006248 1.500346 -0.053648
v 0.000993 1.501478 -0.003648
v 0.011866 1.496705 -0.107093
v 0.017683 1.490593 -0.162442
v 0.023539 1.482049 -0.218152
v 0.029270 1.471113 -0.272682
v 0.034715 1.457821 -0.324487
v 0.039711 1.442214 -0.372028
v 0.044608 1.442214 -0.418612
v 0.044608 1.419990 -0.418612
v 0.047208 1.419990 -0.443354
v 0.047208 1.391415 -0.443354
v 0.044608 1.391415 -0.418612
v 0.044608 1.269708 -0.418612
v 0.027110 1.021791 -0.116878
v 0.054262 0.978060 -0.376156
v -0.014555 1.500345 -0.051461
v 0.000981 1.501478 -0.003647
v -0.031161 1.496705 -0.102570
v -0.048359 1.490593 -0.155501
v -0.065670 1.482049 -0.208776
v -0.082613 1.471113 -0.260922
v -0.098710 1.457821 -0.310463
v -0.113482 1.442214 -0.355926
v -0.127956 1.442214 -0.400474
v -0.127956 1.419990 -0.400474
v -0.135644 1.419990 -0.424135
v -0.135644 1.391415 -0.424135
v -0.127956 1.391415 -0.400474
v -0.127956 1.269708 -0.400474
v 0.028126 1.238293 -0.393196
v 0.040628 1.238293 -0.380699
v 0.013457 1.238293 -0.121237
v -0.001969 1.238293 -0.105791
v -0.018049 1.238293 -0.104086
v -0.036314 1.238293 -0.115970
v -0.120515 1.238293 -0.377573
v -0.032670 1.500346 -0.041002
v 0.000970 1.501478 -0.003641
v -0.068629 1.496705 -0.080938
v -0.105869 1.490593 -0.122297
v -0.143352 1.482050 -0.163926
v -0.180040 1.471113 -0.204672
v -0.214896 1.457822 -0.243384
v -0.246882 1.442214 -0.278907
v -0.278224 1.442214 -0.313716
v -0.278224 1.419990 -0.313716
v -0.294871 1.419990 -0.332205
v -0.294871 1.391415 -0.332205
v -0.278224 1.391415 -0.313716
v -0.278224 1.269708 -0.313716
v -0.128580 1.110999 -0.356818
v -0.048766 1.080240 -0.108844
v -0.078823 1.080254 -0.090972
v -0.252593 1.110991 -0.285185
v -0.044965 1.500346 -0.024079
v 0.000962 1.501478 -0.003631
v -0.094059 1.496705 -0.045936
v -0.144901 1.490593 -0.068574
v -0.196076 1.482050 -0.091358
v -0.246165 1.471113 -0.113658
v -0.293753 1.457822 -0.134846
v -0.337422 1.442214 -0.154289
v -0.380214 1.442214 -0.173340
v -0.380214 1.419990 -0.173340
v -0.402941 1.419990 -0.183460
v -0.402941 1.391415 -0.183460
v -0.380214 1.391415 -0.173340
v -0.380214 1.269708 -0.173340
v -0.261108 0.978060 -0.273657
v -0.087177 1.021791 -0.079264
v -0.107087 1.021788 -0.051696
v -0.345289 0.978062 -0.157792
v -0.404249 1.268708 -0.003619
v -0.369214 1.268708 0.161208
v -0.369214 1.268708 -0.168444
v -0.270168 1.268708 -0.304769
v -0.124236 1.268708 -0.389023
v 0.043349 1.268708 -0.406638
v 0.203609 1.268708 -0.354565
v 0.328835 1.268708 -0.241811
v 0.397374 1.268708 -0.087872
v 0.397374 1.268708 0.080636
v 0.328836 1.268708 0.234576
v 0.203610 1.268708 0.347329
v 0.043349 1.268708 0.399401
v -0.124236 1.268708 0.381787
v -0.270167 1.268708 0.297533
v 0.000960 1.269708 -0.003619
v 0.000962 1.269708 -0.003606
v -0.010031 1.268708 0.001288
v -0.011088 1.268708 -0.003619
v 0.000970 1.269708 -0.003596
v -0.007153 1.268708 0.005272
v 0.000981 1.269708 -0.003589
v -0.002824 1.268708 0.007855
v 0.000994 1.269708 -0.003588
v 0.002302 1.268708 0.008390
v 0.001006 1.269708 -0.003592
v 0.007059 1.268708 0.006805
v 0.001015 1.269708 -0.003601
v 0.010880 1.268708 0.003367
v 0.001020 1.269708 -0.003612
v 0.012727 1.268708 -0.001106
v 0.001020 1.269708 -0.003624
v 0.012878 1.268708 -0.006123
v 0.001015 1.269708 -0.003636
v 0.010688 1.268708 -0.010711
v 0.001006 1.269708 -0.003645
v 0.007157 1.268708 -0.014021
v 0.000993 1.269708 -0.003649
v 0.002264 1.268708 -0.015626
v 0.000981 1.269708 -0.003647
v -0.002832 1.268708 -0.015087
v 0.000970 1.269708 -0.003641
v -0.007153 1.268708 -0.012509
v 0.000962 1.269708 -0.003631
v -0.010031 1.268708 -0.008524
v -0.404249 1.239293 -0.003619
v -0.369214 1.239293 0.161208
v -0.369214 1.239293 -0.168444
v -0.270168 1.239293 -0.304769
v -0.124236 1.239293 -0.389023
v 0.043349 1.239293 -0.406638
v 0.203609 1.239293 -0.354565
v 0.328835 1.239293 -0.241811
v 0.397374 1.239293 -0.087872
v 0.397374 1.239293 0.080636
v 0.328836 1.239293 0.234576
v 0.203610 1.239293 0.347329
v 0.043349 1.239293 0.399401
v -0.124236 1.239293 0.381787
v -0.270167 1.239293 0.297533
v -0.010031 1.239293 0.001288
v -0.011088 1.239293 -0.003618
v -0.007153 1.239293 0.005272
v -0.002824 1.239293 0.007855
v 0.002302 1.239293 0.008390
v 0.007059 1.239293 0.006805
v 0.010880 1.239293 0.003367
v 0.012727 1.239293 -0.001106
v 0.012878 1.239293 -0.006123
v 0.010688 1.239293 -0.010711
v 0.007157 1.239293 -0.014021
v 0.002264 1.239293 -0.015626
v -0.002832 1.239293 -0.015087
v -0.007153 1.239293 -0.012509
v -0.010031 1.239293 -0.008524
v -0.392208 1.238293 -0.003619
v -0.361134 1.238293 0.142576
v -0.358215 1.238293 -0.163547
v -0.262111 1.238293 -0.295822
v 0.197589 1.238293 -0.344139
v 0.055445 1.238293 -0.390323
v 0.319094 1.238293 -0.234734
v 0.385596 1.238293 -0.085369
v 0.385596 1.238293 0.064091
v 0.197590 1.238293 0.336902
v 0.308660 1.238293 0.236894
v 0.042091 1.238293 0.387427
v -0.120515 1.238293 0.370336
v -0.249951 1.238293 0.295606
v -0.081343 1.238445 0.033062
v -0.097124 1.238293 0.025052
v -0.103291 1.238293 -0.003585
v -0.059840 1.238446 0.062826
v -0.031938 1.238293 0.095480
v -0.057261 1.238293 0.080376
v 0.012322 1.238293 0.100104
v 0.053396 1.238293 0.086413
v 0.074918 1.238445 0.048623
v 0.075947 1.238293 0.066118
v 0.088611 1.238446 0.015168
v 0.103638 1.238293 -0.025217
v 0.102760 1.238293 0.004077
v 0.084727 1.238293 -0.064828
v 0.054241 1.238293 -0.093410
v 0.010512 1.238445 -0.093310
v 0.025336 1.238293 -0.102894
v -0.027571 1.238445 -0.089286
v -0.069320 1.238293 -0.080350
v -0.044071 1.238293 -0.095412
v -0.094168 1.238293 -0.045946
v -0.345387 1.112674 0.150600
v -0.106996 1.112674 0.044487
v -0.392208 1.112674 -0.003619
v -0.361134 1.112674 0.142576
v -0.358215 1.112674 -0.163547
v -0.271856 1.126716 -0.285713
v -0.120515 1.126716 -0.377573
v -0.036314 1.094370 -0.115970
v -0.078998 1.092615 -0.070178
v -0.044071 1.092615 -0.095412
v -0.094168 1.112674 -0.045946
v -0.103291 1.112674 -0.003585
v -0.097124 1.112674 0.025052
v -0.078684 1.093942 0.083646
v -0.252746 1.125137 0.278123
v -0.018325 1.092768 0.098921
v -0.057261 1.092310 0.080376
v 0.012322 1.112674 0.100104
v 0.053396 1.112674 0.086413
v 0.075947 1.112674 0.066118
v 0.307775 1.112675 0.219191
v 0.097705 1.112674 0.065032
v 0.197590 1.112674 0.336902
v 0.308660 1.112675 0.236894
v 0.042091 1.112675 0.387427
v -0.106887 1.126716 0.373721
v -0.249951 1.126716 0.295606
v 0.116075 1.095679 0.021023
v 0.371860 1.147629 0.075222
v 0.099645 1.092615 -0.038678
v 0.102760 1.092615 0.004077
v 0.084727 1.112674 -0.064828
v 0.054241 1.112674 -0.093410
v 0.025336 1.112674 -0.102894
v 0.040628 1.112674 -0.380698
v 0.013457 1.112674 -0.121237
v 0.197589 1.112674 -0.344139
v 0.055445 1.112674 -0.390323
v 0.319094 1.112674 -0.234734
v 0.381714 1.150144 -0.098862
v 0.385596 1.150144 0.064091
v -0.078683 1.036043 -0.090815
v -0.252748 0.992280 -0.285358
v -0.094168 1.038201 -0.045946
v -0.077541 1.038201 -0.068966
v -0.103291 1.038201 -0.003585
v -0.097124 1.038201 0.025052
v -0.345387 0.992281 0.150600
v -0.106996 1.036043 0.044487
v -0.392208 0.989730 -0.003619
v -0.361134 0.989730 0.142576
v -0.358215 0.989730 -0.163547
v -0.270364 0.989730 -0.284462
v -0.036245 1.036041 0.108844
v -0.116208 0.992284 0.356972
v 0.012322 1.038201 0.100104
v -0.017973 1.038201 0.096938
v 0.053396 1.038201 0.086413
v 0.075947 1.038201 0.066118
v 0.307775 0.992285 0.219191
v 0.097705 1.036040 0.065032
v 0.197590 0.989730 0.336902
v 0.308660 0.989730 0.236894
v 0.042091 0.989730 0.387427
v -0.106550 0.989730 0.371804
v 0.117370 1.036038 -0.028145
v 0.371864 0.992288 -0.082439
v 0.084727 1.038201 -0.064828
v 0.097588 1.038201 -0.037887
v 0.054241 1.038201 -0.093410
v 0.025336 1.038201 -0.102894
v 0.040628 0.992282 -0.380698
v 0.013457 1.036042 -0.121237
v 0.197589 0.989730 -0.344139
v 0.055445 0.989730 -0.390323
v 0.319094 0.989730 -0.234734
v 0.379885 0.989730 -0.098197
v -0.100369 1.027076 0.026416
v -0.100101 1.028564 0.035733
v -0.107685 1.025375 0.040954
v -0.346196 0.981592 0.147121
v -0.354502 0.981861 0.148974
v -0.357918 0.979793 0.141063
v -0.355737 1.238293 0.151449
v -0.098114 1.238293 0.036774
v -0.068646 1.238293 0.077597
v -0.256730 1.238293 0.287725
v -0.247511 1.115769 0.292990
v -0.253983 1.117323 0.287297
v -0.249641 1.114541 0.279914
v -0.075609 1.083344 0.085471
v -0.068291 1.084062 0.079840
v -0.059575 1.082175 0.083056
v -0.105392 0.979793 0.368446
v -0.113620 0.981862 0.365875
v -0.112665 0.981593 0.357415
v -0.032657 1.025375 0.109148
v -0.028275 1.028565 0.101048
v -0.018983 1.027077 0.100312
v 0.078742 1.027077 0.068257
v 0.086689 1.028565 0.063393
v 0.094982 1.025374 0.067386
v 0.305171 0.981594 0.221632
v 0.310904 0.981863 0.227931
v 0.305757 0.979793 0.234852
v 0.313656 1.238293 0.227770
v 0.086605 1.238293 0.061150
v 0.105878 1.238293 0.015332
v 0.382162 1.238293 0.073894
v 0.382158 1.138908 0.063287
v 0.380458 1.140355 0.071738
v 0.371987 1.136911 0.071663
v 0.116033 1.084932 0.017429
v 0.107623 1.084933 0.013908
v 0.106178 1.082798 0.004747
v 0.376395 0.979788 -0.097527
v 0.378283 0.981859 -0.089119
v 0.370474 0.981592 -0.085730
v 0.115769 1.025382 -0.031391
v 0.106515 1.028570 -0.031124
v 0.101028 1.027087 -0.038719
v 0.025779 1.027078 -0.106391
v 0.017590 1.028565 -0.110861
v 0.016860 1.025377 -0.120051
v 0.044047 0.981591 -0.379658
v 0.046590 0.981861 -0.387780
v 0.055149 0.979792 -0.386782
v 0.045064 1.238293 -0.390087
v 0.015695 1.238293 -0.109668
v -0.036102 1.238293 -0.104148
v -0.039412 1.083762 -0.114143
v -0.038207 1.084467 -0.104927
v -0.045245 1.082501 -0.098770
v -0.268050 0.979792 -0.281761
v -0.261716 0.981860 -0.287597
v -0.254903 0.981590 -0.282505
v -0.080742 1.025378 -0.087855
v -0.075948 1.028565 -0.079975
v -0.079950 1.027078 -0.071541
v -0.036102 1.093054 -0.104148
v -0.068646 1.092645 0.077597
v -0.256730 1.126321 0.287725
v 0.105878 1.093381 0.015332
v 0.382162 1.149516 0.073894
v -0.073716 1.037662 -0.080121
v -0.261834 0.990368 -0.290366
v -0.098114 1.037662 0.036774
v -0.355737 0.990368 0.151449
v -0.029523 1.037661 0.099185
v -0.115947 0.990369 0.367362
v 0.086605 1.037661 0.061150
v 0.313656 0.990369 0.227770
v 0.105558 1.037660 -0.029117
v 0.380736 0.990369 -0.087843
v 0.015695 1.037662 -0.109668
v 0.045064 0.990368 -0.390087
v -0.106830 1.027077 -0.003585
v -0.388671 0.979792 -0.003619
v -0.029625 1.082557 0.099758
v -0.115786 1.115919 0.367655
v 0.012707 1.027077 0.103623
v 0.041721 0.979793 0.383909
v 0.055175 1.027078 0.089468
v 0.195821 0.979793 0.333839
v 0.106173 1.082830 -0.029358
v 0.381006 1.138975 -0.088067
v 0.087569 1.027079 -0.066907
v 0.316233 0.979793 -0.232655
v 0.056048 1.027076 -0.096458
v 0.195821 0.979792 -0.341075
v -0.122531 1.115766 -0.372384
v -0.074139 1.082524 -0.080463
v -0.262171 1.115921 -0.290373
v -0.097398 1.027078 -0.047383
v -0.354983 0.979793 -0.162108
v -0.355737 1.112674 0.151449
v -0.098114 1.112674 0.036774
v 0.086605 1.112674 0.061150
v 0.313656 1.112675 0.227770
v 0.015695 1.112674 -0.109668
v 0.045064 1.112674 -0.390087
vn -0.0225 0.9997 -0.0000
vn -0.0481 0.9988 -0.0000
vn -0.0439 0.9988 0.0196
vn -0.0206 0.9997 0.0091
vn -0.0912 0.9958 -0.0000
vn -0.0833 0.9958 0.0371
vn -0.1327 0.9912 -0.0000
vn -0.1213 0.9912 0.0540
vn -0.1762 0.9844 -0.0000
vn -0.1609 0.9844 0.0717
vn -0.2249 0.9744 -0.0000
vn -0.2054 0.9744 0.0915
vn -0.2830 0.9591 -0.0000
vn -0.2585 0.9591 0.1151
vn -0.1366 0.9906 -0.0000
vn -0.1248 0.9906 0.0556
vn -0.7485 0.6632 -0.0000
vn -0.6838 0.6632 0.3044
vn -0.6534 0.7570 -0.0000
vn -0.5969 0.7570 0.2658
vn -0.7485 -0.6632 -0.0000
vn -0.6838 -0.6632 0.3044
vn -0.6534 -0.7570 -0.0000
vn -0.5969 -0.7570 0.2658
vn -0.7722 -0.6354 -0.0000
vn -0.7054 -0.6354 0.3141
vn -0.0195 -0.9998 -0.0000
vn 0.2909 -0.9568 -0.0000
vn 0.3545 -0.9324 0.0707
vn 0.0664 -0.9874 0.1433
vn -0.0322 0.9988 0.0357
vn -0.0151 0.9997 0.0167
vn -0.0610 0.9958 0.0677
vn -0.0888 0.9912 0.0986
vn -0.1179 0.9844 0.1309
vn -0.1505 0.9744 0.1671
vn -0.1894 0.9591 0.2103
vn -0.0914 0.9906 0.1015
vn -0.5008 0.6632 0.5562
vn -0.4372 0.7570 0.4856
vn -0.5008 -0.6632 0.5562
vn -0.4372 -0.7570 0.4856
vn -0.5167 -0.6354 0.5738
vn -0.0360 -0.9991 0.0230
vn 0.1647 -0.7469 0.6443
vn 0.3601 -0.7419 0.5656
vn 0.0044 -1.0000 -0.0034
vn 0.0047 -1.0000 -0.0031
vn -0.4274 -0.7421 -0.5163
vn -0.5628 -0.7468 -0.3542
vn -0.0330 -0.9991 0.0271
vn -0.0149 0.9988 0.0457
vn -0.0070 0.9997 0.0214
vn -0.0282 0.9958 0.0867
vn -0.0410 0.9912 0.1262
vn -0.0544 0.9844 0.1676
vn -0.0695 0.9744 0.2138
vn -0.0874 0.9591 0.2691
vn -0.0422 0.9906 0.1299
vn -0.2313 0.6632 0.7118
vn -0.2019 0.7570 0.6214
vn -0.2313 -0.6632 0.7118
vn -0.2019 -0.7570 0.6214
vn -0.2386 -0.6354 0.7344
vn -0.2482 -0.9604 0.1269
vn -0.0887 -0.9867 -0.1363
vn -0.6166 -0.7108 -0.3387
vn -0.7733 -0.6231 0.1175
vn 0.0050 0.9988 0.0478
vn 0.0024 0.9997 0.0224
vn 0.0095 0.9958 0.0907
vn 0.0139 0.9912 0.1320
vn 0.0184 0.9844 0.1752
vn 0.0235 0.9744 0.2236
vn 0.0296 0.9591 0.2814
vn 0.0143 0.9906 0.1358
vn 0.0782 0.6632 0.7444
vn 0.0683 0.7570 0.6498
vn 0.0782 -0.6632 0.7444
vn 0.0683 -0.7570 0.6498
vn 0.0807 -0.6354 0.7679
vn -0.1497 -0.9874 -0.0507
vn -0.1083 -0.9324 -0.3449
vn -0.0314 -0.9568 -0.2891
vn 0.0020 -0.9998 0.0194
vn 0.0240 0.9988 0.0416
vn 0.0114 0.9997 0.0194
vn 0.0456 0.9958 0.0789
vn 0.0664 0.9912 0.1150
vn 0.0881 0.9844 0.1526
vn 0.1124 0.9744 0.1947
vn 0.1415 0.9591 0.2451
vn 0.0683 0.9906 0.1183
vn 0.3742 0.6632 0.6482
vn 0.3267 0.7570 0.5658
vn 0.3742 -0.6632 0.6482
vn 0.3267 -0.7570 0.5658
vn 0.3861 -0.6354 0.6687
vn -0.1466 -0.9565 -0.2522
vn 0.0097 -0.9998 0.0169
vn 0.0389 0.9988 0.0283
vn 0.0186 0.9997 0.0127
vn 0.0738 0.9958 0.0536
vn 0.1074 0.9912 0.0780
vn 0.1425 0.9844 0.1036
vn 0.1819 0.9744 0.1322
vn 0.2289 0.9591 0.1663
vn 0.1105 0.9906 0.0803
vn 0.6055 0.6632 0.4399
vn 0.5286 0.7570 0.3840
vn 0.6055 -0.6632 0.4399
vn 0.5286 -0.7570 0.3840
vn 0.6247 -0.6354 0.4539
vn -0.1149 -0.9324 -0.3426
vn 0.0916 -0.9874 -0.1288
vn 0.0470 0.9988 0.0100
vn 0.0220 0.9997 0.0047
vn 0.0892 0.9958 0.0190
vn 0.1298 0.9912 0.0276
vn 0.1723 0.9844 0.0366
vn 0.2199 0.9744 0.0467
vn 0.2768 0.9591 0.0588
vn 0.1336 0.9906 0.0284
vn 0.7321 0.6632 0.1556
vn 0.6391 0.7570 0.1358
vn 0.7321 -0.6632 0.1556
vn 0.6391 -0.7570 0.1358
vn 0.7553 -0.6354 0.1605
vn 0.0379 -0.9991 0.0197
vn 0.4777 -0.7468 -0.4626
vn 0.3125 -0.7419 -0.5932
vn -0.0052 -1.0000 -0.0020
vn -0.0051 -1.0000 -0.0023
vn -0.2354 -0.7424 0.6273
vn -0.0268 -0.7469 0.6644
vn 0.0400 -0.9991 0.0150
vn 0.0470 0.9988 -0.0100
vn 0.0220 0.9997 -0.0047
vn 0.0892 0.9958 -0.0190
vn 0.1298 0.9912 -0.0276
vn 0.1723 0.9844 -0.0366
vn 0.2199 0.9744 -0.0468
vn 0.2768 0.9591 -0.0588
vn 0.1336 0.9906 -0.0284
vn 0.7321 0.6632 -0.1556
vn 0.6391 0.7570 -0.1358
vn 0.7321 -0.6632 -0.1556
vn 0.6391 -0.7570 -0.1358
vn 0.7553 -0.6354 -0.1605
vn 0.3050 -0.9399 0.1532
vn 0.0030 -0.9880 0.1547
vn 0.0782 -0.7028 0.7071
vn 0.5231 -0.6014 0.6039
vn 0.0389 0.9988 -0.0283
vn 0.0182 0.9997 -0.0132
vn 0.0737 0.9958 -0.0536
vn 0.1074 0.9912 -0.0780
vn 0.1425 0.9844 -0.1036
vn 0.1819 0.9744 -0.1322
vn 0.2289 0.9591 -0.1663
vn 0.1105 0.9906 -0.0803
vn 0.6055 0.6632 -0.4399
vn 0.5286 0.7570 -0.3840
vn 0.6055 -0.6632 -0.4399
vn 0.5286 -0.7570 -0.3840
vn 0.6247 -0.6354 -0.4539
vn 0.0311 -0.9874 0.1555
vn -0.2408 -0.9321 0.2706
vn -0.2366 -0.9559 0.1738
vn 0.0158 -0.9998 -0.0114
vn 0.0240 0.9988 -0.0416
vn 0.0113 0.9997 -0.0195
vn 0.0456 0.9958 -0.0789
vn 0.0664 0.9912 -0.1150
vn 0.0881 0.9844 -0.1526
vn 0.1124 0.9744 -0.1947
vn 0.1415 0.9591 -0.2451
vn 0.0683 0.9906 -0.1183
vn 0.3742 0.6632 -0.6482
vn 0.3267 0.7570 -0.5658
vn 0.3742 -0.6632 -0.6482
vn 0.3267 -0.7570 -0.5658
vn 0.3861 -0.6354 -0.6687
vn -0.1482 -0.9569 0.2496
vn 0.0096 -0.9998 -0.0170
vn 0.0050 0.9988 -0.0478
vn 0.0027 0.9997 -0.0224
vn 0.0095 0.9958 -0.0907
vn 0.0139 0.9911 -0.1320
vn 0.0184 0.9844 -0.1752
vn 0.0235 0.9744 -0.2236
vn 0.0296 0.9591 -0.2814
vn 0.0143 0.9906 -0.1358
vn 0.0782 0.6632 -0.7444
vn 0.0683 0.7570 -0.6498
vn 0.0782 -0.6632 -0.7444
vn 0.0683 -0.7570 -0.6498
vn 0.0807 -0.6354 -0.7679
vn -0.2396 -0.9323 0.2710
vn -0.1574 -0.9874 -0.0142
vn -0.0149 0.9988 -0.0457
vn -0.0070 0.9997 -0.0214
vn -0.0282 0.9958 -0.0867
vn -0.0410 0.9911 -0.1263
vn -0.0544 0.9844 -0.1676
vn -0.0695 0.9744 -0.2138
vn -0.0874 0.9591 -0.2691
vn -0.0422 0.9906 -0.1299
vn -0.2313 0.6632 -0.7118
vn -0.2019 0.7570 -0.6214
vn -0.2313 -0.6632 -0.7118
vn -0.2019 -0.7570 -0.6214
vn -0.2386 -0.6354 -0.7344
vn -0.0019 -0.9991 -0.0427
vn -0.6404 -0.7469 -0.1792
vn -0.6700 -0.7418 0.0291
vn 0.0008 -1.0000 0.0055
vn 0.0004 -1.0000 0.0056
vn 0.6618 -0.7415 -0.1100
vn 0.1149 -0.9119 -0.3940
vn -0.0321 0.9988 -0.0357
vn -0.0154 0.9997 -0.0164
vn -0.0610 0.9958 -0.0677
vn -0.0888 0.9912 -0.0986
vn -0.1179 0.9844 -0.1309
vn -0.1505 0.9744 -0.1671
vn -0.1894 0.9591 -0.2103
vn -0.0914 0.9906 -0.1015
vn -0.5008 0.6632 -0.5562
vn -0.4372 0.7570 -0.4856
vn -0.5008 -0.6632 -0.5562
vn -0.4372 -0.7570 -0.4856
vn -0.5167 -0.6354 -0.5738
vn 0.0024 -0.9693 -0.2459
vn 0.1682 -0.9857 -0.0134
vn 0.6083 -0.7063 -0.3622
vn 0.2879 -0.6238 -0.7266
vn -0.0439 0.9988 -0.0196
vn -0.0206 0.9997 -0.0092
vn -0.0833 0.9958 -0.0371
vn -0.1213 0.9912 -0.0540
vn -0.1609 0.9844 -0.0717
vn -0.2054 0.9744 -0.0915
vn -0.2585 0.9591 -0.1151
vn -0.1248 0.9906 -0.0556
vn -0.6838 0.6632 -0.3044
vn -0.5969 0.7570 -0.2658
vn -0.6838 -0.6632 -0.3044
vn -0.5969 -0.7570 -0.2658
vn -0.7054 -0.6354 -0.3141
vn 0.1193 -0.9874 -0.1036
vn 0.3532 -0.9322 0.0787
vn 0.2663 -0.9566 0.1185
vn -0.0178 -0.9998 -0.0079
vn -0.6886 -0.7251 -0.0000
vn -0.6291 -0.7251 0.2801
vn -0.6291 -0.7251 -0.2801
vn -0.4608 -0.7251 -0.5117
vn -0.2128 -0.7251 -0.6549
vn 0.0720 -0.7251 -0.6848
vn 0.3443 -0.7251 -0.5963
vn 0.5571 -0.7251 -0.4047
vn 0.6735 -0.7251 -0.1432
vn 0.6735 -0.7251 0.1432
vn 0.5571 -0.7251 0.4047
vn 0.3443 -0.7251 0.5963
vn 0.0720 -0.7251 0.6848
vn -0.2128 -0.7251 0.6549
vn -0.4608 -0.7251 0.5117
vn 0.0827 -0.9966 -0.0000
vn 0.0757 -0.9966 -0.0336
vn 0.7050 -0.6359 -0.3139
vn 0.7726 -0.6349 -0.0000
vn 0.0559 -0.9966 -0.0612
vn 0.5210 -0.6365 -0.5688
vn 0.0260 -0.9966 -0.0785
vn 0.2439 -0.6341 -0.7338
vn -0.0091 -0.9966 -0.0822
vn -0.0839 -0.6348 -0.7681
vn -0.0417 -0.9966 -0.0716
vn -0.3882 -0.6361 -0.6668
vn -0.0674 -0.9966 -0.0476
vn -0.6324 -0.6330 -0.4466
vn -0.0814 -0.9965 -0.0174
vn -0.7509 -0.6406 -0.1607
vn -0.0805 -0.9966 0.0169
vn -0.7595 -0.6305 0.1600
vn -0.0672 -0.9965 0.0489
vn -0.6204 -0.6396 0.4538
vn -0.0420 -0.9966 0.0711
vn -0.3944 -0.6339 0.6653
vn -0.0086 -0.9966 0.0823
vn -0.0815 -0.6351 0.7681
vn 0.0264 -0.9966 0.0783
vn 0.2445 -0.6342 0.7335
vn 0.0557 -0.9966 0.0613
vn 0.5210 -0.6365 0.5688
vn 0.0756 -0.9966 0.0338
vn 0.7050 -0.6359 0.3139
vn -0.7721 -0.6354 -0.0000
vn -0.6838 -0.6631 0.3045
vn 0.6391 0.7570 0.1359
vn 0.5286 0.7570 0.3841
vn -0.5008 -0.6631 0.5563
vn 0.6019 -0.7523 -0.2680
vn 0.6573 -0.7536 -0.0000
vn 0.4456 -0.7515 -0.4865
vn 0.2069 -0.7548 -0.6224
vn -0.0714 -0.7538 -0.6532
vn -0.3316 -0.7520 -0.5697
vn -0.5343 -0.7564 -0.3773
vn -0.6514 -0.7458 -0.1394
vn -0.6359 -0.7601 0.1340
vn -0.5365 -0.7472 0.3924
vn -0.3343 -0.7551 0.5640
vn -0.0694 -0.7534 0.6539
vn 0.2075 -0.7546 0.6225
vn 0.4456 -0.7515 0.4865
vn 0.6019 -0.7523 0.2680
vn 0.7977 -0.1665 -0.5796
vn 0.9551 -0.1767 -0.2377
vn 0.6305 -0.7678 -0.1139
vn 0.5479 -0.7357 -0.3981
vn -0.6886 -0.7252 -0.0000
vn -0.4505 -0.7288 -0.5157
vn -0.6492 -0.7177 0.2519
vn 0.5571 -0.7251 -0.4048
vn 0.3443 -0.7252 -0.5963
vn 0.6710 -0.7300 -0.1294
vn 0.1064 -0.7177 -0.6882
vn 0.6874 -0.7176 0.1114
vn 0.0720 -0.7251 0.6849
vn 0.3443 -0.7252 0.5963
vn -0.2213 -0.7288 0.6479
vn 0.5428 -0.7176 0.4363
vn -0.4402 -0.7176 0.5396
vn 0.0094 -0.9999 -0.0043
vn 0.6733 -0.7381 -0.0436
vn 0.7521 -0.6591 -0.0000
vn 0.0071 -0.9999 -0.0076
vn 0.2476 -0.6551 -0.7138
vn 0.2559 -0.7383 -0.6240
vn -0.0817 -0.6589 -0.7478
vn -0.3779 -0.6603 -0.6490
vn -0.0085 -0.9999 -0.0059
vn -0.3726 -0.7381 -0.5625
vn -0.0102 -0.9999 -0.0022
vn -0.7451 -0.6508 0.1460
vn -0.6694 -0.7385 0.0804
vn -0.6034 -0.6641 0.4414
vn -0.3840 -0.6579 0.6478
vn -0.0010 -0.9999 0.0103
vn -0.3021 -0.7379 0.6035
vn 0.0032 -0.9999 0.0098
vn 0.5020 -0.6578 0.5616
vn 0.4266 -0.7377 0.5233
vn 0.6862 -0.6601 0.3055
vn 0.2477 -0.0000 0.9688
vn 0.5371 -0.0000 0.8435
vn -1.0000 -0.0000 -0.0000
vn -0.9294 -0.0000 0.3690
vn -0.9162 -0.0000 -0.4008
vn -0.6805 -0.0195 -0.7325
vn 0.3374 -0.2028 -0.9193
vn 0.9709 -0.1537 -0.1836
vn 0.7837 -0.0484 0.6192
vn 0.6565 -0.1568 0.7378
vn 0.9265 -0.0000 0.3762
vn 1.0000 -0.0000 -0.0000
vn 0.9980 -0.0000 -0.0639
vn -0.6468 -0.1542 -0.7469
vn -0.8452 -0.1595 -0.5102
vn 0.1563 -0.0490 -0.9865
vn 0.3336 -0.1574 -0.9295
vn -0.1411 -0.0000 -0.9900
vn -0.5032 -0.0000 -0.8642
vn -0.5518 -0.0000 -0.8340
vn 0.7184 -0.0000 -0.6956
vn 0.4660 -0.0000 -0.8848
vn 0.5000 -0.0000 0.8660
vn 0.7842 -0.0000 0.6205
vn 0.1110 -0.0000 0.9938
vn -0.2934 -0.0196 0.9558
vn -0.6203 -0.1523 0.7695
vn -0.3150 -0.1530 0.9367
vn -0.0116 -0.1560 0.9877
vn -0.9248 -0.0510 0.3770
vn -0.9723 -0.1607 0.1696
vn -0.7850 -0.0000 0.6194
vn -0.5099 -0.0000 0.8602
vn -0.4482 -0.0000 0.8939
vn -0.9630 -0.0000 -0.2695
vn -0.9991 -0.0000 0.0434
vn 0.5000 -0.0000 -0.8660
vn 0.1452 -0.0000 -0.9894
vn 0.8052 -0.0000 -0.5930
vn 0.9735 -0.0166 -0.2280
vn 0.9777 -0.1459 0.1512
vn 0.8353 -0.1449 -0.5304
vn 0.6350 -0.1565 -0.7565
vn 0.9023 -0.1564 0.4017
vn 0.8778 -0.1245 0.4627
vn 0.9877 -0.1566 -0.0000
vn 0.9874 -0.1415 -0.0703
vn 0.2696 -0.1566 0.9501
vn 0.5451 -0.1453 0.8257
vn -0.9860 -0.1665 -0.0000
vn -0.9135 -0.1709 0.3693
vn -0.9008 -0.1665 -0.4011
vn -0.6831 -0.1778 -0.7083
vn -0.8791 -0.1449 -0.4540
vn -0.9736 -0.1564 -0.1665
vn -0.1073 -0.1566 -0.9818
vn -0.0366 -0.1235 -0.9917
vn -0.4970 -0.1563 -0.8536
vn -0.5520 -0.1416 -0.8217
vn 0.6912 -0.1566 -0.7055
vn 0.4465 -0.1454 -0.8829
vn 0.4930 -0.1665 0.8539
vn 0.7764 -0.1707 0.6066
vn 0.1031 -0.1665 0.9806
vn -0.2716 -0.1776 0.9459
vn 0.0470 -0.1445 0.9884
vn 0.3411 -0.1564 0.9269
vn -0.7973 -0.1555 0.5832
vn -0.8279 -0.1217 0.5475
vn -0.5036 -0.1569 0.8496
vn -0.4374 -0.1416 0.8881
vn -0.9578 -0.1566 -0.2412
vn -0.9876 -0.1452 0.0592
vn 0.4930 -0.1665 -0.8539
vn 0.1369 -0.1709 -0.9757
vn 0.7729 -0.6325 -0.0510
vn 0.7798 -0.5178 0.3520
vn 0.4947 -0.6615 0.5637
vn 0.2617 -0.7048 0.6593
vn -0.3130 -0.6269 0.7135
vn -0.5765 -0.7682 0.2783
vn -0.2698 -0.8330 0.4831
vn 0.5352 -0.8009 0.2685
vn -0.0871 -0.8022 -0.5906
vn -0.5432 -0.8326 0.1082
vn -0.4782 -0.6703 0.5675
vn -0.8135 -0.5590 0.1606
vn -0.6480 -0.7064 -0.2849
vn -0.4966 -0.7066 -0.5040
vn -0.1488 -0.6042 -0.7829
vn 0.2288 -0.7351 -0.6381
vn -0.2164 -0.7680 0.6027
vn -0.6765 -0.6268 0.3867
vn -0.6836 -0.7047 -0.1899
vn -0.6132 -0.6615 -0.4317
vn -0.4336 -0.5177 -0.7375
vn -0.0326 -0.6326 -0.7738
vn -0.4285 -0.6327 -0.6451
vn -0.0818 -0.5179 -0.8515
vn 0.2437 -0.6617 -0.7091
vn 0.4427 -0.7047 -0.5545
vn 0.7748 -0.6266 -0.0839
vn 0.5295 -0.7679 0.3606
vn 0.5542 -0.8324 -0.0066
vn -0.0328 -0.8011 -0.5977
vn -0.4699 -0.8035 0.3655
vn 0.3646 -0.8329 0.4164
vn 0.7585 -0.6392 0.1272
vn 0.5682 -0.5371 0.6235
vn 0.1267 -0.6946 0.7081
vn -0.1392 -0.7085 0.6918
vn -0.5810 -0.6220 0.5250
vn -0.6342 -0.7631 0.1241
vn 0.6728 -0.6267 0.3931
vn 0.1762 -0.7042 0.6878
vn -0.0663 -0.6609 0.7475
vn -0.4131 -0.5165 0.7501
vn -0.6435 -0.6330 0.4303
vn -0.3458 -0.6326 0.6930
vn -0.6961 -0.5175 0.4976
vn -0.7357 -0.6613 0.1465
vn -0.7020 -0.7047 -0.1027
vn -0.4615 -0.6269 -0.6277
vn 0.0473 -0.7681 -0.6385
vn -0.2835 -0.8330 -0.4751
vn -0.5016 -0.8003 0.3284
vn 0.5615 -0.7991 0.2150
vn 0.6864 -0.7055 -0.1763
vn 0.7586 -0.6005 0.2529
vn 0.4558 -0.7347 0.5025
vn -0.4133 -0.7684 -0.4887
vn 0.0055 -0.6270 -0.7790
vn 0.5088 -0.7048 -0.4943
vn 0.6821 -0.6612 -0.3124
vn 0.8557 -0.5174 -0.0054
vn 0.6870 -0.6325 0.3576
vn -0.9589 0.0414 0.2806
vn 0.2996 -0.0651 0.9518
vn 0.0142 -0.9998 -0.0161
vn 0.0120 -0.9850 -0.1722
vn -0.8368 0.0438 0.5457
vn 0.9311 -0.1266 0.3421
vn -0.1577 -0.1283 -0.9791
vn -0.9766 -0.1390 0.1642
vn -0.7695 -0.1310 0.6250
vn 0.6330 -0.1334 0.7625
vn 0.9931 -0.1091 -0.0426
vn -0.0342 -0.1549 -0.9873
vn 0.8897 -0.1139 0.4422
vn -0.4347 -0.1544 0.8872
vn -0.5347 -0.1091 -0.8379
vn -0.8366 -0.1544 0.5257
vn -0.0582 -0.1139 -0.9918
vn 0.9859 -0.1540 -0.0648
vn -0.4477 -0.1077 0.8877
vn 0.8731 -0.1548 0.4623
vn -0.8292 -0.1137 0.5473
vn -0.5512 -0.1544 -0.8200
vn 0.7355 -0.6775 -0.0000
vn -0.6772 -0.7358 -0.0000
vn -0.0401 -0.4568 -0.8886
vn -0.6433 -0.1903 0.7416
vn -0.0799 -0.6777 -0.7310
vn 0.0708 -0.7358 0.6735
vn -0.3706 -0.6763 -0.6365
vn 0.3386 -0.7358 0.5865
vn -0.7229 -0.4776 0.4992
vn 0.9671 -0.1840 0.1756
vn -0.5967 -0.6731 0.4368
vn -0.3745 -0.6787 0.6317
vn 0.3386 -0.7358 -0.5865
vn 0.2380 -0.6715 -0.7018
vn 0.8004 -0.4472 0.3992
vn -0.3197 -0.1909 -0.9281
vn 0.6727 -0.6766 0.2994
vn -0.6187 -0.7358 -0.2755
vn -0.4540 -0.0000 0.8910
vn 0.8916 -0.0000 0.4529
vn -0.0498 -0.0000 -0.9988
vn 0.9988 -0.0000 -0.0499
vn -0.8394 -0.0000 0.5436
vn -0.5448 -0.0000 -0.8386
s 1
usemtl 
f 1//1 2//2 3//3 4//4
f 2//2 5//5 6//6 3//3
f 5//5 7//7 8//8 6//6
f 7//7 9//9 10//10 8//8
f 9//9 11//11 12//12 10//10
f 11//11 13//13 14//14 12//12
f 13//13 15//15 16//16 14//14
f 15//15 17//17 18//18 16//16
f 17//17 19//19 20//20 18//18
f 19//19 21//17 22//18 20//20
f 21//17 23//21 24//22 22//18
f 23//21 25//23 26//24 24//22
f 25//23 27//25 28//26 26//24
f 29//27 30//28 31//29 32//30
f 4//4 3//3 33//31 34//32
f 3//3 6//6 35//33 33//31
f 6//6 8//8 36//34 35//33
f 8//8 10//10 37//35 36//34
f 10//10 12//12 38//36 37//35
f 12//12 14//14 39//37 38//36
f 14//14 16//16 40//38 39//37
f 16//16 18//18 41//39 40//38
f 18//18 20//20 42//40 41//39
f 20//20 22//18 43//39 42//40
f 22//18 24//22 44//41 43//39
f 24//22 26//24 45//42 44//41
f 26//24 28//26 46//43 45//42
f 47//44 48//45 49//46 50//47 51//48 52//49 53//50 54//51
f 34//32 33//31 55//52 56//53
f 33//31 35//33 57//54 55//52
f 35//33 36//34 58//55 57//54
f 36//34 37//35 59//56 58//55
f 37//35 38//36 60//57 59//56
f 38//36 39//37 61//58 60//57
f 39//37 40//38 62//59 61//58
f 40//38 41//39 63//60 62//59
f 41//39 42//40 64//61 63//60
f 42//40 43//39 65//60 64//61
f 43//39 44//41 66//62 65//60
f 44//41 45//42 67//63 66//62
f 45//42 46//43 68//64 67//63
f 69//65 70//66 71//67 72//68
f 56//53 55//52 73//69 74//70
f 55//52 57//54 75//71 73//69
f 57//54 58//55 76//72 75//71
f 58//55 59//56 77//73 76//72
f 59//56 60//57 78//74 77//73
f 60//57 61//58 79//75 78//74
f 61//58 62//59 80//76 79//75
f 62//59 63//60 81//77 80//76
f 63//60 64//61 82//78 81//77
f 64//61 65//60 83//77 82//78
f 65//60 66//62 84//79 83//77
f 66//62 67//63 85//80 84//79
f 67//63 68//64 86//81 85//80
f 87//82 88//83 89//84 90//85
f 74//70 73//69 91//86 92//87
f 73//69 75//71 93//88 91//86
f 75//71 76//72 94//89 93//88
f 76//72 77//73 95//90 94//89
f 77//73 78//74 96//91 95//90
f 78//74 79//75 97//92 96//91
f 79//75 80//76 98//93 97//92
f 80//76 81//77 99//94 98//93
f 81//77 82//78 100//95 99//94
f 82//78 83//77 101//94 100//95
f 83//77 84//79 102//96 101//94
f 84//79 85//80 103//97 102//96
f 85//80 86//81 104//98 103//97
f 90//85 89//84 105//99 106//100
f 92//87 91//86 107//101 108//102
f 91//86 93//88 109//103 107//101
f 93//88 94//89 110//104 109//103
f 94//89 95//90 111//105 110//104
f 95//90 96//91 112//106 111//105
f 96//91 97//92 113//107 112//106
f 97//92 98//93 114//108 113//107
f 98//93 99//94 115//109 114//108
f 99//94 100//95 116//110 115//109
f 100//95 101//94 117//109 116//110
f 101//94 102//96 118//111 117//109
f 102//96 103//97 119//112 118//111
f 103//97 104//98 120//113 119//112
f 106//100 105//99 121//114 122//115
f 108//102 107//101 123//116 124//117
f 107//101 109//103 125//118 123//116
f 109//103 110//104 126//119 125//118
f 110//104 111//105 127//120 126//119
f 111//105 112//106 128//121 127//120
f 112//106 113//107 129//122 128//121
f 113//107 114//108 130//123 129//122
f 114//108 115//109 131//124 130//123
f 115//109 116//110 132//125 131//124
f 116//110 117//109 133//124 132//125
f 117//109 118//111 134//126 133//124
f 118//111 119//112 135//127 134//126
f 119//112 120//113 136//128 135//127
f 137//129 138//130 139//131 140//132 141//133 142//134 143//135 144//136
f 124//117 123//116 145//137 146//138
f 123//116 125//118 147//139 145//137
f 125//118 126//119 148//140 147//139
f 126//119 127//120 149//141 148//140
f 127//120 128//121 150//142 149//141
f 128//121 129//122 151//143 150//142
f 129//122 130//123 152//144 151//143
f 130//123 131//124 153//145 152//144
f 131//124 132//125 154//146 153//145
f 132//125 133//124 155//145 154//146
f 133//124 134//126 156//147 155//145
f 134//126 135//127 157//148 156//147
f 135//127 136//128 158//149 157//148
f 159//150 160//151 161//152 162//153
f 146//138 145//137 163//154 164//155
f 145//137 147//139 165//156 163//154
f 147//139 148//140 166//157 165//156
f 148//140 149//141 167//158 166//157
f 149//141 150//142 168//159 167//158
f 150//142 151//143 169//160 168//159
f 151//143 152//144 170//161 169//160
f 152//144 153//145 171//162 170//161
f 153//145 154//146 172//163 171//162
f 154//146 155//145 173//162 172//163
f 155//145 156//147 174//164 173//162
f 156//147 157//148 175//165 174//164
f 157//148 158//149 176//166 175//165
f 177//167 178//168 179//169 180//170
f 164//155 163//154 181//171 182//172
f 163//154 165//156 183//173 181//171
f 165//156 166//157 184//174 183//173
f 166//157 167//158 185//175 184//174
f 167//158 168//159 186//176 185//175
f 168//159 169//160 187//177 186//176
f 169//160 170//161 188//178 187//177
f 170//161 171//162 189//179 188//178
f 171//162 172//163 190//180 189//179
f 172//163 173//162 191//179 190//180
f 173//162 174//164 192//181 191//179
f 174//164 175//165 193//182 192//181
f 175//165 176//166 194//183 193//182
f 180//170 179//169 195//184 196//185
f 182//172 181//171 197//186 198//187
f 181//171 183//173 199//188 197//186
f 183//173 184//174 200//189 199//188
f 184//174 185//175 201//190 200//189
f 185//175 186//176 202//191 201//190
f 186//176 187//177 203//192 202//191
f 187//177 188//178 204//193 203//192
f 188//178 189//179 205//194 204//193
f 189//179 190//180 206//195 205//194
f 190//180 191//179 207//194 206//195
f 191//179 192//181 208//196 207//194
f 192//181 193//182 209//197 208//196
f 193//182 194//183 210//198 209//197
f 196//185 195//184 211//199 212//200
f 198//187 197//186 213//201 214//202
f 197//186 199//188 215//203 213//201
f 199//188 200//189 216//204 215//203
f 200//189 201//190 217//205 216//204
f 201//190 202//191 218//206 217//205
f 202//191 203//192 219//207 218//206
f 203//192 204//193 220//208 219//207
f 204//193 205//194 221//209 220//208
f 205//194 206//195 222//210 221//209
f 206//195 207//194 223//209 222//210
f 207//194 208//196 224//211 223//209
f 208//196 209//197 225//212 224//211
f 209//197 210//198 226//213 225//212
f 227//214 228//215 229//216 230//217 231//218 232//219 233//220
f 214//202 213//201 234//221 235//222
f 213//201 215//203 236//223 234//221
f 215//203 216//204 237//224 236//223
f 216//204 217//205 238//225 237//224
f 217//205 218//206 239//226 238//225
f 218//206 219//207 240//227 239//226
f 219//207 220//208 241//228 240//227
f 220//208 221//209 242//229 241//228
f 221//209 222//210 243//230 242//229
f 222//210 223//209 244//229 243//230
f 223//209 224//211 245//231 244//229
f 224//211 225//212 246//232 245//231
f 225//212 226//213 247//233 246//232
f 248//234 249//235 250//236 251//237
f 235//222 234//221 252//238 253//239
f 234//221 236//223 254//240 252//238
f 236//223 237//224 255//241 254//240
f 237//224 238//225 256//242 255//241
f 238//225 239//226 257//243 256//242
f 239//226 240//227 258//244 257//243
f 240//227 241//228 259//245 258//244
f 241//228 242//229 260//246 259//245
f 242//229 243//230 261//247 260//246
f 243//230 244//229 262//246 261//247
f 244//229 245//231 263//248 262//246
f 245//231 246//232 264//249 263//248
f 246//232 247//233 265//250 264//249
f 266//251 267//252 268//253 269//254
f 253//239 252//238 2//2 1//1
f 252//238 254//240 5//5 2//2
f 254//240 255//241 7//7 5//5
f 255//241 256//242 9//9 7//7
f 256//242 257//243 11//11 9//9
f 257//243 258//244 13//13 11//11
f 258//244 259//245 15//15 13//13
f 259//245 260//246 17//17 15//15
f 260//246 261//247 19//19 17//17
f 261//247 262//246 21//17 19//19
f 262//246 263//248 23//21 21//17
f 263//248 264//249 25//23 23//21
f 264//249 265//250 27//25 25//23
f 269//254 268//253 30//28 29//27
f 28//26 27//25 270//255 271//256
f 27//25 265//250 272//257 270//255
f 265//250 247//233 273//258 272//257
f 247//233 226//213 274//259 273//258
f 226//213 210//198 275//260 274//259
f 210//198 194//183 276//261 275//260
f 194//183 176//166 277//262 276//261
f 176//166 158//149 278//263 277//262
f 158//149 136//128 279//264 278//263
f 136//128 120//113 280//265 279//264
f 120//113 104//98 281//266 280//265
f 104//98 86//81 282//267 281//266
f 86//81 68//64 283//268 282//267
f 68//64 46//43 284//269 283//268
f 46//43 28//26 271//256 284//269
f 285//270 286//271 287//272 288//273
f 286//271 289//274 290//275 287//272
f 289//274 291//276 292//277 290//275
f 291//276 293//278 294//279 292//277
f 293//278 295//280 296//281 294//279
f 295//280 297//282 298//283 296//281
f 297//282 299//284 300//285 298//283
f 299//284 301//286 302//287 300//285
f 301//286 303//288 304//289 302//287
f 303//288 305//290 306//291 304//289
f 305//290 307//292 308//293 306//291
f 307//292 309//294 310//295 308//293
f 309//294 311//296 312//297 310//295
f 311//296 313//298 314//299 312//297
f 313//298 285//270 288//273 314//299
f 271//256 270//255 315//300 316//301
f 270//255 272//257 317//250 315//300
f 272//257 273//258 318//233 317//250
f 273//258 274//259 319//213 318//233
f 274//259 275//260 320//196 319//213
f 275//260 276//261 321//183 320//196
f 276//261 277//262 322//166 321//183
f 277//262 278//263 323//149 322//166
f 278//263 279//264 324//302 323//149
f 279//264 280//265 325//303 324//302
f 280//265 281//266 326//98 325//303
f 281//266 282//267 327//81 326//98
f 282//267 283//268 328//64 327//81
f 283//268 284//269 329//304 328//64
f 284//269 271//256 316//301 329//304
f 288//273 287//272 330//305 331//306
f 287//272 290//275 332//307 330//305
f 290//275 292//277 333//308 332//307
f 292//277 294//279 334//309 333//308
f 294//279 296//281 335//310 334//309
f 296//281 298//283 336//311 335//310
f 298//283 300//285 337//312 336//311
f 300//285 302//287 338//313 337//312
f 302//287 304//289 339//314 338//313
f 304//289 306//291 340//315 339//314
f 306//291 308//293 341//316 340//315
f 308//293 310//295 342//317 341//316
f 310//295 312//297 343//318 342//317
f 312//297 314//299 344//319 343//318
f 314//299 288//273 331//306 344//319
f 455//320 456//321 495//322 547//323
f 315//300 317//250 347//257 345//324
f 317//250 318//233 348//325 347//257
f 318//233 319//213 233//220 348//325
f 346//326 316//301 315//300 345//324
f 320//196 227//214 233//220 319//213
f 321//183 322//166 351//327 349//328
f 322//166 323//149 352//329 351//327
f 350//330 320//196 321//183 349//328
f 324//302 353//331 352//329 323//149
f 325//303 137//129 144//136 324//302
f 326//98 327//81 356//332 354//333
f 327//81 328//64 357//334 356//332
f 355//335 325//303 326//98 354//333
f 329//304 358//336 357//334 328//64
f 331//306 330//305 359//337 360//338 361//339
f 330//305 332//307 362//340 51//48 50//47 359//337
f 332//307 333//308 363//341 364//342 362//340
f 333//308 334//309 365//343 363//341
f 334//309 335//310 366//344 365//343
f 335//310 336//311 367//345 368//346 366//344
f 336//311 337//312 369//347 141//133 140//132 367//345
f 337//312 338//313 370//348 371//349 369//347
f 338//313 339//314 372//350 370//348
f 339//314 340//315 373//351 372//350
f 340//315 341//316 374//352 375//353 373//351
f 341//316 342//317 376//354 231//218 230//217 374//352
f 342//317 343//318 377//355 378//356 376//354
f 343//318 344//319 379//357 377//355
f 344//319 331//306 361//339 379//357
f 49//46 48//45 380//358 381//359
f 346//326 345//324 382//360 383//361
f 345//324 347//257 384//362 382//360
f 347//257 348//325 385//363 384//362
f 348//325 233//220 386//364 385//363
f 233//220 232//219 387//365 386//364
f 378//356 377//355 388//366 389//367
f 377//355 379//357 390//368 388//366
f 379//357 361//339 391//369 390//368
f 361//339 360//338 392//370 391//369
f 53//50 52//49 393//371 394//372
f 364//342 363//341 395//373 396//374
f 363//341 365//343 397//375 395//373
f 365//343 366//344 398//376 397//375
f 366//344 368//346 399//377 398//376
f 139//131 138//130 400//378 401//379
f 355//335 354//333 402//380 403//381
f 354//333 356//332 404//382 402//380
f 356//332 357//334 405//383 404//382
f 357//334 358//336 406//384 405//383
f 143//135 142//134 407//385 408//386
f 371//349 370//348 409//387 410//388
f 370//348 372//350 411//389 409//387
f 372//350 373//351 412//390 411//389
f 373//351 375//353 413//391 412//390
f 229//216 228//215 414//392 415//393
f 350//330 349//328 416//394 417//395
f 349//328 351//327 418//396 416//394
f 351//327 352//329 419//397 418//396
f 352//329 353//331 420//398 419//397
f 251//237 250//236 421//399 422//400
f 388//366 390//368 423//401 424//402
f 390//368 391//369 425//403 423//401
f 391//369 392//370 426//404 425//403
f 381//359 380//358 427//405 428//406
f 383//361 382//360 429//407 430//408
f 382//360 384//362 431//409 429//407
f 384//362 385//363 432//410 431//409
f 72//68 71//67 433//411 434//412
f 395//373 397//375 435//413 436//414
f 397//375 398//376 437//415 435//413
f 398//376 399//377 438//416 437//415
f 401//379 400//378 439//417 440//418
f 403//381 402//380 441//419 442//420
f 402//380 404//382 443//421 441//419
f 404//382 405//383 444//422 443//421
f 162//153 161//152 445//423 446//424
f 409//387 411//389 447//425 448//426
f 411//389 412//390 449//427 447//425
f 412//390 413//391 450//428 449//427
f 415//393 414//392 451//429 452//430
f 417//395 416//394 453//431 454//432
f 416//394 418//396 455//320 453//431
f 418//396 419//397 456//321 455//320
f 31//29 457//433 458//434 459//435
f 32//30 460//436 461//437 462//438
f 47//44 463//439 48//45
f 49//46 464//440 50//47
f 51//48 465//441 52//49
f 53//50 466//442 54//51
f 69//65 467//443 468//444 469//445
f 70//66 470//446 471//447 472//448
f 87//82 473//449 474//450 475//451
f 88//83 476//452 477//453 478//454
f 121//114 479//455 480//456 481//457
f 122//115 482//458 483//459 484//460
f 137//129 485//461 138//130
f 139//131 486//462 140//132
f 141//133 487//463 142//134
f 143//135 488//464 144//136
f 159//150 489//465 490//466 491//467
f 160//151 492//468 493//469 494//470
f 177//167 495//322 496//471 497//472
f 178//168 498//473 499//474 500//475
f 211//199 501//476 502//477 503//478
f 212//200 504//479 505//480 506//481
f 227//214 507//482 228//215
f 229//216 508//483 230//217
f 231//218 509//484 232//219
f 249//235 510//485 511//486 512//487
f 266//251 513//488 514//489 515//490
f 267//252 516//491 517//492 518//493
f 346//326 463//439 316//494
f 320//495 507//482 227//214
f 350//330 507//482 320//495
f 324//496 488//464 353//331
f 325//497 485//461 137//129
f 144//136 488//464 324//496
f 355//335 485//461 325//497
f 329//498 466//442 358//336
f 316//494 463//439 47//44
f 54//51 466//442 329//498
f 359//337 464//440 360//338
f 362//340 465//441 51//48
f 50//47 464//440 359//337
f 364//342 465//441 362//340
f 367//345 486//462 368//346
f 369//347 487//463 141//133
f 140//132 486//462 367//345
f 371//349 487//463 369//347
f 374//352 508//483 375//353
f 376//354 509//484 231//218
f 230//217 508//483 374//352
f 378//356 509//484 376//354
f 387//365 519//499 511//486 510//485
f 389//367 512//487 511//486 519//499
f 393//371 520//500 471//447 470//446
f 394//372 469//445 468//444 521//501
f 396//374 472//448 471//447 520//500
f 406//384 521//501 468//444 467//443
f 407//385 522//502 493//469 492//468
f 408//386 491//467 490//466 523//503
f 410//388 494//470 493//469 522//502
f 420//398 523//503 490//466 489//465
f 421//399 524//504 517//492 516//491
f 422//400 515//490 514//489 525//505
f 424//402 518//493 517//492 524//504
f 426//404 526//506 458//434 457//433
f 427//405 527//507 461//437 460//436
f 428//406 459//435 458//434 526//506
f 430//408 462//438 461//437 527//507
f 432//410 525//505 514//489 513//488
f 433//411 528//508 477//453 476//452
f 434//412 475//451 474//450 529//509
f 436//414 478//454 477//453 528//508
f 438//416 530//510 480//456 479//455
f 439//417 531//511 483//459 482//458
f 440//418 481//457 480//456 530//510
f 442//420 484//460 483//459 531//511
f 444//422 529//509 474//450 473//449
f 445//423 532//512 499//474 498//473
f 446//424 497//472 496//471 533//513
f 448//426 500//475 499//474 532//512
f 450//428 534//514 502//477 501//476
f 451//429 535//515 505//480 504//479
f 452//430 503//478 502//477 534//514
f 454//432 506//481 505//480 535//515
f 456//321 533//513 496//471 495//322
f 31//29 30//28 536//516 457//433
f 32//30 31//29 459//435 460//436
f 29//27 32//30 462//438 537//517
f 70//66 69//65 469//445 470//446
f 71//67 70//66 472//448 538//518
f 69//65 72//68 539//519 467//443
f 88//83 87//82 475//451 476//452
f 89//84 88//83 478//454 540//520
f 87//82 90//85 541//521 473//449
f 105//99 89//84 540//520 542//522
f 90//85 106//100 543//523 541//521
f 121//114 105//99 542//522 479//455
f 122//115 121//114 481//457 482//458
f 106//100 122//115 484//460 543//523
f 160//151 159//150 491//467 492//468
f 161//152 160//151 494//470 544//524
f 159//150 162//153 545//525 489//465
f 178//168 177//167 497//472 498//473
f 179//169 178//168 500//475 546//526
f 177//167 180//170 547//323 495//322
f 195//184 179//169 546//526 548//527
f 180//170 196//185 549//528 547//323
f 211//199 195//184 548//527 501//476
f 212//200 211//199 503//478 504//479
f 196//185 212//200 506//481 549//528
f 249//235 248//234 550//529 510//485
f 250//236 249//235 512//487 551//530
f 248//234 251//237 552//531 550//529
f 267//252 266//251 515//490 516//491
f 268//253 267//252 518//493 553//532
f 266//251 269//254 554//533 513//488
f 30//28 268//253 553//532 536//516
f 269//254 29//27 537//517 554//533
f 380//358 48//45 463//439 555//534
f 49//46 381//359 556//535 464//440
f 346//326 383//361 555//534 463//439
f 385//363 386//364 550//529 552//531
f 387//365 232//219 509//484 519//499
f 386//364 387//365 510//485 550//529
f 389//367 388//366 551//530 512//487
f 378//356 389//367 519//499 509//484
f 392//370 360//338 464//440 556//535
f 393//371 52//49 465//441 520//500
f 394//372 393//371 470//446 469//445
f 53//50 394//372 521//501 466//442
f 396//374 395//373 538//518 472//448
f 364//342 396//374 520//500 465//441
f 399//377 368//346 486//462 557//536
f 400//378 138//130 485//461 558//537
f 139//131 401//379 557//536 486//462
f 355//335 403//381 558//537 485//461
f 406//384 358//336 466//442 521//501
f 405//383 406//384 467//443 539//519
f 407//385 142//134 487//463 522//502
f 408//386 407//385 492//468 491//467
f 143//135 408//386 523//503 488//464
f 410//388 409//387 544//524 494//470
f 371//349 410//388 522//502 487//463
f 413//391 375//353 508//483 559//538
f 414//392 228//215 507//482 560//539
f 229//216 415//393 559//538 508//483
f 350//330 417//395 560//539 507//482
f 420//398 353//331 488//464 523//503
f 419//397 420//398 489//465 545//525
f 421//399 250//236 551//530 524//504
f 422//400 421//399 516//491 515//490
f 251//237 422//400 525//505 552//531
f 424//402 423//401 553//532 518//493
f 388//366 424//402 524//504 551//530
f 423//401 425//403 536//516 553//532
f 426//404 392//370 556//535 526//506
f 425//403 426//404 457//433 536//516
f 427//405 380//358 555//534 527//507
f 428//406 427//405 460//436 459//435
f 381//359 428//406 526//506 556//535
f 430//408 429//407 537//517 462//438
f 383//361 430//408 527//507 555//534
f 429//407 431//409 554//533 537//517
f 432//410 385//363 552//531 525//505
f 431//409 432//410 513//488 554//533
f 433//411 71//67 538//518 528//508
f 434//412 433//411 476//452 475//451
f 72//68 434//412 529//509 539//519
f 436//414 435//413 540//520 478//454
f 395//373 436//414 528//508 538//518
f 435//413 437//415 542//522 540//520
f 438//416 399//377 557//536 530//510
f 437//415 438//416 479//455 542//522
f 439//417 400//378 558//537 531//511
f 440//418 439//417 482//458 481//457
f 401//379 440//418 530//510 557//536
f 442//420 441//419 543//523 484//460
f 403//381 442//420 531//511 558//537
f 441//419 443//421 541//521 543//523
f 444//422 405//383 539//519 529//509
f 443//421 444//422 473//449 541//521
f 445//423 161//152 544//524 532//512
f 446//424 445//423 498//473 497//472
f 162//153 446//424 533//513 545//525
f 448//426 447//425 546//526 500//475
f 409//387 448//426 532//512 544//524
f 447//425 449//427 548//527 546//526
f 450//428 413//391 559//538 534//514
f 449//427 450//428 501//476 548//527
f 451//429 414//392 560//539 535//515
f 452//430 451//429 504//479 503//478
f 415//393 452//430 534//514 559//538
f 454//432 453//431 549//528 506//481
f 417//395 454//432 535//515 560//539
f 453//431 455//320 547//323 549//528
f 456//321 419//397 545//525 533//513
f 54//51 329//304 316//301 47//44
g Link1_Cylinder002
v 0.305101 1.061949 0.013978
v 0.338467 1.033211 0.006254
v 0.346031 1.046658 0.004503
v 0.348657 1.061949 0.003895
v 0.312664 1.017920 0.012227
v 0.326879 1.023230 0.008937
v 0.283322 1.023230 0.019020
v 0.297537 1.017920 0.015729
v 0.264171 1.046658 0.023453
v 0.271734 1.033211 0.021702
v 0.264171 1.077240 0.023453
v 0.261544 1.061949 0.024061
v 0.283322 1.100668 0.019020
v 0.271734 1.090687 0.021702
v 0.312664 1.105978 0.012227
v 0.297537 1.105978 0.015729
v 0.338467 1.090687 0.006254
v 0.326879 1.100668 0.008937
v 0.346031 1.077240 0.004503
v 0.342333 1.046658 -0.011471
v 0.344960 1.061949 -0.012077
v 0.334769 1.033211 -0.009719
v 0.323181 1.023230 -0.007036
v 0.308967 1.017920 -0.003746
v 0.293840 1.017920 -0.000244
v 0.279625 1.023230 0.003046
v 0.268037 1.033211 0.005729
v 0.260473 1.046658 0.007480
v 0.257847 1.061949 0.008086
v 0.260473 1.077240 0.007480
v 0.268037 1.090687 0.005729
v 0.279625 1.100668 0.003046
v 0.293840 1.105978 -0.000244
v 0.308967 1.105978 -0.003746
v 0.323181 1.100668 -0.007036
v 0.334769 1.090687 -0.009719
v 0.342333 1.077240 -0.011471
v 0.338635 1.046658 -0.027443
v 0.341262 1.061949 -0.028051
v 0.331072 1.033211 -0.025692
v 0.319484 1.023230 -0.023010
v 0.305269 1.017920 -0.019719
v 0.290142 1.017920 -0.016217
v 0.275927 1.023230 -0.012927
v 0.264339 1.033211 -0.010244
v 0.256776 1.046658 -0.008493
v 0.254149 1.061949 -0.007885
v 0.256776 1.077240 -0.008493
v 0.264339 1.090687 -0.010244
v 0.275927 1.100668 -0.012927
v 0.290142 1.105978 -0.016217
v 0.305269 1.105978 -0.019719
v 0.319484 1.100668 -0.023010
v 0.331072 1.090687 -0.025692
v 0.338635 1.077240 -0.027443
v 0.334938 1.046658 -0.043416
v 0.337565 1.061949 -0.044024
v 0.327374 1.033211 -0.041665
v 0.315786 1.023230 -0.038982
v 0.301571 1.017920 -0.035692
v 0.286444 1.017920 -0.032190
v 0.272230 1.023230 -0.028900
v 0.260642 1.033211 -0.026218
v 0.253078 1.046658 -0.024467
v 0.250451 1.061949 -0.023859
v 0.253078 1.077240 -0.024467
v 0.260642 1.090687 -0.026218
v 0.272230 1.100668 -0.028900
v 0.286444 1.105978 -0.032191
v 0.301571 1.105978 -0.035692
v 0.315786 1.100668 -0.038982
v 0.327374 1.090687 -0.041665
v 0.334938 1.077240 -0.043416
v 0.331240 1.046658 -0.059390
v 0.333867 1.061949 -0.059997
v 0.323677 1.033211 -0.057639
v 0.312089 1.023230 -0.054956
v 0.297874 1.017920 -0.051666
v 0.282747 1.017920 -0.048164
v 0.268532 1.023230 -0.044873
v 0.256944 1.033211 -0.042190
v 0.249381 1.046658 -0.040440
v 0.246754 1.061949 -0.039832
v 0.249381 1.077240 -0.040440
v 0.256944 1.090687 -0.042190
v 0.268532 1.100668 -0.044873
v 0.282747 1.105978 -0.048164
v 0.297874 1.105978 -0.051666
v 0.312089 1.100668 -0.054956
v 0.323677 1.090687 -0.057639
v 0.331240 1.077240 -0.059390
v 0.327543 1.046658 -0.075363
v 0.330169 1.061949 -0.075971
v 0.319979 1.033211 -0.073612
v 0.308391 1.023230 -0.070929
v 0.294176 1.017920 -0.067638
v 0.279049 1.017920 -0.064136
v 0.264834 1.023230 -0.060846
v 0.253246 1.033211 -0.058164
v 0.245683 1.046658 -0.056414
v 0.243056 1.061949 -0.055805
v 0.245683 1.077240 -0.056414
v 0.253246 1.090687 -0.058164
v 0.264834 1.100668 -0.060846
v 0.279049 1.105978 -0.064136
v 0.294176 1.105978 -0.067638
v 0.308391 1.100668 -0.070929
v 0.319979 1.090687 -0.073612
v 0.327543 1.077240 -0.075363
v 0.286613 1.061949 -0.065887
v 0.314164 1.061949 0.053132
v 0.353551 1.028026 0.044014
v 0.362479 1.043899 0.041947
v 0.365579 1.061949 0.041230
v 0.323092 1.009976 0.051066
v 0.339872 1.016245 0.047181
v 0.288457 1.016245 0.059083
v 0.305236 1.009976 0.055199
v 0.265850 1.043899 0.064316
v 0.274778 1.028026 0.062250
v 0.265850 1.079999 0.064316
v 0.262749 1.061949 0.065034
v 0.288457 1.107653 0.059083
v 0.274778 1.095872 0.062250
v 0.323092 1.113922 0.051066
v 0.305236 1.113922 0.055199
v 0.353551 1.095872 0.044014
v 0.339872 1.107653 0.047181
v 0.362479 1.079999 0.041947
v 0.360558 1.043899 0.033650
v 0.363659 1.061949 0.032932
v 0.351630 1.028026 0.035717
v 0.337951 1.016245 0.038883
v 0.321172 1.009976 0.042768
v 0.303315 1.009976 0.046902
v 0.286536 1.016245 0.050785
v 0.272857 1.028026 0.053951
v 0.263929 1.043899 0.056019
v 0.260828 1.061949 0.056736
v 0.263929 1.079999 0.056019
v 0.272857 1.095872 0.053951
v 0.286536 1.107653 0.050785
v 0.303315 1.113922 0.046902
v 0.321172 1.113922 0.042768
v 0.337951 1.107653 0.038883
v 0.351630 1.095872 0.035717
v 0.360558 1.079999 0.033650
v 0.358637 1.043899 0.025353
v 0.361738 1.061949 0.024635
v 0.349709 1.028026 0.027419
v 0.336030 1.016245 0.030586
v 0.319251 1.009976 0.034470
v 0.301395 1.009976 0.038604
v 0.284615 1.016245 0.042488
v 0.270936 1.028026 0.045654
v 0.262008 1.043899 0.047721
v 0.258908 1.061949 0.048439
v 0.262008 1.079999 0.047721
v 0.270936 1.095872 0.045654
v 0.284615 1.107653 0.042488
v 0.301395 1.113922 0.038604
v 0.319251 1.113922 0.034470
v 0.336030 1.107653 0.030586
v 0.349709 1.095872 0.027419
v 0.358637 1.079999 0.025353
v 0.356716 1.043899 0.017055
v 0.359817 1.061949 0.016337
v 0.347788 1.028026 0.019122
v 0.334109 1.016245 0.022288
v 0.317330 1.009976 0.026173
v 0.299474 1.009976 0.030306
v 0.282694 1.016245 0.034191
v 0.269016 1.028026 0.037356
v 0.260087 1.043899 0.039423
v 0.256987 1.061949 0.040141
v 0.260087 1.079999 0.039423
v 0.269016 1.095872 0.037356
v 0.282694 1.107653 0.034191
v 0.299474 1.113922 0.030306
v 0.317330 1.113922 0.026173
v 0.334109 1.107653 0.022288
v 0.347788 1.095872 0.019122
v 0.356716 1.079999 0.017055
v 0.354795 1.043899 0.008757
v 0.357896 1.061949 0.008040
v 0.345867 1.028026 0.010823
v 0.332189 1.016245 0.013990
v 0.315409 1.009976 0.017875
v 0.297553 1.009976 0.022008
v 0.280774 1.016245 0.025892
v 0.267095 1.028026 0.029059
v 0.258167 1.043899 0.031125
v 0.255066 1.061949 0.031843
v 0.258167 1.079999 0.031125
v 0.267095 1.095872 0.029059
v 0.280774 1.107653 0.025892
v 0.297553 1.113922 0.022008
v 0.315409 1.113922 0.017875
v 0.332189 1.107653 0.013990
v 0.345867 1.095872 0.010823
v 0.354795 1.079999 0.008757
v 0.352875 1.043899 0.000460
v 0.355975 1.061949 -0.000258
v 0.343947 1.028026 0.002525
v 0.330268 1.016245 0.005693
v 0.313488 1.009976 0.009577
v 0.295632 1.009976 0.013710
v 0.278853 1.016245 0.017594
v 0.265174 1.028026 0.020761
v 0.256246 1.043899 0.022826
v 0.253145 1.061949 0.023545
v 0.256246 1.079999 0.022826
v 0.265174 1.095872 0.020761
v 0.278853 1.107653 0.017594
v 0.295632 1.113922 0.013710
v 0.313488 1.113922 0.009577
v 0.330268 1.107653 0.005693
v 0.343947 1.095872 0.002525
v 0.352875 1.079999 0.000460
v 0.304560 1.061949 0.011643
v 0.065519 0.168137 -0.023086
v 0.078502 0.179319 -0.026092
v 0.081445 0.174087 -0.026773
v 0.082467 0.168137 -0.027010
v 0.068462 0.185269 -0.023768
v 0.073993 0.183202 -0.025048
v 0.057046 0.183202 -0.021126
v 0.062577 0.185269 -0.022406
v 0.049594 0.174087 -0.019401
v 0.052537 0.179319 -0.020081
v 0.049594 0.162188 -0.019401
v 0.048572 0.168137 -0.019164
v 0.057046 0.153073 -0.021126
v 0.052537 0.156956 -0.020081
v 0.068462 0.151006 -0.023768
v 0.062577 0.151006 -0.022406
v 0.078502 0.156956 -0.026092
v 0.073993 0.153073 -0.025048
v 0.081445 0.162188 -0.026773
v 0.088661 0.174087 0.004403
v 0.089683 0.168137 0.004166
v 0.085719 0.179319 0.005083
v 0.081210 0.183202 0.006126
v 0.075679 0.185269 0.007407
v 0.069793 0.185269 0.008770
v 0.064263 0.183202 0.010051
v 0.059754 0.179319 0.011094
v 0.056811 0.174087 0.011775
v 0.055789 0.168137 0.012013
v 0.056811 0.162188 0.011775
v 0.059754 0.156956 0.011094
v 0.064263 0.153073 0.010051
v 0.069793 0.151006 0.008770
v 0.075679 0.151006 0.007407
v 0.081210 0.153073 0.006126
v 0.085719 0.156956 0.005083
v 0.088661 0.162188 0.004403
v 0.095878 0.174087 0.035578
v 0.096900 0.168137 0.035341
v 0.092935 0.179319 0.036259
v 0.088427 0.183202 0.037303
v 0.082896 0.185269 0.038583
v 0.077010 0.185269 0.039946
v 0.071479 0.183202 0.041226
v 0.066971 0.179319 0.042270
v 0.064028 0.174087 0.042951
v 0.063006 0.168137 0.043186
v 0.064028 0.162188 0.042951
v 0.066971 0.156956 0.042270
v 0.071479 0.153073 0.041226
v 0.077010 0.151006 0.039946
v 0.082896 0.151006 0.038583
v 0.088427 0.153073 0.037303
v 0.092935 0.156956 0.036259
v 0.095878 0.162188 0.035578
v 0.103095 0.174087 0.066754
v 0.104117 0.168137 0.066517
v 0.100152 0.179319 0.067435
v 0.095643 0.183202 0.068478
v 0.090113 0.185269 0.069759
v 0.084227 0.185269 0.071121
v 0.078696 0.183202 0.072402
v 0.074187 0.179319 0.073446
v 0.071244 0.174087 0.074127
v 0.070222 0.168137 0.074364
v 0.071244 0.162188 0.074127
v 0.074187 0.156956 0.073446
v 0.078696 0.153073 0.072402
v 0.084227 0.151006 0.071121
v 0.090113 0.151006 0.069759
v 0.095643 0.153073 0.068478
v 0.100152 0.156956 0.067435
v 0.103095 0.162188 0.066754
v 0.110312 0.174087 0.097929
v 0.111334 0.168137 0.097693
v 0.107369 0.179319 0.098611
v 0.102860 0.183202 0.099655
v 0.097329 0.185269 0.100935
v 0.091444 0.185269 0.102297
v 0.085913 0.183202 0.103577
v 0.081404 0.179319 0.104621
v 0.078461 0.174087 0.105303
v 0.077439 0.168137 0.105539
v 0.078461 0.162188 0.105303
v 0.081404 0.156956 0.104621
v 0.085913 0.153073 0.103577
v 0.091444 0.151006 0.102297
v 0.097329 0.151006 0.100935
v 0.102860 0.153073 0.099655
v 0.107369 0.156956 0.098611
v 0.110312 0.162188 0.097929
v 0.117528 0.174087 0.129105
v 0.118550 0.168137 0.128868
v 0.114586 0.179319 0.129786
v 0.110077 0.183202 0.130830
v 0.104546 0.185269 0.132110
v 0.098660 0.185269 0.133472
v 0.093130 0.183202 0.134753
v 0.088621 0.179319 0.135797
v 0.085678 0.174087 0.136478
v 0.084656 0.168137 0.136715
v 0.085678 0.162188 0.136478
v 0.088621 0.156956 0.135797
v 0.093130 0.153073 0.134753
v 0.098660 0.151006 0.133472
v 0.104546 0.151006 0.132110
v 0.110077 0.153073 0.130830
v 0.114586 0.156956 0.129786
v 0.117528 0.162188 0.129105
v 0.101603 0.168137 0.132791
v 0.773661 1.060971 -0.187012
v 0.786643 1.072152 -0.190018
v 0.789586 1.066920 -0.190699
v 0.790608 1.060971 -0.190935
v 0.776604 1.078102 -0.187694
v 0.782135 1.076035 -0.188973
v 0.765188 1.076035 -0.185051
v 0.770718 1.078102 -0.186331
v 0.757735 1.066920 -0.183326
v 0.760679 1.072152 -0.184007
v 0.757735 1.055021 -0.183326
v 0.756714 1.060971 -0.183089
v 0.765188 1.045906 -0.185051
v 0.760679 1.049789 -0.184007
v 0.776604 1.043839 -0.187694
v 0.770718 1.043839 -0.186331
v 0.786643 1.049789 -0.190018
v 0.782135 1.045906 -0.188973
v 0.789586 1.055021 -0.190699
v 0.796803 1.066920 -0.159523
v 0.797825 1.060971 -0.159759
v 0.793859 1.072152 -0.158841
v 0.789351 1.076035 -0.157798
v 0.783821 1.078102 -0.156517
v 0.777935 1.078102 -0.155155
v 0.772403 1.076035 -0.153874
v 0.767896 1.072152 -0.152831
v 0.764953 1.066920 -0.152149
v 0.763931 1.060971 -0.151913
v 0.764953 1.055021 -0.152149
v 0.767896 1.049789 -0.152831
v 0.772403 1.045906 -0.153874
v 0.777935 1.043839 -0.155155
v 0.783821 1.043839 -0.156517
v 0.789351 1.045906 -0.157798
v 0.793859 1.049789 -0.158841
v 0.796803 1.055021 -0.159523
v 0.804020 1.066920 -0.128347
v 0.805042 1.060971 -0.128584
v 0.801077 1.072152 -0.127666
v 0.796568 1.076035 -0.126622
v 0.791038 1.078102 -0.125342
v 0.785151 1.078102 -0.123979
v 0.779621 1.076035 -0.122700
v 0.775112 1.072152 -0.121655
v 0.772169 1.066920 -0.120974
v 0.771147 1.060971 -0.120738
v 0.772169 1.055021 -0.120974
v 0.775112 1.049789 -0.121655
v 0.779621 1.045906 -0.122700
v 0.785151 1.043839 -0.123979
v 0.791038 1.043839 -0.125342
v 0.796568 1.045906 -0.126622
v 0.801077 1.049789 -0.127666
v 0.804020 1.055021 -0.128347
v 0.811237 1.066920 -0.097172
v 0.812258 1.060971 -0.097408
v 0.808294 1.072152 -0.096490
v 0.803784 1.076035 -0.095447
v 0.798254 1.078102 -0.094166
v 0.792369 1.078102 -0.092804
v 0.786838 1.076035 -0.091523
v 0.782328 1.072152 -0.090481
v 0.779386 1.066920 -0.089798
v 0.778364 1.060971 -0.089561
v 0.779386 1.055021 -0.089798
v 0.782328 1.049789 -0.090481
v 0.786838 1.045906 -0.091523
v 0.792369 1.043839 -0.092804
v 0.798254 1.043839 -0.094166
v 0.803784 1.045906 -0.095447
v 0.808294 1.049789 -0.096490
v 0.811237 1.055021 -0.097172
v 0.818452 1.066920 -0.065996
v 0.819475 1.060971 -0.066233
v 0.815510 1.072152 -0.065315
v 0.811002 1.076035 -0.064271
v 0.805471 1.078102 -0.062991
v 0.799585 1.078102 -0.061628
v 0.794054 1.076035 -0.060348
v 0.789546 1.072152 -0.059304
v 0.786602 1.066920 -0.058623
v 0.785581 1.060971 -0.058387
v 0.786602 1.055021 -0.058623
v 0.789546 1.049789 -0.059304
v 0.794054 1.045906 -0.060348
v 0.799585 1.043839 -0.061628
v 0.805471 1.043839 -0.062991
v 0.811002 1.045906 -0.064271
v 0.815510 1.049789 -0.065315
v 0.818452 1.055021 -0.065996
v 0.825670 1.066920 -0.034820
v 0.826692 1.060971 -0.035057
v 0.822726 1.072152 -0.034139
v 0.818218 1.076035 -0.033095
v 0.812688 1.078102 -0.031815
v 0.806802 1.078102 -0.030453
v 0.801270 1.076035 -0.029172
v 0.796762 1.072152 -0.028129
v 0.793820 1.066920 -0.027447
v 0.792798 1.060971 -0.027210
v 0.793820 1.055021 -0.027447
v 0.796762 1.049789 -0.028129
v 0.801270 1.045906 -0.029172
v 0.806802 1.043839 -0.030453
v 0.812688 1.043839 -0.031815
v 0.818218 1.045906 -0.033095
v 0.822726 1.049789 -0.034139
v 0.825670 1.055021 -0.034820
v 0.809744 1.060971 -0.031134
v 0.093430 0.164682 0.119873
v 0.096674 0.161043 0.114174
v 0.098165 0.160218 0.116144
v 0.099084 0.159932 0.118564
v 0.092746 0.163857 0.112450
v 0.094792 0.162307 0.112891
v 0.089138 0.167057 0.114200
v 0.090782 0.165507 0.112904
v 0.087538 0.169146 0.118605
v 0.088011 0.168321 0.116179
v 0.088695 0.169146 0.123602
v 0.087776 0.169432 0.121182
v 0.092068 0.167057 0.126856
v 0.090186 0.168321 0.125572
v 0.096078 0.163857 0.126842
v 0.094114 0.165507 0.127296
v 0.098849 0.161043 0.123567
v 0.097722 0.162307 0.125546
v 0.099322 0.160218 0.121142
v 0.240087 0.338204 0.083291
v 0.241006 0.337917 0.085711
v 0.238596 0.339029 0.081321
v 0.236714 0.340293 0.080038
v 0.234668 0.341843 0.079597
v 0.232704 0.343493 0.080051
v 0.231060 0.345043 0.081347
v 0.229933 0.346307 0.083326
v 0.229460 0.347131 0.085751
v 0.229697 0.347418 0.088329
v 0.230617 0.347131 0.090750
v 0.232108 0.346307 0.092719
v 0.233989 0.345043 0.094003
v 0.236036 0.343493 0.094444
v 0.237999 0.341843 0.093989
v 0.239644 0.340293 0.092693
v 0.240771 0.339029 0.090714
v 0.241244 0.338204 0.088289
v 0.382008 0.516189 0.050438
v 0.382928 0.515903 0.052857
v 0.380518 0.517014 0.048468
v 0.378636 0.518278 0.047184
v 0.376590 0.519828 0.046743
v 0.374626 0.521478 0.047198
v 0.372981 0.523028 0.048493
v 0.371855 0.524292 0.050472
v 0.371382 0.525117 0.052898
v 0.371619 0.525404 0.055476
v 0.372539 0.525117 0.057896
v 0.374029 0.524292 0.059866
v 0.375911 0.523028 0.061150
v 0.377957 0.521478 0.061590
v 0.379921 0.519828 0.061135
v 0.381565 0.518278 0.059840
v 0.382692 0.517014 0.057861
v 0.383165 0.516189 0.055436
v 0.523930 0.694175 0.017585
v 0.524850 0.693889 0.020004
v 0.522439 0.695000 0.015615
v 0.520558 0.696264 0.014332
v 0.518511 0.697814 0.013890
v 0.516548 0.699464 0.014346
v 0.514903 0.701014 0.015640
v 0.513777 0.702278 0.017620
v 0.513303 0.703103 0.020045
v 0.513541 0.703389 0.022623
v 0.514460 0.703103 0.025044
v 0.515951 0.702278 0.027013
v 0.517833 0.701014 0.028297
v 0.519879 0.699464 0.028737
v 0.521843 0.697814 0.028283
v 0.523487 0.696264 0.026987
v 0.524614 0.695000 0.025008
v 0.525087 0.694175 0.022583
v 0.665852 0.872161 -0.015268
v 0.666771 0.871874 -0.012848
v 0.664361 0.872986 -0.017239
v 0.662479 0.874250 -0.018521
v 0.660433 0.875800 -0.018964
v 0.658468 0.877450 -0.018508
v 0.656825 0.879000 -0.017212
v 0.655698 0.880264 -0.015233
v 0.655225 0.881088 -0.012809
v 0.655463 0.881375 -0.010230
v 0.656381 0.881088 -0.007810
v 0.657873 0.880264 -0.005840
v 0.659755 0.879000 -0.004557
v 0.661801 0.877450 -0.004116
v 0.663765 0.875800 -0.004570
v 0.665408 0.874250 -0.005866
v 0.666535 0.872986 -0.007845
v 0.667009 0.872161 -0.010270
v 0.807774 1.050147 -0.048121
v 0.808693 1.049860 -0.045701
v 0.806283 1.050972 -0.050091
v 0.804401 1.052235 -0.051374
v 0.802355 1.053786 -0.051815
v 0.800390 1.055435 -0.051361
v 0.798747 1.056986 -0.050065
v 0.797620 1.058249 -0.048086
v 0.797147 1.059074 -0.045661
v 0.797384 1.059361 -0.043083
v 0.798303 1.059074 -0.040663
v 0.799793 1.058249 -0.038692
v 0.801676 1.056986 -0.037410
v 0.803723 1.055435 -0.036968
v 0.805686 1.053786 -0.037423
v 0.807330 1.052235 -0.038719
v 0.808457 1.050972 -0.040698
v 0.808931 1.050147 -0.043123
v 0.803038 1.054610 -0.044392
v 0.062609 0.164682 -0.013270
v 0.065853 0.161043 -0.018970
v 0.067344 0.160218 -0.016999
v 0.068264 0.159932 -0.014580
v 0.061925 0.163857 -0.020694
v 0.063972 0.162307 -0.020252
v 0.058317 0.167057 -0.018944
v 0.059962 0.165507 -0.020239
v 0.056717 0.169146 -0.014540
v 0.057190 0.168321 -0.016964
v 0.057874 0.169146 -0.009541
v 0.056955 0.169432 -0.011962
v 0.061247 0.167057 -0.006288
v 0.059365 0.168321 -0.007571
v 0.065257 0.163857 -0.006302
v 0.063293 0.165507 -0.005848
v 0.068028 0.161043 -0.009577
v 0.066901 0.162307 -0.007597
v 0.068501 0.160218 -0.012001
v 0.209266 0.338204 -0.049852
v 0.210185 0.337917 -0.047432
v 0.207775 0.339029 -0.051823
v 0.205893 0.340293 -0.053105
v 0.203847 0.341843 -0.053547
v 0.201883 0.343493 -0.053092
v 0.200239 0.345043 -0.051797
v 0.199112 0.346307 -0.049817
v 0.198639 0.347131 -0.047394
v 0.198877 0.347418 -0.044815
v 0.199796 0.347131 -0.042395
v 0.201287 0.346307 -0.040424
v 0.203169 0.345043 -0.039141
v 0.205215 0.343493 -0.038700
v 0.207179 0.341843 -0.039155
v 0.208823 0.340293 -0.040450
v 0.209950 0.339029 -0.042429
v 0.210423 0.338204 -0.044854
v 0.351188 0.516190 -0.082705
v 0.352107 0.515903 -0.080285
v 0.349697 0.517014 -0.084676
v 0.347815 0.518278 -0.085958
v 0.345769 0.519828 -0.086399
v 0.343805 0.521478 -0.085945
v 0.342161 0.523028 -0.084650
v 0.341034 0.524292 -0.082670
v 0.340561 0.525117 -0.080246
v 0.340798 0.525404 -0.077667
v 0.341718 0.525117 -0.075248
v 0.343208 0.524292 -0.073276
v 0.345090 0.523028 -0.071993
v 0.347137 0.521478 -0.071553
v 0.349100 0.519828 -0.072008
v 0.350745 0.518278 -0.073303
v 0.351871 0.517014 -0.075282
v 0.352344 0.516190 -0.077707
v 0.493109 0.694175 -0.115559
v 0.494029 0.693889 -0.113138
v 0.491619 0.695000 -0.117529
v 0.489737 0.696264 -0.118812
v 0.487691 0.697814 -0.119252
v 0.485727 0.699464 -0.118797
v 0.484082 0.701014 -0.117503
v 0.482956 0.702278 -0.115523
v 0.482483 0.703103 -0.113098
v 0.482720 0.703389 -0.110520
v 0.483640 0.703103 -0.108101
v 0.485130 0.702278 -0.106130
v 0.487012 0.701014 -0.104847
v 0.489058 0.699464 -0.104406
v 0.491022 0.697814 -0.104861
v 0.492666 0.696264 -0.106155
v 0.493793 0.695000 -0.108135
v 0.494266 0.694175 -0.110560
v 0.635031 0.872161 -0.148411
v 0.635949 0.871874 -0.145991
v 0.633540 0.872986 -0.150382
v 0.631659 0.874250 -0.151665
v 0.629611 0.875800 -0.152105
v 0.627649 0.877450 -0.151650
v 0.626004 0.879000 -0.150356
v 0.624876 0.880264 -0.148376
v 0.624404 0.881088 -0.145951
v 0.624642 0.881375 -0.143373
v 0.625561 0.881088 -0.140953
v 0.627052 0.880264 -0.138983
v 0.628934 0.879000 -0.137699
v 0.630980 0.877450 -0.137259
v 0.632944 0.875800 -0.137714
v 0.634588 0.874250 -0.139008
v 0.635715 0.872986 -0.140987
v 0.636188 0.872161 -0.143413
v 0.776953 1.050147 -0.181264
v 0.777871 1.049860 -0.178844
v 0.775462 1.050972 -0.183235
v 0.773579 1.052235 -0.184517
v 0.771533 1.053785 -0.184958
v 0.769570 1.055435 -0.184503
v 0.767926 1.056986 -0.183208
v 0.766798 1.058249 -0.181229
v 0.766326 1.059074 -0.178804
v 0.766564 1.059361 -0.176227
v 0.767483 1.059074 -0.173806
v 0.768974 1.058249 -0.171836
v 0.770856 1.056986 -0.170552
v 0.772902 1.055435 -0.170113
v 0.774865 1.053785 -0.170566
v 0.776510 1.052235 -0.171862
v 0.777637 1.050972 -0.173840
v 0.778110 1.050147 -0.176266
v 0.772218 1.054610 -0.177535
v 0.797011 1.103484 -0.107438
v 0.802446 1.132931 -0.072537
v 0.805421 1.119152 -0.065030
v 0.807382 1.103484 -0.062637
v 0.794967 1.148599 -0.098768
v 0.798815 1.143157 -0.084255
v 0.788445 1.143157 -0.129056
v 0.791365 1.148599 -0.114327
v 0.785931 1.119152 -0.149228
v 0.786556 1.132931 -0.141177
v 0.788602 1.087816 -0.149846
v 0.786641 1.103484 -0.152240
v 0.795208 1.063811 -0.130622
v 0.791577 1.074038 -0.142339
v 0.802657 1.058370 -0.100549
v 0.799056 1.058370 -0.116108
v 0.807466 1.074038 -0.073700
v 0.805578 1.063811 -0.085820
v 0.808092 1.087816 -0.065648
v 0.710070 1.110590 -0.042957
v 0.712031 1.094922 -0.040565
v 0.707095 1.124368 -0.050466
v 0.703464 1.134595 -0.062183
v 0.699615 1.140036 -0.076696
v 0.696014 1.140036 -0.092255
v 0.693094 1.134595 -0.106983
v 0.691206 1.124368 -0.119104
v 0.690580 1.110590 -0.127155
v 0.691290 1.094922 -0.130166
v 0.693251 1.079253 -0.127773
v 0.696226 1.065475 -0.120266
v 0.699857 1.055249 -0.108549
v 0.703705 1.049807 -0.094036
v 0.707307 1.049807 -0.078476
v 0.710227 1.055249 -0.063748
v 0.712115 1.065475 -0.051628
v 0.712741 1.079253 -0.043575
v 0.614719 1.102027 -0.020885
v 0.616680 1.086359 -0.018493
v 0.611744 1.115805 -0.028393
v 0.608113 1.126032 -0.040111
v 0.604264 1.131473 -0.054624
v 0.600663 1.131473 -0.070183
v 0.597741 1.126032 -0.084911
v 0.595855 1.115805 -0.097032
v 0.595229 1.102027 -0.105083
v 0.595939 1.086359 -0.108094
v 0.597900 1.070691 -0.105701
v 0.600875 1.056913 -0.098194
v 0.604506 1.046686 -0.086476
v 0.608353 1.041244 -0.071963
v 0.611956 1.041244 -0.056404
v 0.614876 1.046686 -0.041675
v 0.616764 1.056912 -0.029555
v 0.617390 1.070691 -0.021503
v 0.519368 1.093464 0.001187
v 0.521329 1.077796 0.003580
v 0.516393 1.107243 -0.006321
v 0.512762 1.117469 -0.018038
v 0.508914 1.122911 -0.032551
v 0.505312 1.122911 -0.048111
v 0.502391 1.117469 -0.062838
v 0.500504 1.107243 -0.074959
v 0.499878 1.093464 -0.083011
v 0.500588 1.077796 -0.086021
v 0.502549 1.062128 -0.083630
v 0.505524 1.048350 -0.076121
v 0.509154 1.038123 -0.064403
v 0.513003 1.032682 -0.049890
v 0.516605 1.032682 -0.034331
v 0.519525 1.038123 -0.019604
v 0.521413 1.048350 -0.007482
v 0.522039 1.062128 0.000568
v 0.424017 1.084902 0.023260
v 0.425978 1.069233 0.025653
v 0.421042 1.098680 0.015752
v 0.417411 1.108907 0.004035
v 0.413563 1.114348 -0.010479
v 0.409961 1.114348 -0.026038
v 0.407040 1.108907 -0.040766
v 0.405153 1.098680 -0.052887
v 0.404527 1.084902 -0.060938
v 0.405237 1.069233 -0.063950
v 0.407197 1.053565 -0.061557
v 0.410173 1.039787 -0.054048
v 0.413803 1.029560 -0.042332
v 0.417652 1.024119 -0.027818
v 0.421253 1.024119 -0.012259
v 0.424174 1.029560 0.002469
v 0.426062 1.039787 0.014590
v 0.426688 1.053565 0.022642
v 0.328666 1.076339 0.045332
v 0.330627 1.060671 0.047725
v 0.325691 1.090117 0.037825
v 0.322060 1.100344 0.026108
v 0.318212 1.105785 0.011594
v 0.314610 1.105785 -0.003965
v 0.311689 1.100344 -0.018694
v 0.309802 1.090117 -0.030814
v 0.309175 1.076339 -0.038866
v 0.309885 1.060671 -0.041877
v 0.311846 1.045003 -0.039484
v 0.314822 1.031224 -0.031977
v 0.318452 1.020998 -0.020261
v 0.322301 1.015556 -0.005746
v 0.325902 1.015556 0.009813
v 0.328823 1.020998 0.024542
v 0.330711 1.031224 0.036663
v 0.331337 1.045003 0.044714
v 0.320256 1.060671 0.002924
vn 0.2255 -0.0000 0.9742
vn 0.7051 -0.4772 0.5245
vn 0.8307 -0.2539 0.4955
vn 0.8743 -0.0000 0.4854
vn 0.2767 -0.7311 0.6237
vn 0.5127 -0.6429 0.5691
vn -0.2105 -0.6429 0.7365
vn 0.0255 -0.7311 0.6818
vn -0.5285 -0.2539 0.8101
vn -0.4029 -0.4772 0.7810
vn -0.5285 0.2539 0.8101
vn -0.5721 -0.0000 0.8202
vn -0.2105 0.6429 0.7365
vn -0.4029 0.4772 0.7810
vn 0.2767 0.7311 0.6237
vn 0.0255 0.7311 0.6818
vn 0.7051 0.4772 0.5245
vn 0.5127 0.6429 0.5691
vn 0.8307 0.2539 0.4955
vn 0.9155 -0.3420 -0.2119
vn 0.9742 -0.0000 -0.2255
vn 0.7463 -0.6428 -0.1728
vn 0.4871 -0.8660 -0.1128
vn 0.1692 -0.9848 -0.0392
vn -0.1692 -0.9848 0.0392
vn -0.4871 -0.8660 0.1128
vn -0.7463 -0.6428 0.1728
vn -0.9155 -0.3420 0.2119
vn -0.9742 -0.0000 0.2255
vn -0.9155 0.3420 0.2119
vn -0.7463 0.6428 0.1728
vn -0.4871 0.8660 0.1128
vn -0.1692 0.9848 0.0392
vn 0.1692 0.9848 -0.0392
vn 0.4871 0.8660 -0.1128
vn 0.7463 0.6428 -0.1728
vn 0.9155 0.3420 -0.2119
vn 0.5285 -0.2539 -0.8101
vn 0.5721 -0.0000 -0.8202
vn 0.4029 -0.4771 -0.7810
vn 0.2105 -0.6429 -0.7365
vn -0.0256 -0.7311 -0.6818
vn -0.2767 -0.7311 -0.6237
vn -0.5127 -0.6429 -0.5691
vn -0.7051 -0.4772 -0.5245
vn -0.8307 -0.2539 -0.4955
vn -0.8743 -0.0000 -0.4854
vn -0.8307 0.2539 -0.4955
vn -0.7051 0.4772 -0.5245
vn -0.5127 0.6429 -0.5691
vn -0.2767 0.7311 -0.6237
vn -0.0256 0.7311 -0.6818
vn 0.2105 0.6429 -0.7365
vn 0.4029 0.4771 -0.7810
vn 0.5285 0.2539 -0.8101
vn -0.2255 -0.0000 -0.9742
vn 0.2767 -0.7310 0.6237
vn 0.2767 0.7310 0.6237
vn 0.9742 -0.0000 -0.2256
vn -0.4871 -0.8660 0.1127
vn -0.7463 -0.6428 0.1727
vn -0.7463 0.6428 0.1727
vn -0.4871 0.8660 0.1127
vn 0.7463 -0.6428 -0.1727
vn 0.4871 -0.8660 -0.1127
vn 0.4871 0.8660 -0.1127
vn 0.7463 0.6428 -0.1727
vn 0.4029 -0.4772 -0.7810
vn -0.0255 -0.7311 -0.6818
vn -0.8743 -0.0000 -0.4853
vn -0.0255 0.7311 -0.6818
vn 0.4029 0.4772 -0.7810
vn 0.5285 0.2538 -0.8101
vn -0.0255 0.7310 -0.6819
vn -0.5127 0.6428 -0.5691
vn -0.5127 -0.6428 -0.5691
vn -0.0255 -0.7310 -0.6819
vn -0.4872 0.8660 0.1128
vn -0.4872 -0.8660 0.1128
vn 0.4872 0.8660 -0.1128
vn 0.4872 -0.8660 -0.1128
vn 0.5127 0.6428 0.5691
vn -0.2104 0.6428 0.7365
vn -0.4028 0.4772 0.7810
vn -0.4028 -0.4772 0.7810
vn -0.2104 -0.6428 0.7365
vn 0.5127 -0.6428 0.5691
vn 0.1693 0.9848 -0.0392
vn 0.8307 0.2539 0.4954
vn 0.7051 0.4772 0.5246
vn 0.5128 0.6428 0.5691
vn -0.2105 0.6428 0.7365
vn -0.5284 0.2539 0.8101
vn -0.5284 -0.2539 0.8101
vn -0.2105 -0.6428 0.7365
vn 0.7051 -0.4772 0.5246
vn 0.8307 -0.2539 0.4954
vn -0.6170 -0.7738 0.1429
vn -0.0924 -0.8787 -0.4684
vn 0.0552 -0.9603 -0.2734
vn 0.1461 -0.9887 -0.0338
vn -0.4812 -0.5999 -0.6392
vn -0.2786 -0.7536 -0.5953
vn -0.8383 -0.2835 -0.4657
vn -0.6755 -0.4371 -0.5939
vn -0.9966 -0.0767 -0.0298
vn -0.9498 -0.1583 -0.2699
vn -0.8821 -0.0767 0.4649
vn -0.9731 -0.0484 0.2253
vn -0.5482 -0.2836 0.7868
vn -0.7346 -0.1583 0.6598
vn -0.1512 -0.6002 0.7854
vn -0.3458 -0.4369 0.8304
vn 0.1229 -0.8786 0.4614
vn 0.0113 -0.7537 0.6572
vn 0.1697 -0.9603 0.2213
vn 0.6313 -0.5952 -0.4973
vn 0.7539 -0.6334 -0.1745
vn 0.4325 -0.4852 -0.7599
vn 0.1817 -0.3167 -0.9309
vn -0.0911 -0.1101 -0.9897
vn -0.3531 0.1100 -0.9291
vn -0.5723 0.3167 -0.7564
vn -0.7225 0.4852 -0.4925
vn -0.7856 0.5952 -0.1692
vn -0.7539 0.6334 0.1745
vn -0.6313 0.5951 0.4973
vn -0.4326 0.4852 0.7598
vn -0.1818 0.3168 0.9309
vn 0.0912 0.1100 0.9897
vn 0.3531 -0.1101 0.9291
vn 0.5723 -0.3167 0.7564
vn 0.7225 -0.4852 0.4926
vn 0.7856 -0.5952 0.1692
vn 0.4326 -0.4852 -0.7599
vn -0.0912 -0.1100 -0.9897
vn -0.3530 0.1100 -0.9291
vn -0.5723 0.3167 -0.7565
vn -0.4326 0.4852 0.7599
vn 0.5723 -0.3167 0.7565
vn 0.1818 -0.3168 -0.9309
vn -0.3531 0.1101 -0.9291
vn -0.6313 0.5952 0.4973
vn -0.1817 0.3167 0.9309
vn 0.0911 0.1100 0.9897
vn 0.3531 -0.1100 0.9291
vn 0.4325 -0.4852 -0.7600
vn -0.0911 -0.1100 -0.9897
vn -0.3529 0.1099 -0.9292
vn -0.7225 0.4852 -0.4926
vn -0.6313 0.5952 0.4972
vn 0.8820 0.0767 -0.4649
vn 0.9731 0.0483 -0.2252
vn 0.7345 0.1585 -0.6598
vn 0.5483 0.2833 -0.7868
vn 0.3459 0.4370 -0.8303
vn 0.1512 0.6002 -0.7854
vn -0.0113 0.7537 -0.6571
vn -0.1229 0.8787 -0.4614
vn -0.1700 0.9603 -0.2213
vn -0.1462 0.9887 0.0339
vn -0.0551 0.9603 0.2734
vn 0.0923 0.8787 0.4684
vn 0.2786 0.7537 0.5953
vn 0.4810 0.6002 0.6391
vn 0.6756 0.4368 0.5940
vn 0.8383 0.2834 0.4658
vn 0.9497 0.1584 0.2700
vn 0.9966 0.0767 0.0300
vn 0.6170 0.7739 -0.1428
vn -0.6170 -0.7739 0.1428
vn -0.0923 -0.8787 -0.4684
vn 0.0552 -0.9604 -0.2733
vn 0.1463 -0.9887 -0.0339
vn -0.4811 -0.6002 -0.6390
vn -0.2786 -0.7536 -0.5954
vn -0.8383 -0.2834 -0.4658
vn -0.6755 -0.4368 -0.5940
vn -0.9966 -0.0766 -0.0299
vn -0.9498 -0.1584 -0.2699
vn -0.8821 -0.0766 0.4648
vn -0.5483 -0.2834 0.7868
vn -0.1513 -0.6001 0.7855
vn -0.3457 -0.4369 0.8304
vn 0.1229 -0.8787 0.4613
vn 0.0114 -0.7536 0.6572
vn 0.1700 -0.9603 0.2213
vn 0.6313 -0.5952 -0.4972
vn 0.1817 -0.3167 -0.9310
vn -0.4327 0.4852 0.7598
vn -0.1816 0.3167 0.9310
vn 0.0910 0.1101 0.9897
vn 0.3530 -0.1100 0.9291
vn 0.7539 -0.6334 -0.1744
vn 0.1816 -0.3167 -0.9310
vn -0.3530 0.1100 -0.9292
vn -0.7856 0.5952 -0.1693
vn -0.4324 0.4851 0.7600
vn 0.0913 0.1099 0.9897
vn 0.5722 -0.3167 0.7565
vn 0.7225 -0.4852 0.4925
vn 0.1816 -0.3166 -0.9310
vn -0.5722 0.3166 -0.7565
vn -0.7225 0.4852 -0.4924
vn -0.1816 0.3166 0.9310
vn 0.0911 0.1101 0.9897
vn 0.5722 -0.3166 0.7565
vn 0.7539 -0.6334 -0.1746
vn -0.3530 0.1099 -0.9292
vn -0.7856 0.5952 -0.1691
vn 0.3530 -0.1099 0.9292
vn 0.5722 -0.3166 0.7566
vn 0.7856 -0.5952 0.1691
vn 0.8821 0.0768 -0.4648
vn 0.9731 0.0483 -0.2253
vn 0.7345 0.1584 -0.6599
vn 0.5483 0.2835 -0.7868
vn 0.3457 0.4368 -0.8305
vn 0.1514 0.6001 -0.7855
vn -0.0112 0.7536 -0.6572
vn -0.1229 0.8787 -0.4613
vn -0.1697 0.9603 -0.2214
vn -0.1461 0.9887 0.0338
vn -0.0556 0.9603 0.2734
vn 0.0924 0.8787 0.4683
vn 0.2787 0.7536 0.5954
vn 0.4813 0.6001 0.6389
vn 0.6754 0.4368 0.5941
vn 0.8382 0.2835 0.4659
vn 0.9497 0.1585 0.2699
vn 0.9966 0.0767 0.0299
vn 0.6170 0.7739 -0.1429
vn 0.9705 0.0872 -0.2247
vn 0.7380 0.5338 0.4129
vn 0.7861 0.3113 0.5341
vn 0.8177 0.0584 0.5727
vn 0.6173 0.7867 -0.0106
vn 0.6794 0.6988 0.2237
vn 0.5120 0.6988 -0.4995
vn 0.5591 0.7867 -0.2617
vn 0.4714 0.3113 -0.8251
vn 0.4815 0.5337 -0.6952
vn 0.5145 -0.1945 -0.8351
vn 0.4829 0.0584 -0.8737
vn 0.6212 -0.5820 -0.5248
vn 0.5626 -0.4169 -0.7139
vn 0.7414 -0.6699 -0.0393
vn 0.6833 -0.6699 -0.2905
vn 0.8191 -0.4169 0.3941
vn 0.7886 -0.5821 0.1985
vn 0.8292 -0.1945 0.5241
vn 0.1829 0.3407 0.9222
vn 0.1182 0.6404 0.7589
vn 0.0392 0.8627 0.5041
vn -0.0445 0.9811 0.1885
vn -0.1228 0.9811 -0.1498
vn -0.1863 0.8627 -0.4701
vn -0.2273 0.6403 -0.7337
vn -0.2410 0.3407 -0.9088
vn -0.1829 -0.3407 -0.9222
vn -0.1182 -0.6403 -0.7589
vn -0.0392 -0.8627 -0.5041
vn 0.0445 -0.9811 -0.1885
vn 0.1228 -0.9811 0.1498
vn 0.1863 -0.8627 0.4701
vn 0.2273 -0.6404 0.7337
vn 0.2410 -0.3407 0.9088
vn 0.1182 0.6403 0.7589
vn 0.2273 -0.6403 0.7337
vn -0.5145 0.1945 0.8351
vn -0.4829 -0.0584 0.8737
vn -0.5626 0.4169 0.7139
vn -0.6212 0.5820 0.5248
vn -0.6833 0.6699 0.2905
vn -0.7414 0.6699 0.0393
vn -0.7886 0.5820 -0.1984
vn -0.8191 0.4169 -0.3941
vn -0.8292 0.1945 -0.5241
vn -0.8177 -0.0584 -0.5727
vn -0.7861 -0.3113 -0.5340
vn -0.7380 -0.5337 -0.4129
vn -0.6794 -0.6988 -0.2237
vn -0.6173 -0.7867 0.0106
vn -0.5592 -0.7867 0.2617
vn -0.5120 -0.6988 0.4995
vn -0.4815 -0.5338 0.6952
vn -0.4714 -0.3113 0.8251
vn -0.9705 -0.0872 0.2247
s 1
usemtl 
f 561//540 562//541 563//542 564//543
f 561//540 565//544 566//545 562//541
f 561//540 567//546 568//547 565//544
f 561//540 569//548 570//549 567//546
f 561//540 571//550 572//551 569//548
f 561//540 573//552 574//553 571//550
f 561//540 575//554 576//555 573//552
f 561//540 577//556 578//557 575//554
f 561//540 564//543 579//558 577//556
f 564//543 563//542 580//559 581//560
f 563//542 562//541 582//561 580//559
f 562//541 566//545 583//562 582//561
f 566//545 565//544 584//563 583//562
f 565//544 568//547 585//564 584//563
f 568//547 567//546 586//565 585//564
f 567//546 570//549 587//566 586//565
f 570//549 569//548 588//567 587//566
f 569//548 572//551 589//568 588//567
f 572//551 571//550 590//569 589//568
f 571//550 574//553 591//570 590//569
f 574//553 573//552 592//571 591//570
f 573//552 576//555 593//572 592//571
f 576//555 575//554 594//573 593//572
f 575//554 578//557 595//574 594//573
f 578//557 577//556 596//575 595//574
f 577//556 579//558 597//576 596//575
f 579//558 564//543 581//560 597//576
f 581//560 580//559 598//559 599//560
f 580//559 582//561 600//561 598//559
f 582//561 583//562 601//562 600//561
f 583//562 584//563 602//563 601//562
f 584//563 585//564 603//564 602//563
f 585//564 586//565 604//565 603//564
f 586//565 587//566 605//566 604//565
f 587//566 588//567 606//567 605//566
f 588//567 589//568 607//568 606//567
f 589//568 590//569 608//569 607//568
f 590//569 591//570 609//570 608//569
f 591//570 592//571 610//571 609//570
f 592//571 593//572 611//572 610//571
f 593//572 594//573 612//573 611//572
f 594//573 595//574 613//574 612//573
f 595//574 596//575 614//575 613//574
f 596//575 597//576 615//576 614//575
f 597//576 581//560 599//560 615//576
f 599//560 598//559 616//559 617//560
f 598//559 600//561 618//561 616//559
f 600//561 601//562 619//562 618//561
f 601//562 602//563 620//563 619//562
f 602//563 603//564 621//564 620//563
f 603//564 604//565 622//565 621//564
f 604//565 605//566 623//566 622//565
f 605//566 606//567 624//567 623//566
f 606//567 607//568 625//568 624//567
f 607//568 608//569 626//569 625//568
f 608//569 609//570 627//570 626//569
f 609//570 610//571 628//571 627//570
f 610//571 611//572 629//572 628//571
f 611//572 612//573 630//573 629//572
f 612//573 613//574 631//574 630//573
f 613//574 614//575 632//575 631//574
f 614//575 615//576 633//576 632//575
f 615//576 599//560 617//560 633//576
f 617//560 616//559 634//559 635//560
f 616//559 618//561 636//561 634//559
f 618//561 619//562 637//562 636//561
f 619//562 620//563 638//563 637//562
f 620//563 621//564 639//564 638//563
f 621//564 622//565 640//565 639//564
f 622//565 623//566 641//566 640//565
f 623//566 624//567 642//567 641//566
f 624//567 625//568 643//568 642//567
f 625//568 626//569 644//569 643//568
f 626//569 627//570 645//570 644//569
f 627//570 628//571 646//571 645//570
f 628//571 629//572 647//572 646//571
f 629//572 630//573 648//573 647//572
f 630//573 631//574 649//574 648//573
f 631//574 632//575 650//575 649//574
f 632//575 633//576 651//576 650//575
f 633//576 617//560 635//560 651//576
f 635//560 634//559 652//577 653//578
f 634//559 636//561 654//579 652//577
f 636//561 637//562 655//580 654//579
f 637//562 638//563 656//581 655//580
f 638//563 639//564 657//582 656//581
f 639//564 640//565 658//583 657//582
f 640//565 641//566 659//584 658//583
f 641//566 642//567 660//585 659//584
f 642//567 643//568 661//586 660//585
f 643//568 644//569 662//587 661//586
f 644//569 645//570 663//588 662//587
f 645//570 646//571 664//589 663//588
f 646//571 647//572 665//590 664//589
f 647//572 648//573 666//591 665//590
f 648//573 649//574 667//592 666//591
f 649//574 650//575 668//593 667//592
f 650//575 651//576 669//594 668//593
f 651//576 635//560 653//578 669//594
f 670//595 669//594 653//578 652//577
f 670//595 652//577 654//579 655//580
f 670//595 655//580 656//581 657//582
f 670//595 657//582 658//583 659//584
f 670//595 659//584 660//585 661//586
f 670//595 661//586 662//587 663//588
f 670//595 663//588 664//589 665//590
f 670//595 665//590 666//591 667//592
f 670//595 667//592 668//593 669//594
f 671//540 672//541 673//542 674//543
f 671//540 675//596 676//545 672//541
f 671//540 677//546 678//547 675//596
f 671//540 679//548 680//549 677//546
f 671//540 681//550 682//551 679//548
f 671//540 683//552 684//553 681//550
f 671//540 685//597 686//555 683//552
f 671//540 687//556 688//557 685//597
f 671//540 674//543 689//558 687//556
f 674//543 673//542 690//559 691//560
f 673//542 672//541 692//561 690//559
f 672//541 676//545 693//562 692//561
f 676//545 675//596 694//563 693//562
f 675//596 678//547 695//564 694//563
f 678//547 677//546 696//565 695//564
f 677//546 680//549 697//566 696//565
f 680//549 679//548 698//567 697//566
f 679//548 682//551 699//568 698//567
f 682//551 681//550 700//569 699//568
f 681//550 684//553 701//570 700//569
f 684//553 683//552 702//571 701//570
f 683//552 686//555 703//572 702//571
f 686//555 685//597 704//573 703//572
f 685//597 688//557 705//574 704//573
f 688//557 687//556 706//575 705//574
f 687//556 689//558 707//576 706//575
f 689//558 674//543 691//560 707//576
f 691//560 690//559 708//559 709//598
f 690//559 692//561 710//561 708//559
f 692//561 693//562 711//562 710//561
f 693//562 694//563 712//563 711//562
f 694//563 695//564 713//564 712//563
f 695//564 696//565 714//565 713//564
f 696//565 697//566 715//566 714//565
f 697//566 698//567 716//567 715//566
f 698//567 699//568 717//568 716//567
f 699//568 700//569 718//569 717//568
f 700//569 701//570 719//570 718//569
f 701//570 702//571 720//571 719//570
f 702//571 703//572 721//572 720//571
f 703//572 704//573 722//573 721//572
f 704//573 705//574 723//574 722//573
f 705//574 706//575 724//575 723//574
f 706//575 707//576 725//576 724//575
f 707//576 691//560 709//598 725//576
f 709//598 708//559 726//559 727//560
f 708//559 710//561 728//561 726//559
f 710//561 711//562 729//562 728//561
f 711//562 712//563 730//563 729//562
f 712//563 713//564 731//564 730//563
f 713//564 714//565 732//599 731//564
f 714//565 715//566 733//600 732//599
f 715//566 716//567 734//567 733//600
f 716//567 717//568 735//568 734//567
f 717//568 718//569 736//569 735//568
f 718//569 719//570 737//601 736//569
f 719//570 720//571 738//602 737//601
f 720//571 721//572 739//572 738//602
f 721//572 722//573 740//573 739//572
f 722//573 723//574 741//574 740//573
f 723//574 724//575 742//575 741//574
f 724//575 725//576 743//576 742//575
f 725//576 709//598 727//560 743//576
f 727//560 726//559 744//559 745//560
f 726//559 728//561 746//603 744//559
f 728//561 729//562 747//604 746//603
f 729//562 730//563 748//563 747//604
f 730//563 731//564 749//564 748//563
f 731//564 732//599 750//565 749//564
f 732//599 733//600 751//600 750//565
f 733//600 734//567 752//567 751//600
f 734//567 735//568 753//568 752//567
f 735//568 736//569 754//569 753//568
f 736//569 737//601 755//601 754//569
f 737//601 738//602 756//571 755//601
f 738//602 739//572 757//572 756//571
f 739//572 740//573 758//573 757//572
f 740//573 741//574 759//605 758//573
f 741//574 742//575 760//606 759//605
f 742//575 743//576 761//576 760//606
f 743//576 727//560 745//560 761//576
f 745//560 744//559 762//577 763//578
f 744//559 746//603 764//607 762//577
f 746//603 747//604 765//580 764//607
f 747//604 748//563 766//608 765//580
f 748//563 749//564 767//582 766//608
f 749//564 750//565 768//583 767//582
f 750//565 751//600 769//584 768//583
f 751//600 752//567 770//585 769//584
f 752//567 753//568 771//609 770//585
f 753//568 754//569 772//587 771//609
f 754//569 755//601 773//588 772//587
f 755//601 756//571 774//589 773//588
f 756//571 757//572 775//590 774//589
f 757//572 758//573 776//610 775//590
f 758//573 759//605 777//592 776//610
f 759//605 760//606 778//611 777//592
f 760//606 761//576 779//594 778//611
f 761//576 745//560 763//578 779//594
f 780//595 779//594 763//578 762//577
f 780//595 762//577 764//607 765//580
f 780//595 765//580 766//608 767//582
f 780//595 767//582 768//583 769//584
f 780//595 769//584 770//585 771//609
f 780//595 771//609 772//587 773//588
f 780//595 773//588 774//589 775//590
f 780//595 775//590 776//610 777//592
f 780//595 777//592 778//611 779//594
f 781//595 782//593 783//612 784//578
f 781//595 785//613 786//592 782//593
f 781//595 787//614 788//590 785//613
f 781//595 789//587 790//588 787//614
f 781//595 791//585 792//586 789//587
f 781//595 793//615 794//584 791//585
f 781//595 795//616 796//582 793//615
f 781//595 797//579 798//580 795//616
f 781//595 784//578 799//577 797//579
f 784//578 783//612 800//576 801//560
f 783//612 782//593 802//575 800//576
f 782//593 786//592 803//574 802//575
f 786//592 785//613 804//573 803//574
f 785//613 788//590 805//572 804//573
f 788//590 787//614 806//617 805//572
f 787//614 790//588 807//570 806//617
f 790//588 789//587 808//569 807//570
f 789//587 792//586 809//568 808//569
f 792//586 791//585 810//567 809//568
f 791//585 794//584 811//566 810//567
f 794//584 793//615 812//618 811//566
f 793//615 796//582 813//564 812//618
f 796//582 795//616 814//563 813//564
f 795//616 798//580 815//562 814//563
f 798//580 797//579 816//561 815//562
f 797//579 799//577 817//559 816//561
f 799//577 784//578 801//560 817//559
f 801//560 800//576 818//576 819//560
f 800//576 802//575 820//575 818//576
f 802//575 803//574 821//619 820//575
f 803//574 804//573 822//573 821//619
f 804//573 805//572 823//572 822//573
f 805//572 806//617 824//617 823//572
f 806//617 807//570 825//570 824//617
f 807//570 808//569 826//569 825//570
f 808//569 809//568 827//568 826//569
f 809//568 810//567 828//567 827//568
f 810//567 811//566 829//566 828//567
f 811//566 812//618 830//618 829//566
f 812//618 813//564 831//564 830//618
f 813//564 814//563 832//563 831//564
f 814//563 815//562 833//620 832//563
f 815//562 816//561 834//561 833//620
f 816//561 817//559 835//559 834//561
f 817//559 801//560 819//560 835//559
f 819//560 818//576 836//576 837//560
f 818//576 820//575 838//575 836//576
f 820//575 821//619 839//619 838//575
f 821//619 822//573 840//573 839//619
f 822//573 823//572 841//572 840//573
f 823//572 824//617 842//571 841//572
f 824//617 825//570 843//570 842//571
f 825//570 826//569 844//569 843//570
f 826//569 827//568 845//568 844//569
f 827//568 828//567 846//567 845//568
f 828//567 829//566 847//566 846//567
f 829//566 830//618 848//565 847//566
f 830//618 831//564 849//564 848//565
f 831//564 832//563 850//563 849//564
f 832//563 833//620 851//620 850//563
f 833//620 834//561 852//561 851//620
f 834//561 835//559 853//559 852//561
f 835//559 819//560 837//560 853//559
f 837//560 836//576 854//576 855//560
f 836//576 838//575 856//575 854//576
f 838//575 839//619 857//574 856//575
f 839//619 840//573 858//573 857//574
f 840//573 841//572 859//572 858//573
f 841//572 842//571 860//571 859//572
f 842//571 843//570 861//570 860//571
f 843//570 844//569 862//569 861//570
f 844//569 845//568 863//568 862//569
f 845//568 846//567 864//567 863//568
f 846//567 847//566 865//566 864//567
f 847//566 848//565 866//565 865//566
f 848//565 849//564 867//564 866//565
f 849//564 850//563 868//563 867//564
f 850//563 851//620 869//562 868//563
f 851//620 852//561 870//561 869//562
f 852//561 853//559 871//559 870//561
f 853//559 837//560 855//560 871//559
f 855//560 854//576 872//558 873//543
f 854//576 856//575 874//556 872//558
f 856//575 857//574 875//621 874//556
f 857//574 858//573 876//554 875//621
f 858//573 859//572 877//555 876//554
f 859//572 860//571 878//622 877//555
f 860//571 861//570 879//623 878//622
f 861//570 862//569 880//550 879//623
f 862//569 863//568 881//551 880//550
f 863//568 864//567 882//548 881//551
f 864//567 865//566 883//624 882//548
f 865//566 866//565 884//625 883//624
f 866//565 867//564 885//547 884//625
f 867//564 868//563 886//544 885//547
f 868//563 869//562 887//626 886//544
f 869//562 870//561 888//541 887//626
f 870//561 871//559 889//542 888//541
f 871//559 855//560 873//543 889//542
f 890//540 889//542 873//543 872//558
f 890//540 872//558 874//556 875//621
f 890//540 875//621 876//554 877//555
f 890//540 877//555 878//622 879//623
f 890//540 879//623 880//550 881//551
f 890//540 881//551 882//548 883//624
f 890//540 883//624 884//625 885//547
f 890//540 885//547 886//544 887//626
f 890//540 887//626 888//541 889//542
f 891//595 892//611 893//594 894//578
f 891//595 895//613 896//592 892//611
f 891//595 897//614 898//590 895//613
f 891//595 899//587 900//588 897//614
f 891//595 901//585 902//586 899//587
f 891//595 903//615 904//584 901//585
f 891//595 905//616 906//582 903//615
f 891//595 907//607 908//580 905//616
f 891//595 894//578 909//577 907//607
f 894//578 893//594 910//576 911//560
f 893//594 892//611 912//575 910//576
f 892//611 896//592 913//619 912//575
f 896//592 895//613 914//573 913//619
f 895//613 898//590 915//572 914//573
f 898//590 897//614 916//617 915//572
f 897//614 900//588 917//570 916//617
f 900//588 899//587 918//569 917//570
f 899//587 902//586 919//568 918//569
f 902//586 901//585 920//567 919//568
f 901//585 904//584 921//566 920//567
f 904//584 903//615 922//618 921//566
f 903//615 906//582 923//564 922//618
f 906//582 905//616 924//563 923//564
f 905//616 908//580 925//620 924//563
f 908//580 907//607 926//561 925//620
f 907//607 909//577 927//559 926//561
f 909//577 894//578 911//560 927//559
f 911//560 910//576 928//576 929//560
f 910//576 912//575 930//575 928//576
f 912//575 913//619 931//619 930//575
f 913//619 914//573 932//627 931//619
f 914//573 915//572 933//572 932//627
f 915//572 916//617 934//617 933//572
f 916//617 917//570 935//570 934//617
f 917//570 918//569 936//569 935//570
f 918//569 919//568 937//568 936//569
f 919//568 920//567 938//567 937//568
f 920//567 921//566 939//566 938//567
f 921//566 922//618 940//565 939//566
f 922//618 923//564 941//564 940//565
f 923//564 924//563 942//563 941//564
f 924//563 925//620 943//562 942//563
f 925//620 926//561 944//561 943//562
f 926//561 927//559 945//559 944//561
f 927//559 911//560 929//560 945//559
f 929//560 928//576 946//576 947//560
f 928//576 930//575 948//575 946//576
f 930//575 931//619 949//619 948//575
f 931//619 932//627 950//573 949//619
f 932//627 933//572 951//572 950//573
f 933//572 934//617 952//617 951//572
f 934//617 935//570 953//570 952//617
f 935//570 936//569 954//569 953//570
f 936//569 937//568 955//568 954//569
f 937//568 938//567 956//567 955//568
f 938//567 939//566 957//566 956//567
f 939//566 940//565 958//565 957//566
f 940//565 941//564 959//564 958//565
f 941//564 942//563 960//563 959//564
f 942//563 943//562 961//562 960//563
f 943//562 944//561 962//561 961//562
f 944//561 945//559 963//559 962//561
f 945//559 929//560 947//560 963//559
f 947//560 946//576 964//576 965//560
f 946//576 948//575 966//575 964//576
f 948//575 949//619 967//619 966//575
f 949//619 950//573 968//573 967//619
f 950//573 951//572 969//572 968//573
f 951//572 952//617 970//617 969//572
f 952//617 953//570 971//570 970//617
f 953//570 954//569 972//569 971//570
f 954//569 955//568 973//568 972//569
f 955//568 956//567 974//567 973//568
f 956//567 957//566 975//566 974//567
f 957//566 958//565 976//618 975//566
f 958//565 959//564 977//564 976//618
f 959//564 960//563 978//563 977//564
f 960//563 961//562 979//620 978//563
f 961//562 962//561 980//561 979//620
f 962//561 963//559 981//559 980//561
f 963//559 947//560 965//560 981//559
f 965//560 964//576 982//628 983//543
f 964//576 966//575 984//629 982//628
f 966//575 967//619 985//630 984//629
f 967//619 968//573 986//597 985//630
f 968//573 969//572 987//555 986//597
f 969//572 970//617 988//631 987//555
f 970//617 971//570 989//553 988//631
f 971//570 972//569 990//632 989//553
f 972//569 973//568 991//551 990//632
f 973//568 974//567 992//633 991//551
f 974//567 975//566 993//549 992//633
f 975//566 976//618 994//634 993//549
f 976//618 977//564 995//547 994//634
f 977//564 978//563 996//596 995//547
f 978//563 979//620 997//626 996//596
f 979//620 980//561 998//635 997//626
f 980//561 981//559 999//636 998//635
f 981//559 965//560 983//543 999//636
f 1000//540 999//636 983//543 982//628
f 1000//540 982//628 984//629 985//630
f 1000//540 985//630 986//597 987//555
f 1000//540 987//555 988//631 989//553
f 1000//540 989//553 990//632 991//551
f 1000//540 991//551 992//633 993//549
f 1000//540 993//549 994//634 995//547
f 1000//540 995//547 996//596 997//626
f 1000//540 997//626 998//635 999//636
f 1001//637 1002//638 1003//639 1004//640
f 1001//637 1005//641 1006//642 1002//638
f 1001//637 1007//643 1008//644 1005//641
f 1001//637 1009//645 1010//646 1007//643
f 1001//637 1011//647 1012//648 1009//645
f 1001//637 1013//649 1014//650 1011//647
f 1001//637 1015//651 1016//652 1013//649
f 1001//637 1017//653 1018//654 1015//651
f 1001//637 1004//640 1019//655 1017//653
f 1004//640 1003//639 1020//656 1021//657
f 1003//639 1002//638 1022//658 1020//656
f 1002//638 1006//642 1023//659 1022//658
f 1006//642 1005//641 1024//660 1023//659
f 1005//641 1008//644 1025//661 1024//660
f 1008//644 1007//643 1026//662 1025//661
f 1007//643 1010//646 1027//663 1026//662
f 1010//646 1009//645 1028//664 1027//663
f 1009//645 1012//648 1029//665 1028//664
f 1012//648 1011//647 1030//666 1029//665
f 1011//647 1014//650 1031//667 1030//666
f 1014//650 1013//649 1032//668 1031//667
f 1013//649 1016//652 1033//669 1032//668
f 1016//652 1015//651 1034//670 1033//669
f 1015//651 1018//654 1035//671 1034//670
f 1018//654 1017//653 1036//672 1035//671
f 1017//653 1019//655 1037//673 1036//672
f 1019//655 1004//640 1021//657 1037//673
f 1021//657 1020//656 1038//656 1039//657
f 1020//656 1022//658 1040//674 1038//656
f 1022//658 1023//659 1041//659 1040//674
f 1023//659 1024//660 1042//675 1041//659
f 1024//660 1025//661 1043//676 1042//675
f 1025//661 1026//662 1044//677 1043//676
f 1026//662 1027//663 1045//663 1044//677
f 1027//663 1028//664 1046//664 1045//663
f 1028//664 1029//665 1047//665 1046//664
f 1029//665 1030//666 1048//666 1047//665
f 1030//666 1031//667 1049//678 1048//666
f 1031//667 1032//668 1050//668 1049//678
f 1032//668 1033//669 1051//669 1050//668
f 1033//669 1034//670 1052//670 1051//669
f 1034//670 1035//671 1053//679 1052//670
f 1035//671 1036//672 1054//672 1053//679
f 1036//672 1037//673 1055//673 1054//672
f 1037//673 1021//657 1039//657 1055//673
f 1039//657 1038//656 1056//656 1057//657
f 1038//656 1040//674 1058//658 1056//656
f 1040//674 1041//659 1059//680 1058//658
f 1041//659 1042//675 1060//675 1059//680
f 1042//675 1043//676 1061//681 1060//675
f 1043//676 1044//677 1062//677 1061//681
f 1044//677 1045//663 1063//663 1062//677
f 1045//663 1046//664 1064//664 1063//663
f 1046//664 1047//665 1065//665 1064//664
f 1047//665 1048//666 1066//682 1065//665
f 1048//666 1049//678 1067//678 1066//682
f 1049//678 1050//668 1068//683 1067//678
f 1050//668 1051//669 1069//684 1068//683
f 1051//669 1052//670 1070//685 1069//684
f 1052//670 1053//679 1071//671 1070//685
f 1053//679 1054//672 1072//672 1071//671
f 1054//672 1055//673 1073//673 1072//672
f 1055//673 1039//657 1057//657 1073//673
f 1057//657 1056//656 1074//656 1075//657
f 1056//656 1058//658 1076//686 1074//656
f 1058//658 1059//680 1077//680 1076//686
f 1059//680 1060//675 1078//687 1077//680
f 1060//675 1061//681 1079//688 1078//687
f 1061//681 1062//677 1080//662 1079//688
f 1062//677 1063//663 1081//689 1080//662
f 1063//663 1064//664 1082//664 1081//689
f 1064//664 1065//665 1083//665 1082//664
f 1065//665 1066//682 1084//690 1083//665
f 1066//682 1067//678 1085//678 1084//690
f 1067//678 1068//683 1086//683 1085//678
f 1068//683 1069//684 1087//684 1086//683
f 1069//684 1070//685 1088//685 1087//684
f 1070//685 1071//671 1089//671 1088//685
f 1071//671 1072//672 1090//672 1089//671
f 1072//672 1073//673 1091//673 1090//672
f 1073//673 1057//657 1075//657 1091//673
f 1075//657 1074//656 1092//691 1093//692
f 1074//656 1076//686 1094//693 1092//691
f 1076//686 1077//680 1095//694 1094//693
f 1077//680 1078//687 1096//695 1095//694
f 1078//687 1079//688 1097//696 1096//695
f 1079//688 1080//662 1098//697 1097//696
f 1080//662 1081//689 1099//698 1098//697
f 1081//689 1082//664 1100//699 1099//698
f 1082//664 1083//665 1101//700 1100//699
f 1083//665 1084//690 1102//701 1101//700
f 1084//690 1085//678 1103//702 1102//701
f 1085//678 1086//683 1104//703 1103//702
f 1086//683 1087//684 1105//704 1104//703
f 1087//684 1088//685 1106//705 1105//704
f 1088//685 1089//671 1107//706 1106//705
f 1089//671 1090//672 1108//707 1107//706
f 1090//672 1091//673 1109//708 1108//707
f 1091//673 1075//657 1093//692 1109//708
f 1110//709 1109//708 1093//692 1092//691
f 1110//709 1092//691 1094//693 1095//694
f 1110//709 1095//694 1096//695 1097//696
f 1110//709 1097//696 1098//697 1099//698
f 1110//709 1099//698 1100//699 1101//700
f 1110//709 1101//700 1102//701 1103//702
f 1110//709 1103//702 1104//703 1105//704
f 1110//709 1105//704 1106//705 1107//706
f 1110//709 1107//706 1108//707 1109//708
f 1111//710 1112//711 1113//712 1114//713
f 1111//710 1115//714 1116//715 1112//711
f 1111//710 1117//716 1118//717 1115//714
f 1111//710 1119//718 1120//719 1117//716
f 1111//710 1121//720 1122//648 1119//718
f 1111//710 1123//721 1124//650 1121//720
f 1111//710 1125//722 1126//723 1123//721
f 1111//710 1127//724 1128//725 1125//722
f 1111//710 1114//713 1129//726 1127//724
f 1114//713 1113//712 1130//727 1131//657
f 1113//712 1112//711 1132//686 1130//727
f 1112//711 1116//715 1133//728 1132//686
f 1116//715 1115//714 1134//687 1133//728
f 1115//714 1118//717 1135//676 1134//687
f 1118//717 1117//716 1136//662 1135//676
f 1117//716 1120//719 1137//663 1136//662
f 1120//719 1119//718 1138//664 1137//663
f 1119//718 1122//648 1139//665 1138//664
f 1122//648 1121//720 1140//690 1139//665
f 1121//720 1124//650 1141//729 1140//690
f 1124//650 1123//721 1142//730 1141//729
f 1123//721 1126//723 1143//731 1142//730
f 1126//723 1125//722 1144//732 1143//731
f 1125//722 1128//725 1145//679 1144//732
f 1128//725 1127//724 1146//672 1145//679
f 1127//724 1129//726 1147//673 1146//672
f 1129//726 1114//713 1131//657 1147//673
f 1131//657 1130//727 1148//727 1149//733
f 1130//727 1132//686 1150//658 1148//727
f 1132//686 1133//728 1151//734 1150//658
f 1133//728 1134//687 1152//687 1151//734
f 1134//687 1135//676 1153//735 1152//687
f 1135//676 1136//662 1154//662 1153//735
f 1136//662 1137//663 1155//663 1154//662
f 1137//663 1138//664 1156//736 1155//663
f 1138//664 1139//665 1157//665 1156//736
f 1139//665 1140//690 1158//690 1157//665
f 1140//690 1141//729 1159//737 1158//690
f 1141//729 1142//730 1160//730 1159//737
f 1142//730 1143//731 1161//738 1160//730
f 1143//731 1144//732 1162//732 1161//738
f 1144//732 1145//679 1163//739 1162//732
f 1145//679 1146//672 1164//740 1163//739
f 1146//672 1147//673 1165//673 1164//740
f 1147//673 1131//657 1149//733 1165//673
f 1149//733 1148//727 1166//727 1167//657
f 1148//727 1150//658 1168//674 1166//727
f 1150//658 1151//734 1169//741 1168//674
f 1151//734 1152//687 1170//675 1169//741
f 1152//687 1153//735 1171//688 1170//675
f 1153//735 1154//662 1172//742 1171//688
f 1154//662 1155//663 1173//743 1172//742
f 1155//663 1156//736 1174//664 1173//743
f 1156//736 1157//665 1175//665 1174//664
f 1157//665 1158//690 1176//690 1175//665
f 1158//690 1159//737 1177//729 1176//690
f 1159//737 1160//730 1178//744 1177//729
f 1160//730 1161//738 1179//745 1178//744
f 1161//738 1162//732 1180//732 1179//745
f 1162//732 1163//739 1181//746 1180//732
f 1163//739 1164//740 1182//740 1181//746
f 1164//740 1165//673 1183//673 1182//740
f 1165//673 1149//733 1167//657 1183//673
f 1167//657 1166//727 1184//727 1185//747
f 1166//727 1168//674 1186//674 1184//727
f 1168//674 1169//741 1187//734 1186//674
f 1169//741 1170//675 1188//675 1187//734
f 1170//675 1171//688 1189//748 1188//675
f 1171//688 1172//742 1190//742 1189//748
f 1172//742 1173//743 1191//743 1190//742
f 1173//743 1174//664 1192//749 1191//743
f 1174//664 1175//665 1193//665 1192//749
f 1175//665 1176//690 1194//690 1193//665
f 1176//690 1177//729 1195//667 1194//690
f 1177//729 1178//744 1196//744 1195//667
f 1178//744 1179//745 1197//738 1196//744
f 1179//745 1180//732 1198//750 1197//738
f 1180//732 1181//746 1199//751 1198//750
f 1181//746 1182//740 1200//740 1199//751
f 1182//740 1183//673 1201//752 1200//740
f 1183//673 1167//657 1185//747 1201//752
f 1185//747 1184//727 1202//753 1203//754
f 1184//727 1186//674 1204//755 1202//753
f 1186//674 1187//734 1205//756 1204//755
f 1187//734 1188//675 1206//757 1205//756
f 1188//675 1189//748 1207//758 1206//757
f 1189//748 1190//742 1208//759 1207//758
f 1190//742 1191//743 1209//760 1208//759
f 1191//743 1192//749 1210//761 1209//760
f 1192//749 1193//665 1211//762 1210//761
f 1193//665 1194//690 1212//763 1211//762
f 1194//690 1195//667 1213//764 1212//763
f 1195//667 1196//744 1214//765 1213//764
f 1196//744 1197//738 1215//766 1214//765
f 1197//738 1198//750 1216//767 1215//766
f 1198//750 1199//751 1217//768 1216//767
f 1199//751 1200//740 1218//769 1217//768
f 1200//740 1201//752 1219//770 1218//769
f 1201//752 1185//747 1203//754 1219//770
f 1220//771 1219//770 1203//754 1202//753
f 1220//771 1202//753 1204//755 1205//756
f 1220//771 1205//756 1206//757 1207//758
f 1220//771 1207//758 1208//759 1209//760
f 1220//771 1209//760 1210//761 1211//762
f 1220//771 1211//762 1212//763 1213//764
f 1220//771 1213//764 1214//765 1215//766
f 1220//771 1215//766 1216//767 1217//768
f 1220//771 1217//768 1218//769 1219//770
f 1221//772 1222//773 1223//774 1224//775
f 1221//772 1225//776 1226//777 1222//773
f 1221//772 1227//778 1228//779 1225//776
f 1221//772 1229//780 1230//781 1227//778
f 1221//772 1231//782 1232//783 1229//780
f 1221//772 1233//784 1234//785 1231//782
f 1221//772 1235//786 1236//787 1233//784
f 1221//772 1237//788 1238//789 1235//786
f 1221//772 1224//775 1239//790 1237//788
f 1224//775 1223//774 1240//791 1241//540
f 1223//774 1222//773 1242//792 1240//791
f 1222//773 1226//777 1243//793 1242//792
f 1226//777 1225//776 1244//794 1243//793
f 1225//776 1228//779 1245//795 1244//794
f 1228//779 1227//778 1246//796 1245//795
f 1227//778 1230//781 1247//797 1246//796
f 1230//781 1229//780 1248//798 1247//797
f 1229//780 1232//783 1249//595 1248//798
f 1232//783 1231//782 1250//799 1249//595
f 1231//782 1234//785 1251//800 1250//799
f 1234//785 1233//784 1252//801 1251//800
f 1233//784 1236//787 1253//802 1252//801
f 1236//787 1235//786 1254//803 1253//802
f 1235//786 1238//789 1255//804 1254//803
f 1238//789 1237//788 1256//805 1255//804
f 1237//788 1239//790 1257//806 1256//805
f 1239//790 1224//775 1241//540 1257//806
f 1241//540 1240//791 1258//791 1259//540
f 1240//791 1242//792 1260//807 1258//791
f 1242//792 1243//793 1261//793 1260//807
f 1243//793 1244//794 1262//794 1261//793
f 1244//794 1245//795 1263//795 1262//794
f 1245//795 1246//796 1264//796 1263//795
f 1246//796 1247//797 1265//797 1264//796
f 1247//797 1248//798 1266//798 1265//797
f 1248//798 1249//595 1267//595 1266//798
f 1249//595 1250//799 1268//799 1267//595
f 1250//799 1251//800 1269//800 1268//799
f 1251//800 1252//801 1270//801 1269//800
f 1252//801 1253//802 1271//802 1270//801
f 1253//802 1254//803 1272//803 1271//802
f 1254//803 1255//804 1273//804 1272//803
f 1255//804 1256//805 1274//805 1273//804
f 1256//805 1257//806 1275//806 1274//805
f 1257//806 1241//540 1259//540 1275//806
f 1259//540 1258//791 1276//791 1277//540
f 1258//791 1260//807 1278//807 1276//791
f 1260//807 1261//793 1279//793 1278//807
f 1261//793 1262//794 1280//794 1279//793
f 1262//794 1263//795 1281//795 1280//794
f 1263//795 1264//796 1282//796 1281//795
f 1264//796 1265//797 1283//797 1282//796
f 1265//797 1266//798 1284//798 1283//797
f 1266//798 1267//595 1285//595 1284//798
f 1267//595 1268//799 1286//799 1285//595
f 1268//799 1269//800 1287//800 1286//799
f 1269//800 1270//801 1288//801 1287//800
f 1270//801 1271//802 1289//802 1288//801
f 1271//802 1272//803 1290//803 1289//802
f 1272//803 1273//804 1291//804 1290//803
f 1273//804 1274//805 1292//808 1291//804
f 1274//805 1275//806 1293//806 1292//808
f 1275//806 1259//540 1277//540 1293//806
f 1277//540 1276//791 1294//791 1295//540
f 1276//791 1278//807 1296//807 1294//791
f 1278//807 1279//793 1297//793 1296//807
f 1279//793 1280//794 1298//794 1297//793
f 1280//794 1281//795 1299//795 1298//794
f 1281//795 1282//796 1300//796 1299//795
f 1282//796 1283//797 1301//797 1300//796
f 1283//797 1284//798 1302//798 1301//797
f 1284//798 1285//595 1303//595 1302//798
f 1285//595 1286//799 1304//799 1303//595
f 1286//799 1287//800 1305//800 1304//799
f 1287//800 1288//801 1306//801 1305//800
f 1288//801 1289//802 1307//802 1306//801
f 1289//802 1290//803 1308//803 1307//802
f 1290//803 1291//804 1309//804 1308//803
f 1291//804 1292//808 1310//808 1309//804
f 1292//808 1293//806 1311//806 1310//808
f 1293//806 1277//540 1295//540 1311//806
f 1295//540 1294//791 1312//809 1313//810
f 1294//791 1296//807 1314//811 1312//809
f 1296//807 1297//793 1315//812 1314//811
f 1297//793 1298//794 1316//813 1315//812
f 1298//794 1299//795 1317//814 1316//813
f 1299//795 1300//796 1318//815 1317//814
f 1300//796 1301//797 1319//816 1318//815
f 1301//797 1302//798 1320//817 1319//816
f 1302//798 1303//595 1321//818 1320//817
f 1303//595 1304//799 1322//819 1321//818
f 1304//799 1305//800 1323//820 1322//819
f 1305//800 1306//801 1324//821 1323//820
f 1306//801 1307//802 1325//822 1324//821
f 1307//802 1308//803 1326//823 1325//822
f 1308//803 1309//804 1327//824 1326//823
f 1309//804 1310//808 1328//825 1327//824
f 1310//808 1311//806 1329//826 1328//825
f 1311//806 1295//540 1313//810 1329//826
f 1330//827 1329//826 1313//810 1312//809
f 1330//827 1312//809 1314//811 1315//812
f 1330//827 1315//812 1316//813 1317//814
f 1330//827 1317//814 1318//815 1319//816
f 1330//827 1319//816 1320//817 1321//818
f 1330//827 1321//818 1322//819 1323//820
f 1330//827 1323//820 1324//821 1325//822
f 1330//827 1325//822 1326//823 1327//824
f 1330//827 1327//824 1328//825 1329//826
g Link2_Cylinder011
v -0.167269 1.061949 0.250372
v -0.177382 1.033211 0.283093
v -0.179674 1.046658 0.290512
v -0.180470 1.061949 0.293087
v -0.169561 1.017920 0.257790
v -0.173870 1.023230 0.271729
v -0.160669 1.023230 0.229014
v -0.164977 1.017920 0.242955
v -0.154864 1.046658 0.210234
v -0.157157 1.033211 0.217650
v -0.154864 1.077240 0.210234
v -0.154068 1.061949 0.207656
v -0.160669 1.100668 0.229014
v -0.157157 1.090687 0.217650
v -0.169561 1.105978 0.257790
v -0.164977 1.105978 0.242955
v -0.177382 1.090687 0.283093
v -0.173870 1.100668 0.271729
v -0.179674 1.077240 0.290512
v -0.164009 1.046658 0.295351
v -0.164805 1.061949 0.297929
v -0.161717 1.033211 0.287935
v -0.158205 1.023230 0.276571
v -0.153897 1.017920 0.262630
v -0.149312 1.017920 0.247796
v -0.145004 1.023230 0.233856
v -0.141492 1.033211 0.222492
v -0.139200 1.046658 0.215074
v -0.138404 1.061949 0.212499
v -0.139200 1.077240 0.215074
v -0.141492 1.090687 0.222492
v -0.145004 1.100668 0.233856
v -0.149312 1.105978 0.247796
v -0.153897 1.105978 0.262630
v -0.158205 1.100668 0.276571
v -0.161717 1.090687 0.287935
v -0.164009 1.077240 0.295351
v -0.148345 1.046658 0.300194
v -0.149141 1.061949 0.302770
v -0.146052 1.033211 0.292777
v -0.142540 1.023230 0.281412
v -0.138232 1.017920 0.267472
v -0.133648 1.017920 0.252636
v -0.129339 1.023230 0.238697
v -0.125827 1.033211 0.227333
v -0.123535 1.046658 0.219914
v -0.122739 1.061949 0.217339
v -0.123535 1.077240 0.219914
v -0.125827 1.090687 0.227333
v -0.129339 1.100668 0.238697
v -0.133648 1.105978 0.252636
v -0.138232 1.105978 0.267472
v -0.142540 1.100668 0.281412
v -0.146052 1.090687 0.292777
v -0.148345 1.077240 0.300194
v -0.132680 1.046658 0.305035
v -0.133476 1.061949 0.307610
v -0.130388 1.033211 0.297617
v -0.126876 1.023230 0.286253
v -0.122568 1.017920 0.272313
v -0.117983 1.017920 0.257479
v -0.113675 1.023230 0.243537
v -0.110163 1.033211 0.232173
v -0.107870 1.046658 0.224757
v -0.107074 1.061949 0.222179
v -0.107870 1.077240 0.224757
v -0.110163 1.090687 0.232173
v -0.113675 1.100668 0.243537
v -0.117983 1.105978 0.257479
v -0.122567 1.105978 0.272313
v -0.126876 1.100668 0.286253
v -0.130388 1.090687 0.297617
v -0.132680 1.077240 0.305035
v -0.117015 1.046658 0.309875
v -0.117811 1.061949 0.312452
v -0.114723 1.033211 0.302459
v -0.111211 1.023230 0.291095
v -0.106903 1.017920 0.277153
v -0.102318 1.017920 0.262319
v -0.098010 1.023230 0.248379
v -0.094498 1.033211 0.237015
v -0.092206 1.046658 0.229598
v -0.091410 1.061949 0.227022
v -0.092206 1.077240 0.229598
v -0.094498 1.090687 0.237015
v -0.098010 1.100668 0.248379
v -0.102318 1.105978 0.262319
v -0.106903 1.105978 0.277153
v -0.111211 1.100668 0.291095
v -0.114723 1.090687 0.302459
v -0.117015 1.077240 0.309875
v -0.101351 1.046658 0.314717
v -0.102147 1.061949 0.317293
v -0.099058 1.033211 0.307300
v -0.095546 1.023230 0.295936
v -0.091238 1.017920 0.281996
v -0.086654 1.017920 0.267159
v -0.082345 1.023230 0.253220
v -0.078834 1.033211 0.241856
v -0.076541 1.046658 0.234438
v -0.075745 1.061949 0.231863
v -0.076541 1.077240 0.234438
v -0.078834 1.090687 0.241856
v -0.082345 1.100668 0.253220
v -0.086654 1.105978 0.267159
v -0.091238 1.105978 0.281995
v -0.095546 1.100668 0.295936
v -0.099058 1.090687 0.307300
v -0.101351 1.077240 0.314717
v -0.088946 1.061949 0.274578
v -0.205666 1.061949 0.238506
v -0.217603 1.028026 0.277131
v -0.220309 1.043899 0.285888
v -0.221249 1.061949 0.288928
v -0.208372 1.009976 0.247261
v -0.213458 1.016245 0.263717
v -0.197875 1.016245 0.213294
v -0.202961 1.009976 0.229751
v -0.191024 1.043899 0.191124
v -0.193730 1.028026 0.199881
v -0.191024 1.079999 0.191124
v -0.190084 1.061949 0.188085
v -0.197875 1.107653 0.213294
v -0.193730 1.095872 0.199881
v -0.208372 1.113922 0.247261
v -0.202961 1.113922 0.229751
v -0.217603 1.095872 0.277131
v -0.213458 1.107653 0.263717
v -0.220309 1.079999 0.285888
v -0.212172 1.043899 0.288402
v -0.213112 1.061949 0.291441
v -0.209466 1.028026 0.279646
v -0.205320 1.016245 0.266232
v -0.200235 1.009976 0.249777
v -0.194823 1.009976 0.232264
v -0.189738 1.016245 0.215810
v -0.185592 1.028026 0.202395
v -0.182886 1.043899 0.193640
v -0.181947 1.061949 0.190598
v -0.182886 1.079999 0.193640
v -0.185592 1.095872 0.202395
v -0.189738 1.107653 0.215810
v -0.194823 1.113922 0.232264
v -0.200235 1.113922 0.249777
v -0.205320 1.107653 0.266232
v -0.209466 1.095872 0.279646
v -0.212172 1.079999 0.288402
v -0.204034 1.043899 0.290916
v -0.204974 1.061949 0.293958
v -0.201329 1.028026 0.282161
v -0.197183 1.016245 0.268745
v -0.192098 1.009976 0.252292
v -0.186686 1.009976 0.234780
v -0.181600 1.016245 0.218325
v -0.177455 1.028026 0.204911
v -0.174749 1.043899 0.196155
v -0.173809 1.061949 0.193114
v -0.174749 1.079999 0.196155
v -0.177455 1.095872 0.204911
v -0.181600 1.107653 0.218325
v -0.186686 1.113922 0.234780
v -0.192098 1.113922 0.252292
v -0.197183 1.107653 0.268745
v -0.201329 1.095872 0.282161
v -0.204034 1.079999 0.290916
v -0.195897 1.043899 0.293431
v -0.196837 1.061949 0.296472
v -0.193191 1.028026 0.284676
v -0.189046 1.016245 0.271261
v -0.183960 1.009976 0.254806
v -0.178548 1.009976 0.237295
v -0.173463 1.016245 0.220839
v -0.169317 1.028026 0.207425
v -0.166611 1.043899 0.198669
v -0.165672 1.061949 0.195629
v -0.166611 1.079999 0.198669
v -0.169317 1.095872 0.207425
v -0.173463 1.107653 0.220839
v -0.178548 1.113922 0.237295
v -0.183960 1.113922 0.254806
v -0.189046 1.107653 0.271261
v -0.193191 1.095872 0.284676
v -0.195897 1.079999 0.293431
v -0.187760 1.043899 0.295946
v -0.188699 1.061949 0.298986
v -0.185054 1.028026 0.287189
v -0.180908 1.016245 0.273776
v -0.175823 1.009976 0.257320
v -0.170411 1.009976 0.239809
v -0.165326 1.016245 0.223355
v -0.161180 1.028026 0.209939
v -0.158474 1.043899 0.201184
v -0.157534 1.061949 0.198142
v -0.158474 1.079999 0.201184
v -0.161180 1.095872 0.209939
v -0.165326 1.107653 0.223355
v -0.170411 1.113922 0.239809
v -0.175823 1.113922 0.257320
v -0.180908 1.107653 0.273776
v -0.185054 1.095872 0.287189
v -0.187760 1.079999 0.295946
v -0.179622 1.043899 0.298460
v -0.180562 1.061949 0.301502
v -0.176916 1.028026 0.289705
v -0.172771 1.016245 0.276290
v -0.167685 1.009976 0.259836
v -0.162274 1.009976 0.242323
v -0.157188 1.016245 0.225869
v -0.153043 1.028026 0.212455
v -0.150337 1.043899 0.203699
v -0.149397 1.061949 0.200659
v -0.150337 1.079999 0.203699
v -0.153043 1.095872 0.212455
v -0.157188 1.107653 0.225869
v -0.162274 1.113922 0.242323
v -0.167685 1.113922 0.259836
v -0.172771 1.107653 0.276290
v -0.176916 1.095872 0.289705
v -0.179622 1.079999 0.298460
v -0.164980 1.061949 0.251080
v -0.014697 0.168137 0.061971
v -0.018631 0.179319 0.074703
v -0.019523 0.174087 0.077588
v -0.019833 0.168137 0.078590
v -0.015589 0.185269 0.064857
v -0.017265 0.183202 0.070280
v -0.012128 0.183202 0.053661
v -0.013805 0.185269 0.059085
v -0.009870 0.174087 0.046353
v -0.010762 0.179319 0.049239
v -0.009870 0.162188 0.046353
v -0.009560 0.168137 0.045351
v -0.012128 0.153073 0.053661
v -0.010762 0.156956 0.049239
v -0.015588 0.151006 0.064857
v -0.013805 0.151006 0.059085
v -0.018631 0.156956 0.074703
v -0.017265 0.153073 0.070280
v -0.019523 0.162188 0.077588
v -0.050096 0.174087 0.068140
v -0.050406 0.168137 0.069143
v -0.049205 0.179319 0.065254
v -0.047838 0.183202 0.060833
v -0.046162 0.185269 0.055408
v -0.044378 0.185269 0.049637
v -0.042702 0.183202 0.044213
v -0.041335 0.179319 0.039790
v -0.040443 0.174087 0.036904
v -0.040134 0.168137 0.035903
v -0.040443 0.162188 0.036904
v -0.041335 0.156956 0.039790
v -0.042702 0.153073 0.044213
v -0.044378 0.151006 0.049637
v -0.046162 0.151006 0.055408
v -0.047838 0.153073 0.060833
v -0.049205 0.156956 0.065254
v -0.050096 0.162188 0.068140
v -0.080670 0.174087 0.058692
v -0.080979 0.168137 0.059693
v -0.079778 0.179319 0.055806
v -0.078411 0.183202 0.051384
v -0.076735 0.185269 0.045960
v -0.074951 0.185269 0.040189
v -0.073275 0.183202 0.034764
v -0.071909 0.179319 0.030343
v -0.071017 0.174087 0.027456
v -0.070707 0.168137 0.026454
v -0.071017 0.162188 0.027456
v -0.071909 0.156956 0.030343
v -0.073275 0.153073 0.034764
v -0.074951 0.151006 0.040189
v -0.076735 0.151006 0.045960
v -0.078411 0.153073 0.051384
v -0.079778 0.156956 0.055806
v -0.080670 0.162188 0.058692
v -0.111243 0.174087 0.049243
v -0.111553 0.168137 0.050245
v -0.110351 0.179319 0.046357
v -0.108985 0.183202 0.041936
v -0.107308 0.185269 0.036511
v -0.105525 0.185269 0.030740
v -0.103848 0.183202 0.025315
v -0.102482 0.179319 0.020894
v -0.101590 0.174087 0.018008
v -0.101280 0.168137 0.017006
v -0.101590 0.162188 0.018008
v -0.102482 0.156956 0.020894
v -0.103848 0.153073 0.025315
v -0.105525 0.151006 0.030740
v -0.107308 0.151006 0.036511
v -0.108985 0.153073 0.041936
v -0.110351 0.156956 0.046357
v -0.111243 0.162188 0.049243
v -0.141816 0.174087 0.039795
v -0.142126 0.168137 0.040797
v -0.140924 0.179319 0.036908
v -0.139558 0.183202 0.032487
v -0.137882 0.185269 0.027062
v -0.136098 0.185269 0.021291
v -0.134422 0.183202 0.015867
v -0.133055 0.179319 0.011445
v -0.132163 0.174087 0.008559
v -0.131854 0.168137 0.007558
v -0.132163 0.162188 0.008559
v -0.133055 0.156956 0.011445
v -0.134422 0.153073 0.015867
v -0.136098 0.151006 0.021291
v -0.137882 0.151006 0.027062
v -0.139558 0.153073 0.032487
v -0.140924 0.156956 0.036908
v -0.141816 0.162188 0.039795
v -0.172390 0.174087 0.030347
v -0.172699 0.168137 0.031348
v -0.171498 0.179319 0.027459
v -0.170131 0.183202 0.023038
v -0.168455 0.185269 0.017614
v -0.166671 0.185269 0.011843
v -0.164995 0.183202 0.006418
v -0.163628 0.179319 0.001997
v -0.162737 0.174087 -0.000889
v -0.162427 0.168137 -0.001891
v -0.162737 0.162188 -0.000889
v -0.163628 0.156956 0.001997
v -0.164995 0.153073 0.006418
v -0.166671 0.151006 0.011843
v -0.168455 0.151006 0.017614
v -0.170131 0.153073 0.023038
v -0.171498 0.156956 0.027459
v -0.172390 0.162188 0.030347
v -0.167563 0.168137 0.014728
v -0.229315 1.060971 0.756431
v -0.233250 1.072152 0.769163
v -0.234142 1.066920 0.772048
v -0.234452 1.060971 0.773052
v -0.230207 1.078102 0.759316
v -0.231884 1.076035 0.764741
v -0.226747 1.076035 0.748122
v -0.228424 1.078102 0.753546
v -0.224489 1.066920 0.740815
v -0.225381 1.072152 0.743699
v -0.224489 1.055021 0.740815
v -0.224179 1.060971 0.739811
v -0.226747 1.045906 0.748122
v -0.225381 1.049789 0.743699
v -0.230207 1.043839 0.759316
v -0.228424 1.043839 0.753546
v -0.233250 1.049789 0.769163
v -0.231884 1.045906 0.764741
v -0.234142 1.055021 0.772048
v -0.264715 1.066920 0.762600
v -0.265025 1.060971 0.763603
v -0.263823 1.072152 0.759714
v -0.262457 1.076035 0.755292
v -0.260781 1.078102 0.749868
v -0.258997 1.078102 0.744098
v -0.257321 1.076035 0.738673
v -0.255954 1.072152 0.734251
v -0.255062 1.066920 0.731366
v -0.254752 1.060971 0.730364
v -0.255062 1.055021 0.731366
v -0.255954 1.049789 0.734251
v -0.257321 1.045906 0.738673
v -0.258997 1.043839 0.744098
v -0.260781 1.043839 0.749868
v -0.262457 1.045906 0.755292
v -0.263823 1.049789 0.759714
v -0.264715 1.055021 0.762600
v -0.295289 1.066920 0.753151
v -0.295598 1.060971 0.754155
v -0.294397 1.072152 0.750265
v -0.293030 1.076035 0.745845
v -0.291354 1.078102 0.740421
v -0.289570 1.078102 0.734649
v -0.287894 1.076035 0.729225
v -0.286527 1.072152 0.724802
v -0.285635 1.066920 0.721917
v -0.285326 1.060971 0.720915
v -0.285635 1.055021 0.721917
v -0.286527 1.049789 0.724802
v -0.287894 1.045906 0.729225
v -0.289570 1.043839 0.734649
v -0.291354 1.043839 0.740421
v -0.293030 1.045906 0.745845
v -0.294397 1.049789 0.750265
v -0.295289 1.055021 0.753151
v -0.325862 1.066920 0.743704
v -0.326172 1.060971 0.744706
v -0.324970 1.072152 0.740816
v -0.323603 1.076035 0.736396
v -0.321927 1.078102 0.730973
v -0.320143 1.078102 0.725200
v -0.318467 1.076035 0.719777
v -0.317101 1.072152 0.715353
v -0.316209 1.066920 0.712468
v -0.315899 1.060971 0.711467
v -0.316209 1.055021 0.712468
v -0.317101 1.049789 0.715353
v -0.318467 1.045906 0.719777
v -0.320143 1.043839 0.725200
v -0.321927 1.043839 0.730973
v -0.323603 1.045906 0.736396
v -0.324970 1.049789 0.740816
v -0.325862 1.055021 0.743704
v -0.356435 1.066920 0.734256
v -0.356745 1.060971 0.735257
v -0.355543 1.072152 0.731368
v -0.354177 1.076035 0.726947
v -0.352500 1.078102 0.721524
v -0.350717 1.078102 0.715752
v -0.349040 1.076035 0.710328
v -0.347674 1.072152 0.705905
v -0.346782 1.066920 0.703019
v -0.346472 1.060971 0.702018
v -0.346782 1.055021 0.703019
v -0.347674 1.049789 0.705905
v -0.349040 1.045906 0.710328
v -0.350717 1.043839 0.715752
v -0.352500 1.043839 0.721524
v -0.354177 1.045906 0.726947
v -0.355543 1.049789 0.731368
v -0.356435 1.055021 0.734256
v -0.387008 1.066920 0.724807
v -0.387318 1.060971 0.725809
v -0.386116 1.072152 0.721920
v -0.384750 1.076035 0.717499
v -0.383074 1.078102 0.712075
v -0.381290 1.078102 0.706303
v -0.379614 1.076035 0.700879
v -0.378247 1.072152 0.696457
v -0.377355 1.066920 0.693571
v -0.377046 1.060971 0.692569
v -0.377355 1.055021 0.693571
v -0.378247 1.049789 0.696457
v -0.379614 1.045906 0.700879
v -0.381290 1.043839 0.706303
v -0.383074 1.043839 0.712075
v -0.384750 1.045906 0.717499
v -0.386116 1.049789 0.721920
v -0.387008 1.055021 0.724807
v -0.382182 1.060971 0.709188
v -0.152287 0.164682 0.014165
v -0.148993 0.161043 0.019836
v -0.151446 0.160218 0.020133
v -0.154000 0.159932 0.019710
v -0.145527 0.163857 0.017308
v -0.146938 0.162307 0.018854
v -0.145224 0.167057 0.013310
v -0.144932 0.165507 0.015383
v -0.148226 0.169146 0.009712
v -0.146368 0.168321 0.011340
v -0.153127 0.169146 0.008197
v -0.150573 0.169432 0.008619
v -0.157635 0.167057 0.009475
v -0.155580 0.168321 0.008493
v -0.159641 0.163857 0.012947
v -0.159046 0.165507 0.011021
v -0.158205 0.161043 0.016990
v -0.159349 0.162307 0.015019
v -0.156348 0.160218 0.018618
v -0.194459 0.338204 0.159314
v -0.197013 0.337917 0.158890
v -0.192006 0.339029 0.159016
v -0.189951 0.340293 0.158036
v -0.188540 0.341843 0.156488
v -0.187945 0.343493 0.154562
v -0.188237 0.345043 0.152490
v -0.189381 0.346307 0.150521
v -0.191238 0.347131 0.148891
v -0.193586 0.347418 0.147799
v -0.196140 0.347131 0.147376
v -0.198593 0.346307 0.147673
v -0.200648 0.345043 0.148653
v -0.202059 0.343493 0.150202
v -0.202654 0.341843 0.152127
v -0.202362 0.340293 0.154199
v -0.201218 0.339029 0.156168
v -0.199360 0.338204 0.157798
v -0.237472 0.516189 0.298492
v -0.240026 0.515903 0.298069
v -0.235019 0.517014 0.298196
v -0.232963 0.518278 0.297214
v -0.231553 0.519828 0.295668
v -0.230958 0.521478 0.293743
v -0.231250 0.523028 0.291671
v -0.232393 0.524292 0.289699
v -0.234251 0.525117 0.288071
v -0.236598 0.525404 0.286980
v -0.239152 0.525117 0.286557
v -0.241605 0.524292 0.286853
v -0.243661 0.523028 0.287834
v -0.245071 0.521478 0.289380
v -0.245666 0.519828 0.291306
v -0.245374 0.518278 0.293380
v -0.244231 0.517014 0.295349
v -0.242373 0.516189 0.296977
v -0.280484 0.694175 0.437672
v -0.283038 0.693889 0.437250
v -0.278031 0.695000 0.437375
v -0.275976 0.696264 0.436395
v -0.274566 0.697814 0.434848
v -0.273970 0.699464 0.432923
v -0.274262 0.701014 0.430849
v -0.275406 0.702278 0.428881
v -0.277264 0.703103 0.427252
v -0.279611 0.703389 0.426159
v -0.282165 0.703103 0.425735
v -0.284618 0.702278 0.426032
v -0.286673 0.701014 0.427013
v -0.288084 0.699464 0.428561
v -0.288679 0.697814 0.430487
v -0.288387 0.696264 0.432558
v -0.287243 0.695000 0.434529
v -0.285386 0.694175 0.436158
v -0.323497 0.872161 0.576853
v -0.326051 0.871874 0.576428
v -0.321044 0.872986 0.576556
v -0.318989 0.874250 0.575574
v -0.317578 0.875800 0.574027
v -0.316983 0.877450 0.572101
v -0.317275 0.879000 0.570030
v -0.318419 0.880264 0.568059
v -0.320276 0.881088 0.566430
v -0.322624 0.881375 0.565338
v -0.325178 0.881088 0.564916
v -0.327631 0.880264 0.565213
v -0.329686 0.879000 0.566193
v -0.331096 0.877450 0.567740
v -0.331692 0.875800 0.569666
v -0.331400 0.874250 0.571740
v -0.330256 0.872986 0.573707
v -0.328398 0.872161 0.575336
v -0.366510 1.050147 0.716032
v -0.369064 1.049860 0.715608
v -0.364057 1.050972 0.715734
v -0.362001 1.052235 0.714754
v -0.360591 1.053786 0.713208
v -0.359996 1.055435 0.711282
v -0.360288 1.056986 0.709209
v -0.361431 1.058249 0.707240
v -0.363289 1.059074 0.705611
v -0.365636 1.059361 0.704519
v -0.368190 1.059074 0.704096
v -0.370643 1.058249 0.704392
v -0.372699 1.056986 0.705374
v -0.374109 1.055435 0.706920
v -0.374704 1.053786 0.708845
v -0.374412 1.052235 0.710918
v -0.373269 1.050972 0.712889
v -0.371411 1.050147 0.714517
v -0.367350 1.054610 0.710063
v -0.021716 0.164682 0.054517
v -0.018423 0.161043 0.060188
v -0.020875 0.160218 0.060485
v -0.023430 0.159932 0.060062
v -0.014957 0.163857 0.057659
v -0.016367 0.162307 0.059208
v -0.014653 0.167057 0.053662
v -0.014362 0.165507 0.055734
v -0.017655 0.169146 0.050064
v -0.015797 0.168321 0.051693
v -0.022556 0.169146 0.048549
v -0.020002 0.169432 0.048973
v -0.027065 0.167057 0.049826
v -0.025009 0.168321 0.048845
v -0.029070 0.163857 0.053299
v -0.028475 0.165507 0.051373
v -0.027635 0.161043 0.057341
v -0.028778 0.162307 0.055371
v -0.025777 0.160218 0.058970
v -0.063888 0.338204 0.199664
v -0.066442 0.337917 0.199242
v -0.061435 0.339029 0.199367
v -0.059380 0.340293 0.198387
v -0.057969 0.341843 0.196841
v -0.057374 0.343493 0.194915
v -0.057666 0.345043 0.192841
v -0.058810 0.346307 0.190873
v -0.060667 0.347131 0.189244
v -0.063015 0.347418 0.188152
v -0.065569 0.347131 0.187728
v -0.068022 0.346307 0.188025
v -0.070077 0.345043 0.189007
v -0.071488 0.343493 0.190554
v -0.072083 0.341843 0.192479
v -0.071791 0.340293 0.194551
v -0.070647 0.339029 0.196521
v -0.068790 0.338204 0.198150
v -0.106901 0.516190 0.338845
v -0.109455 0.515903 0.338422
v -0.104448 0.517014 0.338549
v -0.102393 0.518278 0.337567
v -0.100982 0.519828 0.336020
v -0.100387 0.521478 0.334094
v -0.100679 0.523028 0.332023
v -0.101823 0.524292 0.330051
v -0.103680 0.525117 0.328422
v -0.106028 0.525404 0.327331
v -0.108582 0.525117 0.326908
v -0.111034 0.524292 0.327206
v -0.113090 0.523028 0.328185
v -0.114500 0.521478 0.329734
v -0.115096 0.519828 0.331659
v -0.114804 0.518278 0.333732
v -0.113660 0.517014 0.335700
v -0.111802 0.516190 0.337329
v -0.149914 0.694175 0.478023
v -0.152468 0.693889 0.477601
v -0.147461 0.695000 0.477727
v -0.145405 0.696264 0.476746
v -0.143995 0.697814 0.475200
v -0.143400 0.699464 0.473275
v -0.143692 0.701014 0.471201
v -0.144835 0.702278 0.469231
v -0.146693 0.703103 0.467604
v -0.149040 0.703389 0.466512
v -0.151594 0.703103 0.466088
v -0.154047 0.702278 0.466384
v -0.156103 0.701014 0.467366
v -0.157513 0.699464 0.468912
v -0.158108 0.697814 0.470838
v -0.157816 0.696264 0.472910
v -0.156673 0.695000 0.474881
v -0.154815 0.694175 0.476509
v -0.192926 0.872161 0.617205
v -0.195480 0.871874 0.616782
v -0.190473 0.872986 0.616907
v -0.188418 0.874250 0.615927
v -0.187007 0.875800 0.614379
v -0.186412 0.877450 0.612453
v -0.186704 0.879000 0.610381
v -0.187848 0.880264 0.608413
v -0.189705 0.881088 0.606782
v -0.192053 0.881375 0.605691
v -0.194607 0.881088 0.605267
v -0.197060 0.880264 0.605564
v -0.199115 0.879000 0.606545
v -0.200526 0.877450 0.608093
v -0.201121 0.875800 0.610019
v -0.200829 0.874250 0.612090
v -0.199685 0.872986 0.614060
v -0.197828 0.872161 0.615690
v -0.235939 1.050147 0.756385
v -0.238493 1.049860 0.755960
v -0.233486 1.050972 0.756088
v -0.231431 1.052235 0.755106
v -0.230020 1.053785 0.753559
v -0.229425 1.055435 0.751634
v -0.229717 1.056986 0.749562
v -0.230861 1.058249 0.747591
v -0.232718 1.059074 0.745963
v -0.235066 1.059361 0.744871
v -0.237620 1.059074 0.744449
v -0.240073 1.058249 0.744745
v -0.242128 1.056986 0.745726
v -0.243538 1.055435 0.747272
v -0.244134 1.053785 0.749197
v -0.243842 1.052235 0.751271
v -0.242698 1.050972 0.753240
v -0.240840 1.050147 0.754868
v -0.236779 1.054610 0.750416
v -0.309833 1.103484 0.736576
v -0.342728 1.132931 0.723712
v -0.350713 1.119152 0.722507
v -0.353768 1.103484 0.722998
v -0.316296 1.148599 0.730447
v -0.330775 1.143157 0.726470
v -0.286840 1.143157 0.740047
v -0.301038 1.148599 0.735163
v -0.268142 1.119152 0.748024
v -0.275416 1.132931 0.744514
v -0.268952 1.087816 0.750644
v -0.265897 1.103484 0.750153
v -0.288890 1.063811 0.746681
v -0.276937 1.074038 0.749438
v -0.318627 1.058370 0.737988
v -0.303369 1.058370 0.742703
v -0.344250 1.074038 0.728636
v -0.332825 1.063811 0.733103
v -0.351523 1.087816 0.725126
v -0.321815 1.110590 0.628998
v -0.324869 1.094922 0.629488
v -0.313830 1.124368 0.630204
v -0.301877 1.134595 0.632962
v -0.287398 1.140036 0.636938
v -0.272140 1.140036 0.641654
v -0.257942 1.134595 0.646540
v -0.246517 1.124368 0.651007
v -0.239244 1.110590 0.654516
v -0.236999 1.094922 0.656645
v -0.240053 1.079253 0.657135
v -0.248039 1.065475 0.655929
v -0.259992 1.055249 0.653172
v -0.274470 1.049807 0.649196
v -0.289729 1.049807 0.644480
v -0.303927 1.055249 0.639594
v -0.315351 1.065475 0.635127
v -0.322625 1.079253 0.631617
v -0.292917 1.102027 0.535489
v -0.295971 1.086359 0.535980
v -0.284932 1.115805 0.536695
v -0.272979 1.126032 0.539452
v -0.258500 1.131473 0.543428
v -0.243241 1.131473 0.548145
v -0.229043 1.126032 0.553030
v -0.217619 1.115805 0.557498
v -0.210346 1.102027 0.561007
v -0.208101 1.086359 0.563136
v -0.211155 1.070691 0.563626
v -0.219140 1.056913 0.562421
v -0.231093 1.046686 0.559663
v -0.245572 1.041244 0.555686
v -0.260831 1.041244 0.550971
v -0.275028 1.046686 0.546084
v -0.286453 1.056912 0.541617
v -0.293726 1.070691 0.538107
v -0.264018 1.093464 0.441979
v -0.267073 1.077796 0.442471
v -0.256033 1.107243 0.443187
v -0.244080 1.117469 0.445944
v -0.229601 1.122911 0.449920
v -0.214343 1.122911 0.454636
v -0.200145 1.117469 0.459522
v -0.188721 1.107243 0.463989
v -0.181447 1.093464 0.467498
v -0.179202 1.077796 0.469626
v -0.182257 1.062128 0.470117
v -0.190242 1.048350 0.468912
v -0.202195 1.038123 0.466154
v -0.216674 1.032682 0.462178
v -0.231932 1.032682 0.457463
v -0.246130 1.038123 0.452576
v -0.257555 1.048350 0.448109
v -0.264828 1.062128 0.444600
v -0.235120 1.084902 0.348472
v -0.238174 1.069233 0.348962
v -0.227135 1.098680 0.349677
v -0.215182 1.108907 0.352435
v -0.200703 1.114348 0.356410
v -0.185445 1.114348 0.361126
v -0.171247 1.108907 0.366013
v -0.159822 1.098680 0.370480
v -0.152549 1.084902 0.373989
v -0.150304 1.069233 0.376118
v -0.153358 1.053565 0.376609
v -0.161344 1.039787 0.375402
v -0.173296 1.029560 0.372644
v -0.187775 1.024119 0.368668
v -0.203034 1.024119 0.363953
v -0.217232 1.029560 0.359066
v -0.228656 1.039787 0.354599
v -0.235930 1.053565 0.351089
v -0.206222 1.076339 0.254961
v -0.209276 1.060671 0.255454
v -0.198237 1.090117 0.256169
v -0.186284 1.100344 0.258925
v -0.171805 1.105785 0.262902
v -0.156546 1.105785 0.267618
v -0.142348 1.100344 0.272503
v -0.130924 1.090117 0.276970
v -0.123651 1.076339 0.280479
v -0.121406 1.060671 0.282608
v -0.124460 1.045003 0.283101
v -0.132445 1.031224 0.281894
v -0.144398 1.020998 0.279136
v -0.158877 1.015556 0.275161
v -0.174136 1.015556 0.270444
v -0.188333 1.020998 0.265559
v -0.199758 1.031224 0.261091
v -0.207031 1.045003 0.257583
v -0.165341 1.060671 0.269031
vn -0.9554 -0.0000 -0.2953
vn -0.8081 -0.4771 0.3455
vn -0.8461 -0.2539 0.4686
vn -0.8593 -0.0000 0.5114
vn -0.6782 -0.7311 -0.0747
vn -0.7498 -0.6429 0.1568
vn -0.5306 -0.6429 -0.5525
vn -0.6021 -0.7310 -0.3210
vn -0.4342 -0.2539 -0.8643
vn -0.4723 -0.4771 -0.7412
vn -0.4342 0.2539 -0.8643
vn -0.4210 -0.0000 -0.9071
vn -0.5306 0.6429 -0.5525
vn -0.4723 0.4771 -0.7412
vn -0.6782 0.7311 -0.0747
vn -0.6021 0.7310 -0.3210
vn -0.8081 0.4771 0.3455
vn -0.7498 0.6429 0.1568
vn -0.8461 0.2539 0.4686
vn -0.2775 -0.3420 0.8978
vn -0.2953 -0.0000 0.9554
vn -0.2262 -0.6428 0.7319
vn -0.1476 -0.8660 0.4777
vn -0.0513 -0.9848 0.1659
vn 0.0513 -0.9848 -0.1659
vn 0.1476 -0.8660 -0.4777
vn 0.2262 -0.6428 -0.7319
vn 0.2774 -0.3420 -0.8978
vn 0.2952 -0.0000 -0.9554
vn 0.2774 0.3420 -0.8978
vn 0.2262 0.6428 -0.7319
vn 0.1476 0.8660 -0.4777
vn 0.0513 0.9848 -0.1659
vn -0.0513 0.9848 0.1659
vn -0.1476 0.8660 0.4777
vn -0.2262 0.6428 0.7319
vn -0.2775 0.3420 0.8978
vn 0.2775 -0.3420 -0.8978
vn 0.2953 -0.0000 -0.9554
vn 0.2775 0.3420 -0.8978
vn 0.4342 -0.2539 0.8643
vn 0.4210 -0.0000 0.9071
vn 0.4723 -0.4771 0.7412
vn 0.5306 -0.6429 0.5524
vn 0.6021 -0.7310 0.3210
vn 0.6782 -0.7311 0.0747
vn 0.7498 -0.6429 -0.1568
vn 0.8081 -0.4772 -0.3455
vn 0.8461 -0.2539 -0.4686
vn 0.8593 -0.0000 -0.5114
vn 0.8461 0.2539 -0.4686
vn 0.8081 0.4772 -0.3455
vn 0.7498 0.6429 -0.1568
vn 0.6782 0.7311 0.0747
vn 0.6021 0.7310 0.3210
vn 0.5306 0.6429 0.5524
vn 0.4723 0.4771 0.7412
vn 0.4342 0.2539 0.8643
vn 0.9554 -0.0000 0.2953
vn -0.8081 -0.4772 0.3454
vn -0.8461 -0.2539 0.4687
vn -0.4723 -0.4772 -0.7411
vn -0.4723 0.4772 -0.7411
vn -0.8081 0.4772 0.3454
vn -0.8461 0.2539 0.4687
vn -0.2774 -0.3420 0.8978
vn -0.2774 0.3420 0.8978
vn -0.2952 -0.0000 0.9554
vn 0.4723 -0.4772 0.7411
vn 0.5306 -0.6429 0.5525
vn 0.8081 -0.4772 -0.3454
vn 0.8594 -0.0000 -0.5113
vn 0.8081 0.4772 -0.3454
vn 0.5306 0.6429 0.5525
vn 0.4723 0.4772 0.7411
vn 0.4342 0.2538 0.8643
vn 0.6021 0.7311 0.3210
vn 0.7498 0.6428 -0.1567
vn 0.8461 0.2538 -0.4686
vn 0.8461 -0.2538 -0.4686
vn 0.8594 -0.0000 -0.5114
vn 0.7498 -0.6428 -0.1568
vn 0.6782 -0.7311 0.0746
vn 0.4723 -0.4771 0.7411
vn -0.0513 0.9848 0.1660
vn 0.0513 0.9848 -0.1660
vn 0.0513 -0.9848 -0.1660
vn -0.0513 -0.9848 0.1660
vn -0.1477 0.8660 0.4777
vn -0.1477 -0.8660 0.4777
vn -0.2775 -0.3421 0.8978
vn -0.8594 -0.0000 0.5114
vn -0.6782 0.7310 -0.0747
vn -0.6021 0.7311 -0.3210
vn -0.5306 0.6428 -0.5525
vn -0.4722 0.4772 -0.7411
vn -0.4343 -0.2539 -0.8643
vn -0.4722 -0.4772 -0.7411
vn -0.5306 -0.6428 -0.5525
vn -0.6021 -0.7311 -0.3210
vn -0.6782 -0.7310 -0.0746
vn 0.4209 -0.0000 0.9071
vn 0.5305 0.6429 0.5525
vn 0.7498 0.6428 -0.1568
vn 0.6782 0.7311 0.0746
vn 0.8462 0.2539 -0.4686
vn 0.8080 0.4772 -0.3455
vn 0.8462 -0.2539 -0.4686
vn 0.8593 -0.0000 -0.5115
vn 0.8080 -0.4772 -0.3455
vn 0.5305 -0.6429 0.5525
vn -0.2775 0.3421 0.8978
vn -0.1477 0.8660 0.4778
vn 0.2775 -0.3419 -0.8978
vn -0.1476 -0.8660 0.4778
vn 0.2775 0.3419 -0.8978
vn -0.1477 -0.8660 0.4778
vn -0.2262 0.6428 0.7318
vn -0.1476 0.8660 0.4778
vn -0.2262 -0.6428 0.7318
vn -0.8080 0.4772 0.3455
vn -0.7498 0.6428 0.1568
vn -0.6782 0.7310 -0.0746
vn -0.7498 -0.6428 0.1568
vn -0.8080 -0.4772 0.3455
vn 0.1870 -0.7739 -0.6051
vn 0.4513 -0.8786 0.1560
vn 0.2084 -0.9604 0.1852
vn -0.0444 -0.9887 0.1434
vn 0.7943 -0.6002 -0.0943
vn 0.6546 -0.7537 0.0586
vn 0.8243 -0.2834 -0.4901
vn 0.8532 -0.4368 -0.2850
vn 0.5273 -0.0767 -0.8462
vn 0.7110 -0.1583 -0.6851
vn 0.0422 -0.0767 -0.9962
vn 0.2950 -0.0484 -0.9543
vn -0.4041 -0.2835 -0.8697
vn -0.2006 -0.1583 -0.9668
vn -0.6026 -0.6002 -0.5260
vn -0.5438 -0.4368 -0.7166
vn -0.4605 -0.8787 -0.1259
vn -0.5737 -0.7536 -0.3208
vn -0.2767 -0.9603 0.0353
vn 0.1120 -0.5952 0.7957
vn -0.2286 -0.6334 0.7393
vn 0.4392 -0.4851 0.7561
vn 0.7132 -0.3167 0.6254
vn 0.9012 -0.1100 0.4192
vn 0.9806 0.1100 0.1623
vn 0.9417 0.3167 -0.1140
vn 0.7892 0.4852 -0.3766
vn 0.5415 0.5952 -0.5938
vn 0.2285 0.6334 -0.7393
vn -0.1120 0.5952 -0.7957
vn -0.4391 0.4852 -0.7562
vn -0.7132 0.3167 -0.6254
vn -0.9012 0.1100 -0.4192
vn -0.9806 -0.1100 -0.1624
vn -0.9417 -0.3167 0.1140
vn -0.7892 -0.4852 0.3766
vn -0.5415 -0.5952 0.5938
vn 0.4391 -0.4852 0.7562
vn 0.9806 0.1100 0.1624
vn 0.9417 0.3166 -0.1139
vn 0.2286 0.6334 -0.7393
vn -0.9012 0.1100 -0.4191
vn -0.9806 -0.1100 -0.1623
vn -0.9417 -0.3167 0.1139
vn -0.5414 -0.5952 0.5938
vn 0.4392 -0.4852 0.7561
vn 0.7132 -0.3166 0.6253
vn 0.7891 0.4852 -0.3766
vn -0.7132 0.3166 -0.6253
vn 0.2285 0.6334 -0.7394
vn -0.4390 0.4852 -0.7562
vn -0.9416 -0.3167 0.1140
vn -0.7891 -0.4852 0.3766
vn -0.0421 0.0768 0.9962
vn -0.2951 0.0483 0.9543
vn 0.2006 0.1582 0.9668
vn 0.4042 0.2833 0.8697
vn 0.5436 0.4370 0.7166
vn 0.6026 0.6002 0.5260
vn 0.5736 0.7536 0.3210
vn 0.4606 0.8787 0.1259
vn 0.2767 0.9603 -0.0352
vn 0.0442 0.9887 -0.1434
vn -0.2086 0.9603 -0.1852
vn -0.4512 0.8787 -0.1559
vn -0.6547 0.7536 -0.0586
vn -0.7943 0.6001 0.0942
vn -0.8531 0.4370 0.2849
vn -0.8243 0.2834 0.4900
vn -0.7111 0.1585 0.6850
vn -0.5273 0.0768 0.8462
vn -0.1870 0.7739 0.6051
vn 0.1870 -0.7738 -0.6051
vn 0.4511 -0.8787 0.1559
vn 0.2086 -0.9603 0.1852
vn -0.0443 -0.9887 0.1435
vn 0.7942 -0.6002 -0.0945
vn 0.6548 -0.7535 0.0587
vn 0.8243 -0.2833 -0.4901
vn 0.8531 -0.4371 -0.2849
vn 0.5272 -0.0766 -0.8463
vn 0.7111 -0.1583 -0.6851
vn 0.0423 -0.0766 -0.9962
vn -0.4042 -0.2834 -0.8697
vn -0.2007 -0.1584 -0.9668
vn -0.5437 -0.4368 -0.7166
vn -0.4606 -0.8786 -0.1259
vn -0.5736 -0.7536 -0.3209
vn -0.2766 -0.9603 0.0352
vn 0.1122 -0.5952 0.7957
vn -0.2284 -0.6334 0.7394
vn -0.7892 -0.4852 0.3765
vn -0.5416 -0.5951 0.5937
vn -0.2285 -0.6334 0.7394
vn 0.7892 0.4852 -0.3765
vn -0.1121 0.5952 -0.7957
vn -0.9806 -0.1099 -0.1624
vn -0.5415 -0.5952 0.5937
vn 0.4390 -0.4852 0.7562
vn 0.9417 0.3167 -0.1139
vn 0.5414 0.5952 -0.5938
vn -0.1119 0.5952 -0.7957
vn -0.9012 0.1099 -0.4191
vn 0.1121 -0.5952 0.7957
vn -0.2285 -0.6334 0.7393
vn -0.5416 -0.5952 0.5937
vn -0.0422 0.0768 0.9962
vn -0.2951 0.0483 0.9542
vn 0.2007 0.1585 0.9667
vn 0.4041 0.2835 0.8697
vn 0.5437 0.4368 0.7166
vn 0.5740 0.7534 0.3208
vn 0.4605 0.8787 0.1259
vn 0.2768 0.9603 -0.0353
vn 0.0443 0.9887 -0.1434
vn -0.2084 0.9603 -0.1856
vn -0.6547 0.7536 -0.0587
vn -0.7942 0.6002 0.0944
vn -0.8533 0.4368 0.2848
vn -0.8243 0.2834 0.4901
vn -0.7111 0.1584 0.6851
vn -0.5271 0.0766 0.8463
vn -0.1870 0.7738 0.6051
vn -0.2941 0.0872 0.9518
vn -0.7281 0.5337 0.4301
vn -0.8570 0.3113 0.4106
vn -0.9063 0.0584 0.4185
vn -0.3014 0.7867 0.5388
vn -0.5352 0.6988 0.4746
vn 0.1741 0.6988 0.6938
vn -0.0551 0.7867 0.6149
vn 0.4759 0.3113 0.8225
vn 0.3585 0.5337 0.7659
vn 0.4628 -0.1945 0.8648
vn 0.5122 0.0584 0.8569
vn 0.1410 -0.5820 0.8008
vn 0.3339 -0.4169 0.8454
vn -0.3391 -0.6699 0.6605
vn -0.0928 -0.6699 0.7367
vn -0.7527 -0.4170 0.5096
vn -0.5682 -0.5820 0.5817
vn -0.8701 -0.1945 0.4529
vn -0.8890 0.3407 -0.3059
vn -0.7154 0.6403 -0.2797
vn -0.4554 0.8627 -0.2197
vn -0.1406 0.9811 -0.1333
vn 0.1912 0.9811 -0.0307
vn 0.5000 0.8627 0.0755
vn 0.7484 0.6403 0.1727
vn 0.9066 0.3407 0.2490
vn 0.8890 -0.3407 0.3059
vn 0.7153 -0.6404 0.2797
vn 0.4554 -0.8627 0.2197
vn 0.1406 -0.9811 0.1333
vn -0.1913 -0.9811 0.0307
vn -0.5000 -0.8627 -0.0755
vn -0.7484 -0.6404 -0.1727
vn -0.9066 -0.3407 -0.2490
vn 0.7154 -0.6403 0.2797
vn -0.7484 -0.6403 -0.1727
vn -0.1912 -0.9811 0.0307
vn 0.7153 -0.6403 0.2797
vn -0.4628 0.1945 -0.8648
vn -0.5122 -0.0584 -0.8569
vn -0.3340 0.4170 -0.8454
vn -0.1410 0.5820 -0.8008
vn 0.0928 0.6699 -0.7367
vn 0.3390 0.6699 -0.6605
vn 0.5682 0.5820 -0.5817
vn 0.7527 0.4169 -0.5096
vn 0.8701 0.1945 -0.4529
vn 0.9063 -0.0584 -0.4186
vn 0.8570 -0.3113 -0.4106
vn 0.7281 -0.5338 -0.4301
vn 0.5351 -0.6988 -0.4746
vn 0.3014 -0.7867 -0.5388
vn 0.0551 -0.7867 -0.6149
vn -0.1741 -0.6988 -0.6938
vn -0.3585 -0.5337 -0.7659
vn -0.4759 -0.3113 -0.8225
vn 0.2941 -0.0872 -0.9518
s 1
usemtl 
f 1331//828 1332//829 1333//830 1334//831
f 1331//828 1335//832 1336//833 1332//829
f 1331//828 1337//834 1338//835 1335//832
f 1331//828 1339//836 1340//837 1337//834
f 1331//828 1341//838 1342//839 1339//836
f 1331//828 1343//840 1344//841 1341//838
f 1331//828 1345//842 1346//843 1343//840
f 1331//828 1347//844 1348//845 1345//842
f 1331//828 1334//831 1349//846 1347//844
f 1334//831 1333//830 1350//847 1351//848
f 1333//830 1332//829 1352//849 1350//847
f 1332//829 1336//833 1353//850 1352//849
f 1336//833 1335//832 1354//851 1353//850
f 1335//832 1338//835 1355//852 1354//851
f 1338//835 1337//834 1356//853 1355//852
f 1337//834 1340//837 1357//854 1356//853
f 1340//837 1339//836 1358//855 1357//854
f 1339//836 1342//839 1359//856 1358//855
f 1342//839 1341//838 1360//857 1359//856
f 1341//838 1344//841 1361//858 1360//857
f 1344//841 1343//840 1362//859 1361//858
f 1343//840 1346//843 1363//860 1362//859
f 1346//843 1345//842 1364//861 1363//860
f 1345//842 1348//845 1365//862 1364//861
f 1348//845 1347//844 1366//863 1365//862
f 1347//844 1349//846 1367//864 1366//863
f 1349//846 1334//831 1351//848 1367//864
f 1351//848 1350//847 1368//847 1369//848
f 1350//847 1352//849 1370//849 1368//847
f 1352//849 1353//850 1371//850 1370//849
f 1353//850 1354//851 1372//851 1371//850
f 1354//851 1355//852 1373//852 1372//851
f 1355//852 1356//853 1374//853 1373//852
f 1356//853 1357//854 1375//854 1374//853
f 1357//854 1358//855 1376//865 1375//854
f 1358//855 1359//856 1377//866 1376//865
f 1359//856 1360//857 1378//867 1377//866
f 1360//857 1361//858 1379//858 1378//867
f 1361//858 1362//859 1380//859 1379//858
f 1362//859 1363//860 1381//860 1380//859
f 1363//860 1364//861 1382//861 1381//860
f 1364//861 1365//862 1383//862 1382//861
f 1365//862 1366//863 1384//863 1383//862
f 1366//863 1367//864 1385//864 1384//863
f 1367//864 1351//848 1369//848 1385//864
f 1369//848 1368//847 1386//847 1387//848
f 1368//847 1370//849 1388//849 1386//847
f 1370//849 1371//850 1389//850 1388//849
f 1371//850 1372//851 1390//851 1389//850
f 1372//851 1373//852 1391//852 1390//851
f 1373//852 1374//853 1392//853 1391//852
f 1374//853 1375//854 1393//854 1392//853
f 1375//854 1376//865 1394//865 1393//854
f 1376//865 1377//866 1395//866 1394//865
f 1377//866 1378//867 1396//867 1395//866
f 1378//867 1379//858 1397//858 1396//867
f 1379//858 1380//859 1398//859 1397//858
f 1380//859 1381//860 1399//860 1398//859
f 1381//860 1382//861 1400//861 1399//860
f 1382//861 1383//862 1401//862 1400//861
f 1383//862 1384//863 1402//863 1401//862
f 1384//863 1385//864 1403//864 1402//863
f 1385//864 1369//848 1387//848 1403//864
f 1387//848 1386//847 1404//847 1405//848
f 1386//847 1388//849 1406//849 1404//847
f 1388//849 1389//850 1407//850 1406//849
f 1389//850 1390//851 1408//851 1407//850
f 1390//851 1391//852 1409//852 1408//851
f 1391//852 1392//853 1410//853 1409//852
f 1392//853 1393//854 1411//854 1410//853
f 1393//854 1394//865 1412//865 1411//854
f 1394//865 1395//866 1413//866 1412//865
f 1395//866 1396//867 1414//867 1413//866
f 1396//867 1397//858 1415//858 1414//867
f 1397//858 1398//859 1416//859 1415//858
f 1398//859 1399//860 1417//860 1416//859
f 1399//860 1400//861 1418//861 1417//860
f 1400//861 1401//862 1419//862 1418//861
f 1401//862 1402//863 1420//863 1419//862
f 1402//863 1403//864 1421//864 1420//863
f 1403//864 1387//848 1405//848 1421//864
f 1405//848 1404//847 1422//868 1423//869
f 1404//847 1406//849 1424//870 1422//868
f 1406//849 1407//850 1425//871 1424//870
f 1407//850 1408//851 1426//872 1425//871
f 1408//851 1409//852 1427//873 1426//872
f 1409//852 1410//853 1428//874 1427//873
f 1410//853 1411//854 1429//875 1428//874
f 1411//854 1412//865 1430//876 1429//875
f 1412//865 1413//866 1431//877 1430//876
f 1413//866 1414//867 1432//878 1431//877
f 1414//867 1415//858 1433//879 1432//878
f 1415//858 1416//859 1434//880 1433//879
f 1416//859 1417//860 1435//881 1434//880
f 1417//860 1418//861 1436//882 1435//881
f 1418//861 1419//862 1437//883 1436//882
f 1419//862 1420//863 1438//884 1437//883
f 1420//863 1421//864 1439//885 1438//884
f 1421//864 1405//848 1423//869 1439//885
f 1440//886 1439//885 1423//869 1422//868
f 1440//886 1422//868 1424//870 1425//871
f 1440//886 1425//871 1426//872 1427//873
f 1440//886 1427//873 1428//874 1429//875
f 1440//886 1429//875 1430//876 1431//877
f 1440//886 1431//877 1432//878 1433//879
f 1440//886 1433//879 1434//880 1435//881
f 1440//886 1435//881 1436//882 1437//883
f 1440//886 1437//883 1438//884 1439//885
f 1441//828 1442//887 1443//888 1444//831
f 1441//828 1445//832 1446//833 1442//887
f 1441//828 1447//834 1448//835 1445//832
f 1441//828 1449//836 1450//889 1447//834
f 1441//828 1451//838 1452//839 1449//836
f 1441//828 1453//840 1454//890 1451//838
f 1441//828 1455//842 1456//843 1453//840
f 1441//828 1457//891 1458//845 1455//842
f 1441//828 1444//831 1459//892 1457//891
f 1444//831 1443//888 1460//847 1461//848
f 1443//888 1442//887 1462//849 1460//847
f 1442//887 1446//833 1463//850 1462//849
f 1446//833 1445//832 1464//851 1463//850
f 1445//832 1448//835 1465//852 1464//851
f 1448//835 1447//834 1466//853 1465//852
f 1447//834 1450//889 1467//854 1466//853
f 1450//889 1449//836 1468//865 1467//854
f 1449//836 1452//839 1469//866 1468//865
f 1452//839 1451//838 1470//867 1469//866
f 1451//838 1454//890 1471//858 1470//867
f 1454//890 1453//840 1472//859 1471//858
f 1453//840 1456//843 1473//860 1472//859
f 1456//843 1455//842 1474//861 1473//860
f 1455//842 1458//845 1475//862 1474//861
f 1458//845 1457//891 1476//863 1475//862
f 1457//891 1459//892 1477//864 1476//863
f 1459//892 1444//831 1461//848 1477//864
f 1461//848 1460//847 1478//893 1479//848
f 1460//847 1462//849 1480//849 1478//893
f 1462//849 1463//850 1481//850 1480//849
f 1463//850 1464//851 1482//851 1481//850
f 1464//851 1465//852 1483//852 1482//851
f 1465//852 1466//853 1484//853 1483//852
f 1466//853 1467//854 1485//854 1484//853
f 1467//854 1468//865 1486//865 1485//854
f 1468//865 1469//866 1487//866 1486//865
f 1469//866 1470//867 1488//867 1487//866
f 1470//867 1471//858 1489//858 1488//867
f 1471//858 1472//859 1490//859 1489//858
f 1472//859 1473//860 1491//860 1490//859
f 1473//860 1474//861 1492//861 1491//860
f 1474//861 1475//862 1493//862 1492//861
f 1475//862 1476//863 1494//863 1493//862
f 1476//863 1477//864 1495//894 1494//863
f 1477//864 1461//848 1479//848 1495//894
f 1479//848 1478//893 1496//893 1497//895
f 1478//893 1480//849 1498//849 1496//893
f 1480//849 1481//850 1499//850 1498//849
f 1481//850 1482//851 1500//851 1499//850
f 1482//851 1483//852 1501//852 1500//851
f 1483//852 1484//853 1502//853 1501//852
f 1484//853 1485//854 1503//854 1502//853
f 1485//854 1486//865 1504//855 1503//854
f 1486//865 1487//866 1505//856 1504//855
f 1487//866 1488//867 1506//857 1505//856
f 1488//867 1489//858 1507//858 1506//857
f 1489//858 1490//859 1508//859 1507//858
f 1490//859 1491//860 1509//860 1508//859
f 1491//860 1492//861 1510//861 1509//860
f 1492//861 1493//862 1511//862 1510//861
f 1493//862 1494//863 1512//863 1511//862
f 1494//863 1495//894 1513//894 1512//863
f 1495//894 1479//848 1497//895 1513//894
f 1497//895 1496//893 1514//847 1515//848
f 1496//893 1498//849 1516//849 1514//847
f 1498//849 1499//850 1517//850 1516//849
f 1499//850 1500//851 1518//851 1517//850
f 1500//851 1501//852 1519//852 1518//851
f 1501//852 1502//853 1520//853 1519//852
f 1502//853 1503//854 1521//854 1520//853
f 1503//854 1504//855 1522//865 1521//854
f 1504//855 1505//856 1523//866 1522//865
f 1505//856 1506//857 1524//867 1523//866
f 1506//857 1507//858 1525//858 1524//867
f 1507//858 1508//859 1526//859 1525//858
f 1508//859 1509//860 1527//860 1526//859
f 1509//860 1510//861 1528//861 1527//860
f 1510//861 1511//862 1529//862 1528//861
f 1511//862 1512//863 1530//863 1529//862
f 1512//863 1513//894 1531//864 1530//863
f 1513//894 1497//895 1515//848 1531//864
f 1515//848 1514//847 1532//868 1533//869
f 1514//847 1516//849 1534//896 1532//868
f 1516//849 1517//850 1535//897 1534//896
f 1517//850 1518//851 1536//872 1535//897
f 1518//851 1519//852 1537//873 1536//872
f 1519//852 1520//853 1538//874 1537//873
f 1520//853 1521//854 1539//898 1538//874
f 1521//854 1522//865 1540//876 1539//898
f 1522//865 1523//866 1541//899 1540//876
f 1523//866 1524//867 1542//878 1541//899
f 1524//867 1525//858 1543//900 1542//878
f 1525//858 1526//859 1544//880 1543//900
f 1526//859 1527//860 1545//881 1544//880
f 1527//860 1528//861 1546//882 1545//881
f 1528//861 1529//862 1547//901 1546//882
f 1529//862 1530//863 1548//902 1547//901
f 1530//863 1531//864 1549//885 1548//902
f 1531//864 1515//848 1533//869 1549//885
f 1550//886 1549//885 1533//869 1532//868
f 1550//886 1532//868 1534//896 1535//897
f 1550//886 1535//897 1536//872 1537//873
f 1550//886 1537//873 1538//874 1539//898
f 1550//886 1539//898 1540//876 1541//899
f 1550//886 1541//899 1542//878 1543//900
f 1550//886 1543//900 1544//880 1545//881
f 1550//886 1545//881 1546//882 1547//901
f 1550//886 1547//901 1548//902 1549//885
f 1551//886 1552//902 1553//903 1554//869
f 1551//886 1555//904 1556//883 1552//902
f 1551//886 1557//905 1558//881 1555//904
f 1551//886 1559//906 1560//879 1557//905
f 1551//886 1561//907 1562//908 1559//906
f 1551//886 1563//909 1564//875 1561//907
f 1551//886 1565//872 1566//910 1563//909
f 1551//886 1567//911 1568//897 1565//872
f 1551//886 1554//869 1569//868 1567//911
f 1554//869 1553//903 1570//864 1571//848
f 1553//903 1552//902 1572//863 1570//864
f 1552//902 1556//883 1573//862 1572//863
f 1556//883 1555//904 1574//912 1573//862
f 1555//904 1558//881 1575//913 1574//912
f 1558//881 1557//905 1576//859 1575//913
f 1557//905 1560//879 1577//858 1576//859
f 1560//879 1559//906 1578//867 1577//858
f 1559//906 1562//908 1579//866 1578//867
f 1562//908 1561//907 1580//865 1579//866
f 1561//907 1564//875 1581//854 1580//865
f 1564//875 1563//909 1582//853 1581//854
f 1563//909 1566//910 1583//914 1582//853
f 1566//910 1565//872 1584//915 1583//914
f 1565//872 1568//897 1585//850 1584//915
f 1568//897 1567//911 1586//849 1585//850
f 1567//911 1569//868 1587//847 1586//849
f 1569//868 1554//869 1571//848 1587//847
f 1571//848 1570//864 1588//864 1589//848
f 1570//864 1572//863 1590//863 1588//864
f 1572//863 1573//862 1591//862 1590//863
f 1573//862 1574//912 1592//912 1591//862
f 1574//912 1575//913 1593//860 1592//912
f 1575//913 1576//859 1594//859 1593//860
f 1576//859 1577//858 1595//858 1594//859
f 1577//858 1578//867 1596//857 1595//858
f 1578//867 1579//866 1597//866 1596//857
f 1579//866 1580//865 1598//855 1597//866
f 1580//865 1581//854 1599//854 1598//855
f 1581//854 1582//853 1600//853 1599//854
f 1582//853 1583//914 1601//914 1600//853
f 1583//914 1584//915 1602//915 1601//914
f 1584//915 1585//850 1603//850 1602//915
f 1585//850 1586//849 1604//849 1603//850
f 1586//849 1587//847 1605//847 1604//849
f 1587//847 1571//848 1589//848 1605//847
f 1589//848 1588//864 1606//864 1607//848
f 1588//864 1590//863 1608//863 1606//864
f 1590//863 1591//862 1609//862 1608//863
f 1591//862 1592//912 1610//861 1609//862
f 1592//912 1593//860 1611//860 1610//861
f 1593//860 1594//859 1612//859 1611//860
f 1594//859 1595//858 1613//858 1612//859
f 1595//858 1596//857 1614//867 1613//858
f 1596//857 1597//866 1615//866 1614//867
f 1597//866 1598//855 1616//865 1615//866
f 1598//855 1599//854 1617//854 1616//865
f 1599//854 1600//853 1618//853 1617//854
f 1600//853 1601//914 1619//914 1618//853
f 1601//914 1602//915 1620//915 1619//914
f 1602//915 1603//850 1621//850 1620//915
f 1603//850 1604//849 1622//849 1621//850
f 1604//849 1605//847 1623//847 1622//849
f 1605//847 1589//848 1607//848 1623//847
f 1607//848 1606//864 1624//864 1625//848
f 1606//864 1608//863 1626//863 1624//864
f 1608//863 1609//862 1627//916 1626//863
f 1609//862 1610//861 1628//861 1627//916
f 1610//861 1611//860 1629//913 1628//861
f 1611//860 1612//859 1630//859 1629//913
f 1612//859 1613//858 1631//858 1630//859
f 1613//858 1614//867 1632//867 1631//858
f 1614//867 1615//866 1633//866 1632//867
f 1615//866 1616//865 1634//865 1633//866
f 1616//865 1617//854 1635//854 1634//865
f 1617//854 1618//853 1636//853 1635//854
f 1618//853 1619//914 1637//914 1636//853
f 1619//914 1620//915 1638//915 1637//914
f 1620//915 1621//850 1639//917 1638//915
f 1621//850 1622//849 1640//849 1639//917
f 1622//849 1623//847 1641//918 1640//849
f 1623//847 1607//848 1625//848 1641//918
f 1625//848 1624//864 1642//892 1643//919
f 1624//864 1626//863 1644//891 1642//892
f 1626//863 1627//916 1645//845 1644//891
f 1627//916 1628//861 1646//920 1645//845
f 1628//861 1629//913 1647//921 1646//920
f 1629//913 1630//859 1648//922 1647//921
f 1630//859 1631//858 1649//923 1648//922
f 1631//858 1632//867 1650//838 1649//923
f 1632//867 1633//866 1651//839 1650//838
f 1633//866 1634//865 1652//924 1651//839
f 1634//865 1635//854 1653//925 1652//924
f 1635//854 1636//853 1654//926 1653//925
f 1636//853 1637//914 1655//927 1654//926
f 1637//914 1638//915 1656//928 1655//927
f 1638//915 1639//917 1657//833 1656//928
f 1639//917 1640//849 1658//887 1657//833
f 1640//849 1641//918 1659//888 1658//887
f 1641//918 1625//848 1643//919 1659//888
f 1660//828 1659//888 1643//919 1642//892
f 1660//828 1642//892 1644//891 1645//845
f 1660//828 1645//845 1646//920 1647//921
f 1660//828 1647//921 1648//922 1649//923
f 1660//828 1649//923 1650//838 1651//839
f 1660//828 1651//839 1652//924 1653//925
f 1660//828 1653//925 1654//926 1655//927
f 1660//828 1655//927 1656//928 1657//833
f 1660//828 1657//833 1658//887 1659//888
f 1661//886 1662//902 1663//885 1664//929
f 1661//886 1665//882 1666//930 1662//902
f 1661//886 1667//931 1668//932 1665//882
f 1661//886 1669//933 1670//934 1667//931
f 1661//886 1671//935 1672//936 1669//933
f 1661//886 1673//909 1674//937 1671//935
f 1661//886 1675//872 1676//910 1673//909
f 1661//886 1677//896 1678//938 1675//872
f 1661//886 1664//929 1679//868 1677//896
f 1664//929 1663//885 1680//939 1681//848
f 1663//885 1662//902 1682//863 1680//939
f 1662//902 1666//930 1683//862 1682//863
f 1666//930 1665//882 1684//912 1683//862
f 1665//882 1668//932 1685//913 1684//912
f 1668//932 1667//931 1686//859 1685//913
f 1667//931 1670//934 1687//858 1686//859
f 1670//934 1669//933 1688//867 1687//858
f 1669//933 1672//936 1689//866 1688//867
f 1672//936 1671//935 1690//865 1689//866
f 1671//935 1674//937 1691//854 1690//865
f 1674//937 1673//909 1692//853 1691//854
f 1673//909 1676//910 1693//852 1692//853
f 1676//910 1675//872 1694//851 1693//852
f 1675//872 1678//938 1695//850 1694//851
f 1678//938 1677//896 1696//849 1695//850
f 1677//896 1679//868 1697//847 1696//849
f 1679//868 1664//929 1681//848 1697//847
f 1681//848 1680//939 1698//939 1699//848
f 1680//939 1682//863 1700//863 1698//939
f 1682//863 1683//862 1701//940 1700//863
f 1683//862 1684//912 1702//912 1701//940
f 1684//912 1685//913 1703//913 1702//912
f 1685//913 1686//859 1704//859 1703//913
f 1686//859 1687//858 1705//858 1704//859
f 1687//858 1688//867 1706//867 1705//858
f 1688//867 1689//866 1707//866 1706//867
f 1689//866 1690//865 1708//941 1707//866
f 1690//865 1691//854 1709//854 1708//941
f 1691//854 1692//853 1710//853 1709//854
f 1692//853 1693//852 1711//914 1710//853
f 1693//852 1694//851 1712//915 1711//914
f 1694//851 1695//850 1713//942 1712//915
f 1695//850 1696//849 1714//849 1713//942
f 1696//849 1697//847 1715//918 1714//849
f 1697//847 1681//848 1699//848 1715//918
f 1699//848 1698//939 1716//939 1717//848
f 1698//939 1700//863 1718//863 1716//939
f 1700//863 1701//940 1719//940 1718//863
f 1701//940 1702//912 1720//912 1719//940
f 1702//912 1703//913 1721//913 1720//912
f 1703//913 1704//859 1722//859 1721//913
f 1704//859 1705//858 1723//858 1722//859
f 1705//858 1706//867 1724//943 1723//858
f 1706//867 1707//866 1725//866 1724//943
f 1707//866 1708//941 1726//941 1725//866
f 1708//941 1709//854 1727//854 1726//941
f 1709//854 1710//853 1728//853 1727//854
f 1710//853 1711//914 1729//914 1728//853
f 1711//914 1712//915 1730//915 1729//914
f 1712//915 1713//942 1731//944 1730//915
f 1713//942 1714//849 1732//849 1731//944
f 1714//849 1715//918 1733//918 1732//849
f 1715//918 1699//848 1717//848 1733//918
f 1717//848 1716//939 1734//864 1735//848
f 1716//939 1718//863 1736//945 1734//864
f 1718//863 1719//940 1737//946 1736//945
f 1719//940 1720//912 1738//912 1737//946
f 1720//912 1721//913 1739//913 1738//912
f 1721//913 1722//859 1740//859 1739//913
f 1722//859 1723//858 1741//858 1740//859
f 1723//858 1724//943 1742//867 1741//858
f 1724//943 1725//866 1743//866 1742//867
f 1725//866 1726//941 1744//865 1743//866
f 1726//941 1727//854 1745//854 1744//865
f 1727//854 1728//853 1746//853 1745//854
f 1728//853 1729//914 1747//914 1746//853
f 1729//914 1730//915 1748//915 1747//914
f 1730//915 1731//944 1749//942 1748//915
f 1731//944 1732//849 1750//947 1749//942
f 1732//849 1733//918 1751//847 1750//947
f 1733//918 1717//848 1735//848 1751//847
f 1735//848 1734//864 1752//892 1753//919
f 1734//864 1736//945 1754//948 1752//892
f 1736//945 1737//946 1755//949 1754//948
f 1737//946 1738//912 1756//950 1755//949
f 1738//912 1739//913 1757//921 1756//950
f 1739//913 1740//859 1758//922 1757//921
f 1740//859 1741//858 1759//923 1758//922
f 1741//858 1742//867 1760//838 1759//923
f 1742//867 1743//866 1761//839 1760//838
f 1743//866 1744//865 1762//836 1761//839
f 1744//865 1745//854 1763//925 1762//836
f 1745//854 1746//853 1764//926 1763//925
f 1746//853 1747//914 1765//927 1764//926
f 1747//914 1748//915 1766//928 1765//927
f 1748//915 1749//942 1767//951 1766//928
f 1749//942 1750//947 1768//952 1767//951
f 1750//947 1751//847 1769//888 1768//952
f 1751//847 1735//848 1753//919 1769//888
f 1770//828 1769//888 1753//919 1752//892
f 1770//828 1752//892 1754//948 1755//949
f 1770//828 1755//949 1756//950 1757//921
f 1770//828 1757//921 1758//922 1759//923
f 1770//828 1759//923 1760//838 1761//839
f 1770//828 1761//839 1762//836 1763//925
f 1770//828 1763//925 1764//926 1765//927
f 1770//828 1765//927 1766//928 1767//951
f 1770//828 1767//951 1768//952 1769//888
f 1771//953 1772//954 1773//955 1774//956
f 1771//953 1775//957 1776//958 1772//954
f 1771//953 1777//959 1778//960 1775//957
f 1771//953 1779//961 1780//962 1777//959
f 1771//953 1781//963 1782//964 1779//961
f 1771//953 1783//965 1784//966 1781//963
f 1771//953 1785//967 1786//968 1783//965
f 1771//953 1787//969 1788//970 1785//967
f 1771//953 1774//956 1789//971 1787//969
f 1774//956 1773//955 1790//972 1791//973
f 1773//955 1772//954 1792//974 1790//972
f 1772//954 1776//958 1793//975 1792//974
f 1776//958 1775//957 1794//976 1793//975
f 1775//957 1778//960 1795//977 1794//976
f 1778//960 1777//959 1796//978 1795//977
f 1777//959 1780//962 1797//979 1796//978
f 1780//962 1779//961 1798//980 1797//979
f 1779//961 1782//964 1799//981 1798//980
f 1782//964 1781//963 1800//982 1799//981
f 1781//963 1784//966 1801//983 1800//982
f 1784//966 1783//965 1802//984 1801//983
f 1783//965 1786//968 1803//985 1802//984
f 1786//968 1785//967 1804//986 1803//985
f 1785//967 1788//970 1805//987 1804//986
f 1788//970 1787//969 1806//988 1805//987
f 1787//969 1789//971 1807//989 1806//988
f 1789//971 1774//956 1791//973 1807//989
f 1791//973 1790//972 1808//972 1809//973
f 1790//972 1792//974 1810//990 1808//972
f 1792//974 1793//975 1811//975 1810//990
f 1793//975 1794//976 1812//976 1811//975
f 1794//976 1795//977 1813//991 1812//976
f 1795//977 1796//978 1814//992 1813//991
f 1796//978 1797//979 1815//979 1814//992
f 1797//979 1798//980 1816//980 1815//979
f 1798//980 1799//981 1817//993 1816//980
f 1799//981 1800//982 1818//982 1817//993
f 1800//982 1801//983 1819//983 1818//982
f 1801//983 1802//984 1820//984 1819//983
f 1802//984 1803//985 1821//994 1820//984
f 1803//985 1804//986 1822//995 1821//994
f 1804//986 1805//987 1823//996 1822//995
f 1805//987 1806//988 1824//988 1823//996
f 1806//988 1807//989 1825//997 1824//988
f 1807//989 1791//973 1809//973 1825//997
f 1809//973 1808//972 1826//972 1827//973
f 1808//972 1810//990 1828//998 1826//972
f 1810//990 1811//975 1829//999 1828//998
f 1811//975 1812//976 1830//976 1829//999
f 1812//976 1813//991 1831//991 1830//976
f 1813//991 1814//992 1832//978 1831//991
f 1814//992 1815//979 1833//1000 1832//978
f 1815//979 1816//980 1834//980 1833//1000
f 1816//980 1817//993 1835//993 1834//980
f 1817//993 1818//982 1836//982 1835//993
f 1818//982 1819//983 1837//983 1836//982
f 1819//983 1820//984 1838//1001 1837//983
f 1820//984 1821//994 1839//985 1838//1001
f 1821//994 1822//995 1840//986 1839//985
f 1822//995 1823//996 1841//987 1840//986
f 1823//996 1824//988 1842//988 1841//987
f 1824//988 1825//997 1843//989 1842//988
f 1825//997 1809//973 1827//973 1843//989
f 1827//973 1826//972 1844//972 1845//973
f 1826//972 1828//998 1846//974 1844//972
f 1828//998 1829//999 1847//975 1846//974
f 1829//999 1830//976 1848//976 1847//975
f 1830//976 1831//991 1849//991 1848//976
f 1831//991 1832//978 1850//978 1849//991
f 1832//978 1833//1000 1851//1000 1850//978
f 1833//1000 1834//980 1852//980 1851//1000
f 1834//980 1835//993 1853//1002 1852//980
f 1835//993 1836//982 1854//982 1853//1002
f 1836//982 1837//983 1855//1003 1854//982
f 1837//983 1838//1001 1856//1001 1855//1003
f 1838//1001 1839//985 1857//985 1856//1001
f 1839//985 1840//986 1858//986 1857//985
f 1840//986 1841//987 1859//1004 1858//986
f 1841//987 1842//988 1860//1005 1859//1004
f 1842//988 1843//989 1861//989 1860//1005
f 1843//989 1827//973 1845//973 1861//989
f 1845//973 1844//972 1862//1006 1863//1007
f 1844//972 1846//974 1864//1008 1862//1006
f 1846//974 1847//975 1865//1009 1864//1008
f 1847//975 1848//976 1866//1010 1865//1009
f 1848//976 1849//991 1867//1011 1866//1010
f 1849//991 1850//978 1868//1012 1867//1011
f 1850//978 1851//1000 1869//1013 1868//1012
f 1851//1000 1852//980 1870//1014 1869//1013
f 1852//980 1853//1002 1871//1015 1870//1014
f 1853//1002 1854//982 1872//1016 1871//1015
f 1854//982 1855//1003 1873//1017 1872//1016
f 1855//1003 1856//1001 1874//1018 1873//1017
f 1856//1001 1857//985 1875//1019 1874//1018
f 1857//985 1858//986 1876//1020 1875//1019
f 1858//986 1859//1004 1877//1021 1876//1020
f 1859//1004 1860//1005 1878//1022 1877//1021
f 1860//1005 1861//989 1879//1023 1878//1022
f 1861//989 1845//973 1863//1007 1879//1023
f 1880//1024 1879//1023 1863//1007 1862//1006
f 1880//1024 1862//1006 1864//1008 1865//1009
f 1880//1024 1865//1009 1866//1010 1867//1011
f 1880//1024 1867//1011 1868//1012 1869//1013
f 1880//1024 1869//1013 1870//1014 1871//1015
f 1880//1024 1871//1015 1872//1016 1873//1017
f 1880//1024 1873//1017 1874//1018 1875//1019
f 1880//1024 1875//1019 1876//1020 1877//1021
f 1880//1024 1877//1021 1878//1022 1879//1023
f 1881//1025 1882//1026 1883//1027 1884//1028
f 1881//1025 1885//1029 1886//1030 1882//1026
f 1881//1025 1887//1031 1888//1032 1885//1029
f 1881//1025 1889//1033 1890//1034 1887//1031
f 1881//1025 1891//1035 1892//964 1889//1033
f 1881//1025 1893//1036 1894//1037 1891//1035
f 1881//1025 1895//967 1896//1038 1893//1036
f 1881//1025 1897//1039 1898//1040 1895//967
f 1881//1025 1884//1028 1899//1041 1897//1039
f 1884//1028 1883//1027 1900//1042 1901//1043
f 1883//1027 1882//1026 1902//990 1900//1042
f 1882//1026 1886//1030 1903//975 1902//990
f 1886//1030 1885//1029 1904//976 1903//975
f 1885//1029 1888//1032 1905//991 1904//976
f 1888//1032 1887//1031 1906//978 1905//991
f 1887//1031 1890//1034 1907//1000 1906//978
f 1890//1034 1889//1033 1908//980 1907//1000
f 1889//1033 1892//964 1909//981 1908//980
f 1892//964 1891//1035 1910//982 1909//981
f 1891//1035 1894//1037 1911//983 1910//982
f 1894//1037 1893//1036 1912//1001 1911//983
f 1893//1036 1896//1038 1913//985 1912//1001
f 1896//1038 1895//967 1914//986 1913//985
f 1895//967 1898//1040 1915//987 1914//986
f 1898//1040 1897//1039 1916//1044 1915//987
f 1897//1039 1899//1041 1917//1045 1916//1044
f 1899//1041 1884//1028 1901//1043 1917//1045
f 1901//1043 1900//1042 1918//972 1919//1046
f 1900//1042 1902//990 1920//990 1918//972
f 1902//990 1903//975 1921//975 1920//990
f 1903//975 1904//976 1922//976 1921//975
f 1904//976 1905//991 1923//991 1922//976
f 1905//991 1906//978 1924//978 1923//991
f 1906//978 1907//1000 1925//1047 1924//978
f 1907//1000 1908//980 1926//980 1925//1047
f 1908//980 1909//981 1927//1002 1926//980
f 1909//981 1910//982 1928//1048 1927//1002
f 1910//982 1911//983 1929//983 1928//1048
f 1911//983 1912//1001 1930//1001 1929//983
f 1912//1001 1913//985 1931//985 1930//1001
f 1913//985 1914//986 1932//1049 1931//985
f 1914//986 1915//987 1933//1004 1932//1049
f 1915//987 1916//1044 1934//1005 1933//1004
f 1916//1044 1917//1045 1935//1050 1934//1005
f 1917//1045 1901//1043 1919//1046 1935//1050
f 1919//1046 1918//972 1936//972 1937//1046
f 1918//972 1920//990 1938//1051 1936//972
f 1920//990 1921//975 1939//975 1938//1051
f 1921//975 1922//976 1940//976 1939//975
f 1922//976 1923//991 1941//991 1940//976
f 1923//991 1924//978 1942//1052 1941//991
f 1924//978 1925//1047 1943//1047 1942//1052
f 1925//1047 1926//980 1944//1053 1943//1047
f 1926//980 1927//1002 1945//981 1944//1053
f 1927//1002 1928//1048 1946//1054 1945//981
f 1928//1048 1929//983 1947//983 1946//1054
f 1929//983 1930//1001 1948//1001 1947//983
f 1930//1001 1931//985 1949//1055 1948//1001
f 1931//985 1932//1049 1950//986 1949//1055
f 1932//1049 1933//1004 1951//996 1950//986
f 1933//1004 1934//1005 1952//988 1951//996
f 1934//1005 1935//1050 1953//989 1952//988
f 1935//1050 1919//1046 1937//1046 1953//989
f 1937//1046 1936//972 1954//1056 1955//1057
f 1936//972 1938//1051 1956//990 1954//1056
f 1938//1051 1939//975 1957//975 1956//990
f 1939//975 1940//976 1958//976 1957//975
f 1940//976 1941//991 1959//991 1958//976
f 1941//991 1942//1052 1960//978 1959//991
f 1942//1052 1943//1047 1961//979 1960//978
f 1943//1047 1944//1053 1962//980 1961//979
f 1944//1053 1945//981 1963//981 1962//980
f 1945//981 1946//1054 1964//982 1963//981
f 1946//1054 1947//983 1965//983 1964//982
f 1947//983 1948//1001 1966//1001 1965//983
f 1948//1001 1949//1055 1967//985 1966//1001
f 1949//1055 1950//986 1968//986 1967//985
f 1950//986 1951//996 1969//987 1968//986
f 1951//996 1952//988 1970//988 1969//987
f 1952//988 1953//989 1971//1058 1970//988
f 1953//989 1937//1046 1955//1057 1971//1058
f 1955//1057 1954//1056 1972//1059 1973//1060
f 1954//1056 1956//990 1974//1061 1972//1059
f 1956//990 1957//975 1975//1062 1974//1061
f 1957//975 1958//976 1976//1063 1975//1062
f 1958//976 1959//991 1977//1011 1976//1063
f 1959//991 1960//978 1978//1064 1977//1011
f 1960//978 1961//979 1979//1065 1978//1064
f 1961//979 1962//980 1980//1066 1979//1065
f 1962//980 1963//981 1981//1067 1980//1066
f 1963//981 1964//982 1982//1068 1981//1067
f 1964//982 1965//983 1983//1017 1982//1068
f 1965//983 1966//1001 1984//1069 1983//1017
f 1966//1001 1967//985 1985//1070 1984//1069
f 1967//985 1968//986 1986//1071 1985//1070
f 1968//986 1969//987 1987//1072 1986//1071
f 1969//987 1970//988 1988//1073 1987//1072
f 1970//988 1971//1058 1989//1074 1988//1073
f 1971//1058 1955//1057 1973//1060 1989//1074
f 1990//1075 1989//1074 1973//1060 1972//1059
f 1990//1075 1972//1059 1974//1061 1975//1062
f 1990//1075 1975//1062 1976//1063 1977//1011
f 1990//1075 1977//1011 1978//1064 1979//1065
f 1990//1075 1979//1065 1980//1066 1981//1067
f 1990//1075 1981//1067 1982//1068 1983//1017
f 1990//1075 1983//1017 1984//1069 1985//1070
f 1990//1075 1985//1070 1986//1071 1987//1072
f 1990//1075 1987//1072 1988//1073 1989//1074
f 1991//1076 1992//1077 1993//1078 1994//1079
f 1991//1076 1995//1080 1996//1081 1992//1077
f 1991//1076 1997//1082 1998//1083 1995//1080
f 1991//1076 1999//1084 2000//1085 1997//1082
f 1991//1076 2001//1086 2002//1087 1999//1084
f 1991//1076 2003//1088 2004//1089 2001//1086
f 1991//1076 2005//1090 2006//1091 2003//1088
f 1991//1076 2007//1092 2008//1093 2005//1090
f 1991//1076 1994//1079 2009//1094 2007//1092
f 1994//1079 1993//1078 2010//1095 2011//828
f 1993//1078 1992//1077 2012//1096 2010//1095
f 1992//1077 1996//1081 2013//1097 2012//1096
f 1996//1081 1995//1080 2014//1098 2013//1097
f 1995//1080 1998//1083 2015//1099 2014//1098
f 1998//1083 1997//1082 2016//1100 2015//1099
f 1997//1082 2000//1085 2017//1101 2016//1100
f 2000//1085 1999//1084 2018//1102 2017//1101
f 1999//1084 2002//1087 2019//886 2018//1102
f 2002//1087 2001//1086 2020//1103 2019//886
f 2001//1086 2004//1089 2021//1104 2020//1103
f 2004//1089 2003//1088 2022//1105 2021//1104
f 2003//1088 2006//1091 2023//1106 2022//1105
f 2006//1091 2005//1090 2024//1107 2023//1106
f 2005//1090 2008//1093 2025//1108 2024//1107
f 2008//1093 2007//1092 2026//1109 2025//1108
f 2007//1092 2009//1094 2027//1110 2026//1109
f 2009//1094 1994//1079 2011//828 2027//1110
f 2011//828 2010//1095 2028//1095 2029//828
f 2010//1095 2012//1096 2030//1096 2028//1095
f 2012//1096 2013//1097 2031//1097 2030//1096
f 2013//1097 2014//1098 2032//1098 2031//1097
f 2014//1098 2015//1099 2033//1099 2032//1098
f 2015//1099 2016//1100 2034//1100 2033//1099
f 2016//1100 2017//1101 2035//1101 2034//1100
f 2017//1101 2018//1102 2036//1102 2035//1101
f 2018//1102 2019//886 2037//886 2036//1102
f 2019//886 2020//1103 2038//1103 2037//886
f 2020//1103 2021//1104 2039//1111 2038//1103
f 2021//1104 2022//1105 2040//1105 2039//1111
f 2022//1105 2023//1106 2041//1106 2040//1105
f 2023//1106 2024//1107 2042//1107 2041//1106
f 2024//1107 2025//1108 2043//1108 2042//1107
f 2025//1108 2026//1109 2044//1112 2043//1108
f 2026//1109 2027//1110 2045//1110 2044//1112
f 2027//1110 2011//828 2029//828 2045//1110
f 2029//828 2028//1095 2046//1095 2047//828
f 2028//1095 2030//1096 2048//1096 2046//1095
f 2030//1096 2031//1097 2049//1097 2048//1096
f 2031//1097 2032//1098 2050//1098 2049//1097
f 2032//1098 2033//1099 2051//1099 2050//1098
f 2033//1099 2034//1100 2052//1100 2051//1099
f 2034//1100 2035//1101 2053//1101 2052//1100
f 2035//1101 2036//1102 2054//1102 2053//1101
f 2036//1102 2037//886 2055//886 2054//1102
f 2037//886 2038//1103 2056//1103 2055//886
f 2038//1103 2039//1111 2057//1111 2056//1103
f 2039//1111 2040//1105 2058//1105 2057//1111
f 2040//1105 2041//1106 2059//1106 2058//1105
f 2041//1106 2042//1107 2060//1113 2059//1106
f 2042//1107 2043//1108 2061//1108 2060//1113
f 2043//1108 2044//1112 2062//1112 2061//1108
f 2044//1112 2045//1110 2063//1110 2062//1112
f 2045//1110 2029//828 2047//828 2063//1110
f 2047//828 2046//1095 2064//1095 2065//828
f 2046//1095 2048//1096 2066//1096 2064//1095
f 2048//1096 2049//1097 2067//1097 2066//1096
f 2049//1097 2050//1098 2068//1098 2067//1097
f 2050//1098 2051//1099 2069//1099 2068//1098
f 2051//1099 2052//1100 2070//1100 2069//1099
f 2052//1100 2053//1101 2071//1101 2070//1100
f 2053//1101 2054//1102 2072//1102 2071//1101
f 2054//1102 2055//886 2073//886 2072//1102
f 2055//886 2056//1103 2074//1103 2073//886
f 2056//1103 2057//1111 2075//1114 2074//1103
f 2057//1111 2058//1105 2076//1105 2075//1114
f 2058//1105 2059//1106 2077//1106 2076//1105
f 2059//1106 2060//1113 2078//1113 2077//1106
f 2060//1113 2061//1108 2079//1108 2078//1113
f 2061//1108 2062//1112 2080//1112 2079//1108
f 2062//1112 2063//1110 2081//1110 2080//1112
f 2063//1110 2047//828 2065//828 2081//1110
f 2065//828 2064//1095 2082//1115 2083//1116
f 2064//1095 2066//1096 2084//1117 2082//1115
f 2066//1096 2067//1097 2085//1118 2084//1117
f 2067//1097 2068//1098 2086//1119 2085//1118
f 2068//1098 2069//1099 2087//1120 2086//1119
f 2069//1099 2070//1100 2088//1121 2087//1120
f 2070//1100 2071//1101 2089//1122 2088//1121
f 2071//1101 2072//1102 2090//1123 2089//1122
f 2072//1102 2073//886 2091//1124 2090//1123
f 2073//886 2074//1103 2092//1125 2091//1124
f 2074//1103 2075//1114 2093//1126 2092//1125
f 2075//1114 2076//1105 2094//1127 2093//1126
f 2076//1105 2077//1106 2095//1128 2094//1127
f 2077//1106 2078//1113 2096//1129 2095//1128
f 2078//1113 2079//1108 2097//1130 2096//1129
f 2079//1108 2080//1112 2098//1131 2097//1130
f 2080//1112 2081//1110 2099//1132 2098//1131
f 2081//1110 2065//828 2083//1116 2099//1132
f 2100//1133 2099//1132 2083//1116 2082//1115
f 2100//1133 2082//1115 2084//1117 2085//1118
f 2100//1133 2085//1118 2086//1119 2087//1120
f 2100//1133 2087//1120 2088//1121 2089//1122
f 2100//1133 2089//1122 2090//1123 2091//1124
f 2100//1133 2091//1124 2092//1125 2093//1126
f 2100//1133 2093//1126 2094//1127 2095//1128
f 2100//1133 2095//1128 2096//1129 2097//1130
f 2100//1133 2097//1130 2098//1131 2099//1132
g Link3_Cylinder008
v -0.133493 1.061949 -0.276992
v -0.156646 1.033211 -0.302229
v -0.161895 1.046658 -0.307949
v -0.163718 1.061949 -0.309936
v -0.138742 1.017920 -0.282712
v -0.148605 1.023230 -0.293464
v -0.118381 1.023230 -0.260520
v -0.128245 1.017920 -0.271271
v -0.105092 1.046658 -0.246034
v -0.110340 1.033211 -0.251754
v -0.105092 1.077240 -0.246034
v -0.103269 1.061949 -0.244047
v -0.118381 1.100668 -0.260519
v -0.110340 1.090687 -0.251754
v -0.138742 1.105978 -0.282712
v -0.128245 1.105978 -0.271271
v -0.156646 1.090687 -0.302229
v -0.148605 1.100668 -0.293464
v -0.161895 1.077240 -0.307949
v -0.173976 1.046658 -0.296866
v -0.175799 1.061949 -0.298852
v -0.168728 1.033211 -0.291145
v -0.160687 1.023230 -0.282380
v -0.150823 1.017920 -0.271629
v -0.140326 1.017920 -0.260187
v -0.130463 1.023230 -0.249436
v -0.122422 1.033211 -0.240671
v -0.117173 1.046658 -0.234950
v -0.115351 1.061949 -0.232963
v -0.117173 1.077240 -0.234950
v -0.122422 1.090687 -0.240671
v -0.130463 1.100668 -0.249436
v -0.140326 1.105978 -0.260187
v -0.150823 1.105978 -0.271629
v -0.160687 1.100668 -0.282380
v -0.168728 1.090687 -0.291145
v -0.173976 1.077240 -0.296866
v -0.186058 1.046658 -0.285782
v -0.187881 1.061949 -0.287769
v -0.180809 1.033211 -0.280061
v -0.172768 1.023230 -0.271297
v -0.162905 1.017920 -0.260544
v -0.152408 1.017920 -0.249103
v -0.142544 1.023230 -0.238352
v -0.134503 1.033211 -0.229587
v -0.129255 1.046658 -0.223866
v -0.127432 1.061949 -0.221879
v -0.129255 1.077240 -0.223866
v -0.134503 1.090687 -0.229587
v -0.142544 1.100668 -0.238352
v -0.152408 1.105978 -0.249103
v -0.162905 1.105978 -0.260544
v -0.172768 1.100668 -0.271297
v -0.180809 1.090687 -0.280061
v -0.186058 1.077240 -0.285782
v -0.198139 1.046658 -0.274698
v -0.199962 1.061949 -0.276684
v -0.192891 1.033211 -0.268977
v -0.184850 1.023230 -0.260212
v -0.174986 1.017920 -0.249461
v -0.164489 1.017920 -0.238019
v -0.154626 1.023230 -0.227268
v -0.146585 1.033211 -0.218503
v -0.141336 1.046658 -0.212783
v -0.139514 1.061949 -0.210796
v -0.141336 1.077240 -0.212783
v -0.146585 1.090687 -0.218503
v -0.154626 1.100668 -0.227268
v -0.164489 1.105978 -0.238019
v -0.174986 1.105978 -0.249461
v -0.184850 1.100668 -0.260212
v -0.192891 1.090687 -0.268977
v -0.198139 1.077240 -0.274698
v -0.210221 1.046658 -0.263614
v -0.212044 1.061949 -0.265601
v -0.204972 1.033211 -0.257893
v -0.196931 1.023230 -0.249129
v -0.187068 1.017920 -0.238377
v -0.176571 1.017920 -0.226936
v -0.166707 1.023230 -0.216184
v -0.158666 1.033211 -0.207420
v -0.153418 1.046658 -0.201698
v -0.151595 1.061949 -0.199711
v -0.153418 1.077240 -0.201698
v -0.158666 1.090687 -0.207420
v -0.166707 1.100668 -0.216184
v -0.176571 1.105978 -0.226936
v -0.187068 1.105978 -0.238376
v -0.196931 1.100668 -0.249129
v -0.204972 1.090687 -0.257893
v -0.210221 1.077240 -0.263614
v -0.222302 1.046658 -0.252529
v -0.224125 1.061949 -0.254516
v -0.217054 1.033211 -0.246809
v -0.209013 1.023230 -0.238044
v -0.199149 1.017920 -0.227293
v -0.188652 1.017920 -0.215851
v -0.178789 1.023230 -0.205100
v -0.170748 1.033211 -0.196335
v -0.165499 1.046658 -0.190614
v -0.163677 1.061949 -0.188628
v -0.165499 1.077240 -0.190614
v -0.170748 1.090687 -0.196335
v -0.178789 1.100668 -0.205100
v -0.188652 1.105978 -0.215851
v -0.199149 1.105978 -0.227293
v -0.209013 1.100668 -0.238044
v -0.217054 1.090687 -0.246809
v -0.222302 1.077240 -0.252529
v -0.193901 1.061949 -0.221572
v -0.103879 1.061949 -0.304160
v -0.131209 1.028026 -0.333951
v -0.137405 1.043899 -0.340704
v -0.139556 1.061949 -0.343049
v -0.110074 1.009976 -0.310913
v -0.121718 1.016245 -0.323605
v -0.086040 1.016245 -0.284717
v -0.097684 1.009976 -0.297408
v -0.070353 1.043899 -0.267618
v -0.076549 1.028026 -0.274371
v -0.070353 1.079999 -0.267618
v -0.068202 1.061949 -0.265272
v -0.086040 1.107653 -0.284717
v -0.076549 1.095872 -0.274371
v -0.110074 1.113922 -0.310913
v -0.097684 1.113922 -0.297408
v -0.131209 1.095872 -0.333951
v -0.121718 1.107653 -0.323605
v -0.137405 1.079999 -0.340704
v -0.143681 1.043899 -0.334946
v -0.145832 1.061949 -0.337291
v -0.137485 1.028026 -0.328193
v -0.127994 1.016245 -0.317848
v -0.116350 1.009976 -0.305156
v -0.103960 1.009976 -0.291650
v -0.092316 1.016245 -0.278959
v -0.082825 1.028026 -0.268613
v -0.076629 1.043899 -0.261859
v -0.074478 1.061949 -0.259514
v -0.076629 1.079999 -0.261859
v -0.082825 1.095872 -0.268613
v -0.092316 1.107653 -0.278959
v -0.103960 1.113922 -0.291650
v -0.116350 1.113922 -0.305156
v -0.127994 1.107653 -0.317848
v -0.137485 1.095872 -0.328193
v -0.143681 1.079999 -0.334946
v -0.149957 1.043899 -0.329189
v -0.152108 1.061949 -0.331534
v -0.143761 1.028026 -0.322436
v -0.134270 1.016245 -0.312089
v -0.122626 1.009976 -0.299398
v -0.110236 1.009976 -0.285892
v -0.098592 1.016245 -0.273200
v -0.089101 1.028026 -0.262855
v -0.082905 1.043899 -0.256103
v -0.080754 1.061949 -0.253757
v -0.082905 1.079999 -0.256102
v -0.089101 1.095872 -0.262855
v -0.098592 1.107653 -0.273200
v -0.110236 1.113922 -0.285892
v -0.122626 1.113922 -0.299398
v -0.134270 1.107653 -0.312089
v -0.143761 1.095872 -0.322436
v -0.149957 1.079999 -0.329189
v -0.156233 1.043899 -0.323430
v -0.158384 1.061949 -0.325775
v -0.150037 1.028026 -0.316677
v -0.140546 1.016245 -0.306331
v -0.128902 1.009976 -0.293640
v -0.116512 1.009976 -0.280135
v -0.104868 1.016245 -0.267443
v -0.095377 1.028026 -0.257098
v -0.089181 1.043899 -0.250345
v -0.087030 1.061949 -0.248000
v -0.089181 1.079999 -0.250345
v -0.095377 1.095872 -0.257098
v -0.104868 1.107653 -0.267443
v -0.116512 1.113922 -0.280135
v -0.128902 1.113922 -0.293640
v -0.140546 1.107653 -0.306331
v -0.150037 1.095872 -0.316677
v -0.156233 1.079999 -0.323430
v -0.162509 1.043899 -0.317672
v -0.164660 1.061949 -0.320018
v -0.156314 1.028026 -0.310920
v -0.146822 1.016245 -0.300574
v -0.135178 1.009976 -0.287883
v -0.122788 1.009976 -0.274376
v -0.111144 1.016245 -0.261686
v -0.101653 1.028026 -0.251339
v -0.095457 1.043899 -0.244586
v -0.093306 1.061949 -0.242242
v -0.095457 1.079999 -0.244586
v -0.101653 1.095872 -0.251339
v -0.111144 1.107653 -0.261686
v -0.122788 1.113922 -0.274376
v -0.135178 1.113922 -0.287883
v -0.146822 1.107653 -0.300574
v -0.156314 1.095872 -0.310920
v -0.162509 1.079999 -0.317672
v -0.168785 1.043899 -0.311915
v -0.170936 1.061949 -0.314260
v -0.162590 1.028026 -0.305162
v -0.153098 1.016245 -0.294815
v -0.141454 1.009976 -0.282125
v -0.129064 1.009976 -0.268619
v -0.117421 1.016245 -0.255927
v -0.107929 1.028026 -0.245582
v -0.101733 1.043899 -0.238829
v -0.099582 1.061949 -0.236484
v -0.101733 1.079999 -0.238829
v -0.107929 1.095872 -0.245582
v -0.117421 1.107653 -0.255927
v -0.129064 1.113922 -0.268619
v -0.141454 1.113922 -0.282125
v -0.153098 1.107653 -0.294815
v -0.162590 1.095872 -0.305162
v -0.168785 1.079999 -0.311915
v -0.135259 1.061949 -0.275371
v -0.047776 0.168137 -0.050220
v -0.056785 0.179319 -0.060039
v -0.058827 0.174087 -0.062266
v -0.059536 0.168137 -0.063037
v -0.049818 0.185269 -0.052446
v -0.053656 0.183202 -0.056630
v -0.041896 0.183202 -0.043811
v -0.045734 0.185269 -0.047995
v -0.036725 0.174087 -0.038175
v -0.038768 0.179319 -0.040401
v -0.036725 0.162188 -0.038175
v -0.036016 0.168137 -0.037403
v -0.041896 0.153073 -0.043811
v -0.038768 0.156956 -0.040401
v -0.049818 0.151006 -0.052446
v -0.045734 0.151006 -0.047995
v -0.056785 0.156956 -0.060039
v -0.053656 0.153073 -0.056630
v -0.058827 0.162188 -0.062266
v -0.035247 0.174087 -0.083899
v -0.035956 0.168137 -0.084671
v -0.033205 0.179319 -0.081672
v -0.030076 0.183202 -0.078262
v -0.026238 0.185269 -0.074079
v -0.022154 0.185269 -0.069627
v -0.018316 0.183202 -0.065444
v -0.015188 0.179319 -0.062034
v -0.013145 0.174087 -0.059808
v -0.012436 0.168137 -0.059036
v -0.013145 0.162188 -0.059808
v -0.015188 0.156956 -0.062034
v -0.018316 0.153073 -0.065444
v -0.022154 0.151006 -0.069627
v -0.026238 0.151006 -0.074079
v -0.030076 0.153073 -0.078262
v -0.033205 0.156956 -0.081672
v -0.035247 0.162188 -0.083899
v -0.011667 0.174087 -0.105531
v -0.012376 0.168137 -0.106305
v -0.009625 0.179319 -0.103304
v -0.006496 0.183202 -0.099895
v -0.002658 0.185269 -0.095712
v 0.001426 0.185269 -0.091260
v 0.005264 0.183202 -0.087078
v 0.008392 0.179319 -0.083667
v 0.010435 0.174087 -0.081441
v 0.011144 0.168137 -0.080668
v 0.010435 0.162188 -0.081441
v 0.008392 0.156956 -0.083667
v 0.005264 0.153073 -0.087078
v 0.001426 0.151006 -0.091260
v -0.002658 0.151006 -0.095712
v -0.006496 0.153073 -0.099895
v -0.009625 0.156956 -0.103304
v -0.011667 0.162188 -0.105531
v 0.011913 0.174087 -0.127165
v 0.011204 0.168137 -0.127937
v 0.013955 0.179319 -0.124938
v 0.017084 0.183202 -0.121528
v 0.020922 0.185269 -0.117345
v 0.025006 0.185269 -0.112893
v 0.028844 0.183202 -0.108711
v 0.031972 0.179319 -0.105300
v 0.034015 0.174087 -0.103074
v 0.034724 0.168137 -0.102301
v 0.034015 0.162188 -0.103074
v 0.031972 0.156956 -0.105300
v 0.028844 0.153073 -0.108711
v 0.025006 0.151006 -0.112893
v 0.020922 0.151006 -0.117345
v 0.017084 0.153073 -0.121528
v 0.013955 0.156956 -0.124938
v 0.011913 0.162188 -0.127165
v 0.035493 0.174087 -0.148797
v 0.034784 0.168137 -0.149570
v 0.037535 0.179319 -0.146572
v 0.040664 0.183202 -0.143161
v 0.044502 0.185269 -0.138978
v 0.048586 0.185269 -0.134527
v 0.052424 0.183202 -0.130343
v 0.055552 0.179319 -0.126933
v 0.057594 0.174087 -0.124707
v 0.058304 0.168137 -0.123934
v 0.057594 0.162188 -0.124707
v 0.055552 0.156956 -0.126933
v 0.052424 0.153073 -0.130343
v 0.048586 0.151006 -0.134527
v 0.044502 0.151006 -0.138978
v 0.040664 0.153073 -0.143161
v 0.037535 0.156956 -0.146572
v 0.035493 0.162188 -0.148797
v 0.059073 0.174087 -0.170431
v 0.058364 0.168137 -0.171203
v 0.061115 0.179319 -0.168205
v 0.064244 0.183202 -0.164794
v 0.068082 0.185269 -0.160611
v 0.072166 0.185269 -0.156159
v 0.076004 0.183202 -0.151976
v 0.079132 0.179319 -0.148566
v 0.081174 0.174087 -0.146340
v 0.081884 0.168137 -0.145567
v 0.081174 0.162188 -0.146340
v 0.079132 0.156956 -0.148566
v 0.076004 0.153073 -0.151976
v 0.072166 0.151006 -0.156159
v 0.068082 0.151006 -0.160611
v 0.064244 0.153073 -0.164794
v 0.061115 0.156956 -0.168205
v 0.059073 0.162188 -0.170431
v 0.070124 0.168137 -0.158386
v -0.539160 1.060971 -0.585830
v -0.548169 1.072152 -0.595649
v -0.550211 1.066920 -0.597875
v -0.550920 1.060971 -0.598648
v -0.541202 1.078102 -0.588056
v -0.545040 1.076035 -0.592239
v -0.533280 1.076035 -0.579421
v -0.537118 1.078102 -0.583604
v -0.528109 1.066920 -0.573783
v -0.530152 1.072152 -0.576011
v -0.528109 1.055021 -0.573783
v -0.527400 1.060971 -0.573012
v -0.533280 1.045906 -0.579421
v -0.530152 1.049789 -0.576011
v -0.541202 1.043839 -0.588056
v -0.537118 1.043839 -0.583604
v -0.548169 1.049789 -0.595649
v -0.545040 1.045906 -0.592239
v -0.550211 1.055021 -0.597875
v -0.526631 1.066920 -0.619508
v -0.527340 1.060971 -0.620281
v -0.524589 1.072152 -0.617282
v -0.521460 1.076035 -0.613872
v -0.517622 1.078102 -0.609689
v -0.513538 1.078102 -0.605237
v -0.509700 1.076035 -0.601055
v -0.506572 1.072152 -0.597644
v -0.504529 1.066920 -0.595417
v -0.503820 1.060971 -0.594645
v -0.504529 1.055021 -0.595417
v -0.506572 1.049789 -0.597644
v -0.509700 1.045906 -0.601055
v -0.513538 1.043839 -0.605237
v -0.517622 1.043839 -0.609689
v -0.521460 1.045906 -0.613872
v -0.524589 1.049789 -0.617282
v -0.526631 1.055021 -0.619508
v -0.503051 1.066920 -0.641141
v -0.503760 1.060971 -0.641914
v -0.501009 1.072152 -0.638915
v -0.497880 1.076035 -0.635505
v -0.494042 1.078102 -0.631321
v -0.489958 1.078102 -0.626870
v -0.486120 1.076035 -0.622687
v -0.482992 1.072152 -0.619277
v -0.480950 1.066920 -0.617051
v -0.480240 1.060971 -0.616278
v -0.480950 1.055021 -0.617051
v -0.482992 1.049789 -0.619277
v -0.486120 1.045906 -0.622687
v -0.489958 1.043839 -0.626870
v -0.494042 1.043839 -0.631321
v -0.497880 1.045906 -0.635505
v -0.501009 1.049789 -0.638915
v -0.503051 1.055021 -0.641141
v -0.479471 1.066920 -0.662774
v -0.480180 1.060971 -0.663547
v -0.477429 1.072152 -0.660549
v -0.474300 1.076035 -0.657137
v -0.470462 1.078102 -0.652954
v -0.466378 1.078102 -0.648503
v -0.462540 1.076035 -0.644320
v -0.459412 1.072152 -0.640910
v -0.457370 1.066920 -0.638684
v -0.456660 1.060971 -0.637911
v -0.457370 1.055021 -0.638684
v -0.459412 1.049789 -0.640910
v -0.462540 1.045906 -0.644320
v -0.466378 1.043839 -0.648503
v -0.470462 1.043839 -0.652954
v -0.474300 1.045906 -0.657137
v -0.477429 1.049789 -0.660549
v -0.479471 1.055021 -0.662774
v -0.455891 1.066920 -0.684407
v -0.456600 1.060971 -0.685180
v -0.453849 1.072152 -0.682182
v -0.450720 1.076035 -0.678771
v -0.446882 1.078102 -0.674588
v -0.442798 1.078102 -0.670136
v -0.438960 1.076035 -0.665953
v -0.435832 1.072152 -0.662543
v -0.433790 1.066920 -0.660317
v -0.433080 1.060971 -0.659543
v -0.433790 1.055021 -0.660317
v -0.435832 1.049789 -0.662543
v -0.438960 1.045906 -0.665953
v -0.442798 1.043839 -0.670136
v -0.446882 1.043839 -0.674588
v -0.450720 1.045906 -0.678771
v -0.453849 1.049789 -0.682182
v -0.455891 1.055021 -0.684407
v -0.432311 1.066920 -0.706040
v -0.433020 1.060971 -0.706813
v -0.430269 1.072152 -0.703815
v -0.427140 1.076035 -0.700405
v -0.423302 1.078102 -0.696221
v -0.419218 1.078102 -0.691769
v -0.415380 1.076035 -0.687586
v -0.412252 1.072152 -0.684176
v -0.410210 1.066920 -0.681949
v -0.409500 1.060971 -0.681177
v -0.410210 1.055021 -0.681949
v -0.412252 1.049789 -0.684176
v -0.415380 1.045906 -0.687586
v -0.419218 1.043839 -0.691769
v -0.423302 1.043839 -0.696221
v -0.427140 1.045906 -0.700405
v -0.430269 1.049789 -0.703815
v -0.432311 1.055021 -0.706040
v -0.421260 1.060971 -0.693995
v 0.062905 0.164682 -0.144910
v 0.056347 0.161043 -0.144927
v 0.057328 0.160218 -0.147195
v 0.058981 0.159932 -0.149187
v 0.056781 0.163857 -0.140660
v 0.056157 0.162307 -0.142658
v 0.060081 0.167057 -0.138381
v 0.058144 0.165507 -0.139175
v 0.064702 0.169146 -0.139157
v 0.062358 0.168321 -0.138375
v 0.068482 0.169146 -0.142625
v 0.066829 0.169432 -0.140633
v 0.069653 0.167057 -0.147163
v 0.069463 0.168321 -0.144893
v 0.067666 0.163857 -0.150646
v 0.069029 0.165507 -0.149161
v 0.063452 0.161043 -0.151446
v 0.065729 0.162307 -0.151439
v 0.061108 0.160218 -0.150663
v -0.041153 0.338204 -0.254539
v -0.039499 0.337917 -0.256530
v -0.042134 0.339029 -0.252271
v -0.042323 0.340293 -0.250001
v -0.041699 0.341843 -0.248003
v -0.040337 0.343493 -0.246519
v -0.038400 0.345043 -0.245725
v -0.036122 0.346307 -0.245719
v -0.033779 0.347131 -0.246501
v -0.031652 0.347418 -0.247978
v -0.029998 0.347131 -0.249969
v -0.029017 0.346307 -0.252237
v -0.028828 0.345043 -0.254506
v -0.029452 0.343493 -0.256504
v -0.030814 0.341843 -0.257989
v -0.032751 0.340293 -0.258784
v -0.035029 0.339029 -0.258789
v -0.037372 0.338204 -0.258006
v -0.139633 0.516189 -0.361883
v -0.137979 0.515903 -0.363875
v -0.140614 0.517014 -0.359615
v -0.140804 0.518278 -0.357345
v -0.140180 0.519828 -0.355347
v -0.138817 0.521478 -0.353862
v -0.136880 0.523028 -0.353069
v -0.134603 0.524292 -0.353063
v -0.132259 0.525117 -0.353845
v -0.130132 0.525404 -0.355321
v -0.128479 0.525117 -0.357314
v -0.127498 0.524292 -0.359580
v -0.127308 0.523028 -0.361850
v -0.127932 0.521478 -0.363849
v -0.129295 0.519828 -0.365334
v -0.131232 0.518278 -0.366127
v -0.133509 0.517014 -0.366133
v -0.135853 0.516189 -0.365351
v -0.238114 0.694175 -0.469225
v -0.236460 0.693889 -0.471218
v -0.239094 0.695000 -0.466959
v -0.239284 0.696264 -0.464690
v -0.238660 0.697814 -0.462692
v -0.237298 0.699464 -0.461206
v -0.235361 0.701014 -0.460412
v -0.233083 0.702278 -0.460407
v -0.230740 0.703103 -0.461189
v -0.228613 0.703389 -0.462665
v -0.226959 0.703103 -0.464657
v -0.225978 0.702278 -0.466925
v -0.225788 0.701014 -0.469195
v -0.226412 0.699464 -0.471192
v -0.227775 0.697814 -0.472678
v -0.229712 0.696264 -0.473471
v -0.231990 0.695000 -0.473477
v -0.234333 0.694175 -0.472695
v -0.336594 0.872161 -0.576570
v -0.334940 0.871874 -0.578562
v -0.337575 0.872986 -0.574302
v -0.337765 0.874250 -0.572032
v -0.337141 0.875800 -0.570035
v -0.335778 0.877450 -0.568550
v -0.333841 0.879000 -0.567756
v -0.331563 0.880264 -0.567750
v -0.329220 0.881088 -0.568532
v -0.327093 0.881375 -0.570009
v -0.325440 0.881088 -0.572001
v -0.324459 0.880264 -0.574268
v -0.324269 0.879000 -0.576537
v -0.324893 0.877450 -0.578536
v -0.326255 0.875800 -0.580022
v -0.328192 0.874250 -0.580815
v -0.330470 0.872986 -0.580821
v -0.332814 0.872161 -0.580038
v -0.435074 1.050147 -0.683914
v -0.433421 1.049860 -0.685906
v -0.436055 1.050972 -0.681647
v -0.436245 1.052235 -0.679377
v -0.435621 1.053786 -0.677379
v -0.434258 1.055435 -0.675893
v -0.432322 1.056986 -0.675100
v -0.430044 1.058249 -0.675094
v -0.427700 1.059074 -0.675876
v -0.425574 1.059361 -0.677352
v -0.423920 1.059074 -0.679345
v -0.422939 1.058249 -0.681612
v -0.422749 1.056986 -0.683882
v -0.423373 1.055435 -0.685880
v -0.424736 1.053786 -0.687366
v -0.426673 1.052235 -0.688159
v -0.428950 1.050972 -0.688164
v -0.431294 1.050147 -0.687382
v -0.429497 1.054610 -0.681630
v -0.037799 0.164682 -0.052521
v -0.044357 0.161043 -0.052538
v -0.043376 0.160218 -0.054806
v -0.041723 0.159932 -0.056798
v -0.043923 0.163857 -0.048271
v -0.044547 0.162307 -0.050270
v -0.040623 0.167057 -0.045993
v -0.042560 0.165507 -0.046786
v -0.036002 0.169146 -0.046769
v -0.038346 0.168321 -0.045986
v -0.032222 0.169146 -0.050236
v -0.033876 0.169432 -0.048244
v -0.031051 0.167057 -0.054775
v -0.031241 0.168321 -0.052505
v -0.033038 0.163857 -0.058257
v -0.031675 0.165507 -0.056772
v -0.037252 0.161043 -0.059057
v -0.034975 0.162307 -0.059051
v -0.039596 0.160218 -0.058275
v -0.141857 0.338204 -0.162150
v -0.140203 0.337917 -0.164142
v -0.142838 0.339029 -0.159882
v -0.143027 0.340293 -0.157612
v -0.142403 0.341843 -0.155615
v -0.141041 0.343493 -0.154129
v -0.139104 0.345043 -0.153336
v -0.136826 0.346307 -0.153330
v -0.134483 0.347131 -0.154112
v -0.132356 0.347418 -0.155589
v -0.130702 0.347131 -0.157581
v -0.129721 0.346307 -0.159848
v -0.129532 0.345043 -0.162117
v -0.130156 0.343493 -0.164115
v -0.131518 0.341843 -0.165601
v -0.133455 0.340293 -0.166395
v -0.135733 0.339029 -0.166400
v -0.138076 0.338204 -0.165618
v -0.240337 0.516190 -0.269493
v -0.238684 0.515903 -0.271486
v -0.241318 0.517014 -0.267227
v -0.241508 0.518278 -0.264957
v -0.240884 0.519828 -0.262958
v -0.239521 0.521478 -0.261473
v -0.237584 0.523028 -0.260680
v -0.235307 0.524292 -0.260674
v -0.232963 0.525117 -0.261456
v -0.230836 0.525404 -0.262932
v -0.229183 0.525117 -0.264924
v -0.228202 0.524292 -0.267193
v -0.228012 0.523028 -0.269462
v -0.228636 0.521478 -0.271460
v -0.229999 0.519828 -0.272945
v -0.231936 0.518278 -0.273739
v -0.234213 0.517014 -0.273744
v -0.236557 0.516190 -0.272962
v -0.338818 0.694175 -0.376838
v -0.337164 0.693889 -0.378829
v -0.339798 0.695000 -0.374571
v -0.339988 0.696264 -0.372301
v -0.339364 0.697814 -0.370303
v -0.338002 0.699464 -0.368817
v -0.336065 0.701014 -0.368023
v -0.333787 0.702278 -0.368018
v -0.331444 0.703103 -0.368801
v -0.329317 0.703389 -0.370277
v -0.327663 0.703103 -0.372268
v -0.326682 0.702278 -0.374536
v -0.326492 0.701014 -0.376806
v -0.327116 0.699464 -0.378803
v -0.328479 0.697814 -0.380289
v -0.330416 0.696264 -0.381082
v -0.332694 0.695000 -0.381088
v -0.335037 0.694175 -0.380306
v -0.437298 0.872161 -0.484182
v -0.435644 0.871874 -0.486174
v -0.438279 0.872986 -0.481914
v -0.438469 0.874250 -0.479644
v -0.437845 0.875800 -0.477645
v -0.436482 0.877450 -0.476161
v -0.434545 0.879000 -0.475368
v -0.432267 0.880264 -0.475360
v -0.429924 0.881088 -0.476142
v -0.427797 0.881375 -0.477620
v -0.426144 0.881088 -0.479612
v -0.425163 0.880264 -0.481880
v -0.424973 0.879000 -0.484149
v -0.425597 0.877450 -0.486147
v -0.426959 0.875800 -0.487632
v -0.428896 0.874250 -0.488426
v -0.431174 0.872986 -0.488432
v -0.433518 0.872161 -0.487649
v -0.535778 1.050147 -0.591525
v -0.534125 1.049860 -0.593517
v -0.536759 1.050972 -0.589258
v -0.536949 1.052235 -0.586988
v -0.536325 1.053785 -0.584990
v -0.534962 1.055435 -0.583505
v -0.533026 1.056986 -0.582712
v -0.530748 1.058249 -0.582706
v -0.528404 1.059074 -0.583488
v -0.526278 1.059361 -0.584964
v -0.524624 1.059074 -0.586955
v -0.523643 1.058249 -0.589224
v -0.523453 1.056986 -0.591493
v -0.524077 1.055435 -0.593491
v -0.525440 1.053785 -0.594977
v -0.527377 1.052235 -0.595769
v -0.529654 1.050972 -0.595776
v -0.531998 1.050147 -0.594993
v -0.530201 1.054610 -0.589240
v -0.481401 1.103484 -0.645337
v -0.453702 1.132931 -0.667254
v -0.448633 1.119152 -0.673540
v -0.447516 1.103484 -0.676425
v -0.472849 1.148599 -0.647827
v -0.462112 1.143157 -0.658324
v -0.495997 1.143157 -0.627236
v -0.484617 1.148599 -0.637031
v -0.512316 1.119152 -0.615115
v -0.505617 1.132931 -0.619624
v -0.514170 1.087816 -0.617134
v -0.515287 1.103484 -0.614250
v -0.500690 1.063811 -0.632351
v -0.509101 1.074038 -0.623421
v -0.478185 1.058370 -0.653644
v -0.489954 1.058370 -0.642847
v -0.457185 1.074038 -0.671050
v -0.466805 1.063811 -0.663439
v -0.450486 1.087816 -0.675560
v -0.382468 1.110590 -0.601421
v -0.381351 1.094922 -0.604305
v -0.387537 1.124368 -0.595134
v -0.395947 1.134595 -0.586204
v -0.406684 1.140036 -0.575708
v -0.418452 1.140036 -0.564910
v -0.429833 1.134595 -0.555116
v -0.439453 1.124368 -0.547505
v -0.446152 1.110590 -0.542995
v -0.449122 1.094922 -0.542130
v -0.448005 1.079253 -0.545016
v -0.442936 1.065475 -0.551301
v -0.434526 1.055249 -0.560232
v -0.423789 1.049807 -0.570728
v -0.412021 1.049807 -0.581525
v -0.400640 1.055249 -0.591319
v -0.391020 1.065475 -0.598931
v -0.384321 1.079253 -0.603441
v -0.316303 1.102027 -0.529300
v -0.315186 1.086359 -0.532186
v -0.321372 1.115805 -0.523013
v -0.329783 1.126032 -0.514084
v -0.340519 1.131473 -0.503588
v -0.352288 1.131473 -0.492792
v -0.363668 1.126032 -0.482997
v -0.373288 1.115805 -0.475385
v -0.379987 1.102027 -0.470875
v -0.382957 1.086359 -0.470010
v -0.381840 1.070691 -0.472896
v -0.376771 1.056913 -0.479183
v -0.368361 1.046686 -0.488112
v -0.357624 1.041244 -0.498608
v -0.345856 1.041244 -0.509405
v -0.334475 1.046686 -0.519199
v -0.324856 1.056912 -0.526811
v -0.318156 1.070691 -0.531321
v -0.250138 1.093464 -0.457181
v -0.249021 1.077796 -0.460066
v -0.255208 1.107243 -0.450895
v -0.263618 1.117469 -0.441964
v -0.274355 1.122911 -0.431468
v -0.286123 1.122911 -0.420672
v -0.297503 1.117469 -0.410877
v -0.307123 1.107243 -0.403266
v -0.313822 1.093464 -0.398755
v -0.316792 1.077796 -0.397891
v -0.315676 1.062128 -0.400775
v -0.310606 1.048350 -0.407062
v -0.302196 1.038123 -0.415992
v -0.291459 1.032682 -0.426488
v -0.279691 1.032682 -0.437286
v -0.268311 1.038123 -0.447080
v -0.258691 1.048350 -0.454691
v -0.251992 1.062128 -0.459201
v -0.183974 1.084902 -0.385062
v -0.182857 1.069233 -0.387946
v -0.189043 1.098680 -0.378775
v -0.197453 1.108907 -0.369845
v -0.208190 1.114348 -0.359349
v -0.219958 1.114348 -0.348552
v -0.231339 1.108907 -0.338757
v -0.240958 1.098680 -0.331146
v -0.247658 1.084902 -0.326636
v -0.250628 1.069233 -0.325771
v -0.249511 1.053565 -0.328656
v -0.244442 1.039787 -0.334941
v -0.236032 1.029560 -0.343872
v -0.225295 1.024119 -0.354369
v -0.213526 1.024119 -0.365165
v -0.202146 1.029560 -0.374960
v -0.192526 1.039787 -0.382572
v -0.185827 1.053565 -0.387081
v -0.117809 1.076339 -0.312942
v -0.116692 1.060671 -0.315826
v -0.122878 1.090117 -0.306655
v -0.131288 1.100344 -0.297725
v -0.142025 1.105785 -0.287229
v -0.153793 1.105785 -0.276432
v -0.165174 1.100344 -0.266637
v -0.174794 1.090117 -0.259026
v -0.181493 1.076339 -0.254516
v -0.184463 1.060671 -0.253651
v -0.183346 1.045003 -0.256537
v -0.178277 1.031224 -0.262823
v -0.169867 1.020998 -0.271753
v -0.159130 1.015556 -0.282249
v -0.147362 1.015556 -0.293045
v -0.135981 1.020998 -0.302841
v -0.126361 1.031224 -0.310452
v -0.119662 1.045003 -0.314962
v -0.150578 1.060671 -0.284739
vn 0.7369 -0.0000 -0.6760
vn 0.1093 -0.4771 -0.8720
vn 0.0221 -0.2539 -0.9670
vn -0.0081 -0.0000 -1.0000
vn 0.4066 -0.7311 -0.5479
vn 0.2428 -0.6429 -0.7264
vn 0.7446 -0.6429 -0.1795
vn 0.5809 -0.7311 -0.3580
vn 0.9653 -0.2538 0.0607
vn 0.8782 -0.4772 -0.0339
vn 0.9653 0.2539 0.0611
vn 0.9956 -0.0000 0.0940
vn 0.7446 0.6429 -0.1795
vn 0.8782 0.4772 -0.0339
vn 0.4066 0.7311 -0.5479
vn 0.5809 0.7311 -0.3580
vn 0.1093 0.4771 -0.8720
vn 0.2428 0.6429 -0.7264
vn 0.0221 0.2539 -0.9670
vn -0.6353 -0.3420 -0.6924
vn -0.6760 -0.0000 -0.7369
vn -0.5179 -0.6428 -0.5645
vn -0.3380 -0.8660 -0.3684
vn -0.1174 -0.9848 -0.1279
vn 0.1174 -0.9848 0.1279
vn 0.3380 -0.8660 0.3684
vn 0.5179 -0.6428 0.5645
vn 0.6353 -0.3420 0.6924
vn 0.6760 -0.0000 0.7369
vn 0.6353 0.3420 0.6924
vn 0.5179 0.6428 0.5645
vn 0.3380 0.8660 0.3684
vn 0.1174 0.9848 0.1279
vn -0.1174 0.9848 -0.1279
vn -0.3380 0.8660 -0.3684
vn -0.5179 0.6428 -0.5645
vn -0.6353 0.3420 -0.6924
vn -0.9653 -0.2539 -0.0610
vn -0.9956 -0.0000 -0.0940
vn -0.8782 -0.4772 0.0339
vn -0.7446 -0.6429 0.1795
vn -0.5809 -0.7311 0.3580
vn -0.4066 -0.7311 0.5479
vn -0.2428 -0.6429 0.7265
vn -0.1093 -0.4772 0.8720
vn -0.0221 -0.2539 0.9670
vn 0.0081 -0.0000 1.0000
vn -0.0221 0.2539 0.9670
vn -0.1093 0.4772 0.8720
vn -0.2428 0.6429 0.7265
vn -0.4066 0.7311 0.5479
vn -0.5809 0.7311 0.3580
vn -0.7446 0.6429 0.1795
vn -0.8782 0.4772 0.0339
vn -0.9653 0.2539 -0.0610
vn -0.7369 -0.0000 0.6760
vn 0.1093 -0.4772 -0.8720
vn 0.4066 -0.7310 -0.5480
vn 0.2428 -0.6429 -0.7265
vn 0.7447 -0.6429 -0.1795
vn 0.5809 -0.7310 -0.3580
vn 0.9653 -0.2539 0.0610
vn 0.9653 0.2539 0.0610
vn 0.7447 0.6429 -0.1795
vn 0.4066 0.7310 -0.5480
vn 0.5809 0.7310 -0.3580
vn 0.1093 0.4772 -0.8720
vn 0.2428 0.6429 -0.7265
vn -0.1174 -0.9848 -0.1280
vn 0.1174 -0.9848 0.1280
vn 0.6352 -0.3420 0.6924
vn 0.1174 0.9848 0.1280
vn -0.1174 0.9848 -0.1280
vn 0.6352 -0.3420 0.6925
vn 0.6352 0.3420 0.6925
vn 0.3380 -0.8660 0.3685
vn 0.3380 0.8660 0.3685
vn -0.9653 -0.2539 -0.0611
vn -0.7447 -0.6429 0.1795
vn -0.4066 -0.7311 0.5480
vn -0.4066 0.7311 0.5480
vn -0.7447 0.6429 0.1795
vn -0.9653 0.2539 -0.0611
vn -0.8781 0.4772 0.0340
vn -0.9956 -0.0000 -0.0939
vn -0.7446 0.6429 0.1794
vn -0.4065 0.7311 0.5480
vn -0.1094 0.4772 0.8720
vn -0.1094 -0.4772 0.8720
vn -0.4065 -0.7311 0.5480
vn -0.8781 -0.4772 0.0340
vn -0.7446 -0.6429 0.1794
vn -0.5178 0.6428 -0.5645
vn -0.3380 0.8660 -0.3685
vn 0.5178 0.6428 0.5645
vn 0.3381 -0.8660 0.3685
vn -0.3380 -0.8660 -0.3685
vn -0.5178 -0.6428 -0.5645
vn -0.5178 0.6428 -0.5644
vn 0.6352 0.3421 0.6924
vn 0.6352 -0.3421 0.6924
vn 0.5178 -0.6428 0.5644
vn -0.5178 -0.6428 -0.5644
vn 0.5178 0.6428 0.5644
vn 0.6353 0.3421 0.6924
vn 0.6353 -0.3421 0.6924
vn -0.6353 0.3420 -0.6925
vn 0.3381 0.8660 0.3685
vn 0.4066 0.7311 -0.5480
vn 0.5809 0.7311 -0.3579
vn 0.7447 0.6428 -0.1795
vn 0.8781 0.4772 -0.0339
vn 0.9653 0.2540 0.0611
vn 0.9653 -0.2540 0.0611
vn 0.8781 -0.4772 -0.0339
vn 0.7447 -0.6428 -0.1795
vn 0.5809 -0.7311 -0.3579
vn 0.4066 -0.7311 -0.5480
vn -0.8782 0.4772 0.0340
vn -0.9956 -0.0000 -0.0941
vn -0.5809 0.7311 0.3579
vn -0.4065 0.7310 0.5480
vn -0.0221 0.2540 0.9670
vn -0.1094 0.4773 0.8719
vn -0.0221 -0.2540 0.9670
vn -0.1094 -0.4773 0.8719
vn -0.5809 -0.7311 0.3579
vn -0.4065 -0.7310 0.5480
vn -0.8782 -0.4772 0.0340
vn -0.9653 -0.2538 -0.0610
vn 0.5178 0.6429 0.5644
vn 0.5178 -0.6429 0.5644
vn -0.6353 -0.3420 -0.6925
vn 0.2428 0.6428 -0.7265
vn 0.8782 0.4772 -0.0340
vn 0.8782 -0.4772 -0.0340
vn 0.2428 -0.6428 -0.7265
vn 0.0221 -0.2538 -0.9670
vn 0.4282 -0.7739 0.4667
vn -0.3622 -0.8787 0.3110
vn -0.2650 -0.9604 0.0866
vn -0.1015 -0.9887 -0.1107
vn -0.3192 -0.6001 0.7334
vn -0.3810 -0.7536 0.5357
vn 0.0073 -0.2835 0.9589
vn -0.1843 -0.4368 0.8805
vn 0.4647 -0.0767 0.8821
vn 0.2327 -0.1583 0.9596
vn 0.8389 -0.0767 0.5389
vn 0.6753 -0.0484 0.7360
vn 0.9548 -0.2835 0.0897
vn 0.9360 -0.1583 0.3144
vn 0.7582 -0.6002 -0.2549
vn 0.8930 -0.4368 -0.1080
vn 0.3409 -0.8787 -0.3342
vn 0.5665 -0.7536 -0.3335
vn 0.1090 -0.9604 -0.2565
vn -0.7436 -0.5952 -0.3047
vn -0.5231 -0.6334 -0.5703
vn -0.8744 -0.4852 -0.0022
vn -0.8997 -0.3166 0.3004
vn -0.8165 -0.1100 0.5668
vn -0.6348 0.1100 0.7648
vn -0.3766 0.3167 0.8706
vn -0.0729 0.4852 0.8714
vn 0.2395 0.5952 0.7671
vn 0.5231 0.6334 0.5702
vn 0.7436 0.5952 0.3047
vn 0.8744 0.4852 0.0023
vn 0.8997 0.3167 -0.3004
vn 0.8165 0.1100 -0.5667
vn 0.6348 -0.1100 -0.7648
vn 0.3766 -0.3166 -0.8706
vn 0.0729 -0.4852 -0.8714
vn -0.2396 -0.5952 -0.7670
vn -0.5231 -0.6334 -0.5702
vn -0.8997 -0.3167 0.3004
vn -0.8165 -0.1100 0.5667
vn 0.7436 0.5952 0.3046
vn 0.8997 0.3167 -0.3003
vn 0.3766 -0.3167 -0.8706
vn -0.7436 -0.5952 -0.3046
vn -0.5232 -0.6334 -0.5702
vn -0.8997 -0.3167 0.3003
vn -0.6349 0.1100 0.7648
vn -0.3765 0.3167 0.8706
vn 0.5232 0.6334 0.5702
vn 0.3765 -0.3167 -0.8706
vn -0.7437 -0.5952 -0.3046
vn -0.8744 -0.4852 -0.0023
vn -0.6349 0.1099 0.7647
vn 0.2396 0.5952 0.7671
vn 0.8744 0.4852 0.0024
vn 0.8166 0.1101 -0.5667
vn -0.2396 -0.5952 -0.7671
vn -0.8389 0.0767 -0.5388
vn -0.6753 0.0483 -0.7360
vn -0.9359 0.1584 -0.3145
vn -0.9548 0.2834 -0.0897
vn -0.8930 0.4370 0.1079
vn -0.7582 0.6001 0.2550
vn -0.5665 0.7536 0.3335
vn -0.3410 0.8787 0.3341
vn -0.1091 0.9603 0.2568
vn 0.1014 0.9887 0.1105
vn 0.2652 0.9603 -0.0863
vn 0.3622 0.8787 -0.3110
vn 0.3809 0.7536 -0.5356
vn 0.3193 0.6002 -0.7333
vn 0.1843 0.4370 -0.8804
vn -0.0074 0.2833 -0.9590
vn -0.2329 0.1584 -0.9595
vn -0.4647 0.0767 -0.8821
vn -0.4282 0.7739 -0.4667
vn -0.3622 -0.8787 0.3111
vn -0.2654 -0.9603 0.0865
vn -0.1015 -0.9887 -0.1106
vn -0.3193 -0.6001 0.7334
vn -0.3811 -0.7535 0.5357
vn 0.0074 -0.2835 0.9589
vn 0.8389 -0.0766 0.5389
vn 0.6752 -0.0484 0.7361
vn 0.9548 -0.2834 0.0897
vn 0.7582 -0.6001 -0.2550
vn 0.8930 -0.4369 -0.1079
vn 0.3410 -0.8787 -0.3341
vn 0.5664 -0.7536 -0.3336
vn 0.1090 -0.9603 -0.2567
vn 0.8744 0.4852 0.0022
vn 0.8997 0.3166 -0.3004
vn 0.6349 -0.1099 -0.7647
vn -0.2395 -0.5952 -0.7671
vn 0.8165 0.1100 -0.5668
vn 0.6349 -0.1100 -0.7648
vn 0.0728 -0.4852 -0.8714
vn 0.2396 0.5952 0.7670
vn -0.3767 0.3166 0.8706
vn -0.0730 0.4852 0.8714
vn -0.8389 0.0768 -0.5388
vn -0.6752 0.0483 -0.7360
vn -0.9360 0.1584 -0.3144
vn -0.9548 0.2834 -0.0898
vn -0.8930 0.4369 0.1081
vn -0.7583 0.5998 0.2552
vn -0.5666 0.7535 0.3334
vn -0.3411 0.8786 0.3341
vn 0.1014 0.9887 0.1104
vn 0.2652 0.9603 -0.0866
vn 0.3621 0.8787 -0.3111
vn 0.3809 0.7536 -0.5357
vn 0.3192 0.6001 -0.7334
vn 0.1843 0.4368 -0.8805
vn -0.0073 0.2835 -0.9590
vn -0.2327 0.1584 -0.9596
vn -0.4647 0.0768 -0.8821
vn -0.4282 0.7738 -0.4667
vn -0.6735 0.0872 -0.7341
vn -0.0041 0.5337 -0.8456
vn 0.0777 0.3113 -0.9471
vn 0.0958 0.0584 -0.9937
vn -0.3132 0.7867 -0.5320
vn -0.1399 0.6988 -0.7015
vn -0.6869 0.6988 -0.1996
vn -0.5032 0.7867 -0.3578
vn -0.9503 0.3113 -0.0040
vn -0.8422 0.5337 -0.0768
vn -0.9802 -0.1945 -0.0366
vn -0.9982 0.0584 0.0100
vn -0.7626 -0.5820 -0.2822
vn -0.8984 -0.4169 -0.1381
vn -0.3993 -0.6699 -0.6259
vn -0.5893 -0.6699 -0.4517
vn -0.0603 -0.4170 -0.9069
vn -0.2156 -0.5820 -0.7841
vn 0.0478 -0.1945 -0.9797
vn 0.7126 0.3407 -0.6133
vn 0.6024 0.6403 -0.4766
vn 0.4195 0.8627 -0.2824
vn 0.1860 0.9811 -0.0541
vn -0.0699 0.9811 0.1806
vn -0.3174 0.8627 0.3936
vn -0.5266 0.6403 0.5592
vn -0.6723 0.3407 0.6572
vn -0.7126 -0.3407 0.6133
vn -0.6024 -0.6403 0.4766
vn -0.4195 -0.8627 0.2824
vn -0.1860 -0.9811 0.0541
vn 0.0699 -0.9811 -0.1806
vn 0.3174 -0.8627 -0.3936
vn 0.5266 -0.6403 -0.5591
vn 0.6723 -0.3407 -0.6572
vn -0.1860 -0.9811 0.0542
vn 0.5266 -0.6404 -0.5591
vn 0.6023 0.6403 -0.4766
vn -0.5266 0.6403 0.5591
vn 0.5266 -0.6403 -0.5592
vn 0.9802 0.1945 0.0366
vn 0.9982 -0.0584 -0.0100
vn 0.8984 0.4169 0.1381
vn 0.7626 0.5820 0.2822
vn 0.5893 0.6699 0.4517
vn 0.3993 0.6699 0.6259
vn 0.2156 0.5820 0.7841
vn 0.0603 0.4169 0.9069
vn -0.0478 0.1945 0.9797
vn -0.0958 -0.0584 0.9937
vn -0.0777 -0.3113 0.9471
vn 0.0041 -0.5337 0.8456
vn 0.1399 -0.6988 0.7015
vn 0.3132 -0.7867 0.5320
vn 0.5032 -0.7867 0.3578
vn 0.6869 -0.6988 0.1997
vn 0.8422 -0.5337 0.0768
vn 0.9503 -0.3113 0.0040
vn 0.6735 -0.0872 0.7341
s 1
usemtl 
f 2101//1134 2102//1135 2103//1136 2104//1137
f 2101//1134 2105//1138 2106//1139 2102//1135
f 2101//1134 2107//1140 2108//1141 2105//1138
f 2101//1134 2109//1142 2110//1143 2107//1140
f 2101//1134 2111//1144 2112//1145 2109//1142
f 2101//1134 2113//1146 2114//1147 2111//1144
f 2101//1134 2115//1148 2116//1149 2113//1146
f 2101//1134 2117//1150 2118//1151 2115//1148
f 2101//1134 2104//1137 2119//1152 2117//1150
f 2104//1137 2103//1136 2120//1153 2121//1154
f 2103//1136 2102//1135 2122//1155 2120//1153
f 2102//1135 2106//1139 2123//1156 2122//1155
f 2106//1139 2105//1138 2124//1157 2123//1156
f 2105//1138 2108//1141 2125//1158 2124//1157
f 2108//1141 2107//1140 2126//1159 2125//1158
f 2107//1140 2110//1143 2127//1160 2126//1159
f 2110//1143 2109//1142 2128//1161 2127//1160
f 2109//1142 2112//1145 2129//1162 2128//1161
f 2112//1145 2111//1144 2130//1163 2129//1162
f 2111//1144 2114//1147 2131//1164 2130//1163
f 2114//1147 2113//1146 2132//1165 2131//1164
f 2113//1146 2116//1149 2133//1166 2132//1165
f 2116//1149 2115//1148 2134//1167 2133//1166
f 2115//1148 2118//1151 2135//1168 2134//1167
f 2118//1151 2117//1150 2136//1169 2135//1168
f 2117//1150 2119//1152 2137//1170 2136//1169
f 2119//1152 2104//1137 2121//1154 2137//1170
f 2121//1154 2120//1153 2138//1153 2139//1154
f 2120//1153 2122//1155 2140//1155 2138//1153
f 2122//1155 2123//1156 2141//1156 2140//1155
f 2123//1156 2124//1157 2142//1157 2141//1156
f 2124//1157 2125//1158 2143//1158 2142//1157
f 2125//1158 2126//1159 2144//1159 2143//1158
f 2126//1159 2127//1160 2145//1160 2144//1159
f 2127//1160 2128//1161 2146//1161 2145//1160
f 2128//1161 2129//1162 2147//1162 2146//1161
f 2129//1162 2130//1163 2148//1163 2147//1162
f 2130//1163 2131//1164 2149//1164 2148//1163
f 2131//1164 2132//1165 2150//1165 2149//1164
f 2132//1165 2133//1166 2151//1166 2150//1165
f 2133//1166 2134//1167 2152//1167 2151//1166
f 2134//1167 2135//1168 2153//1168 2152//1167
f 2135//1168 2136//1169 2154//1169 2153//1168
f 2136//1169 2137//1170 2155//1170 2154//1169
f 2137//1170 2121//1154 2139//1154 2155//1170
f 2139//1154 2138//1153 2156//1153 2157//1154
f 2138//1153 2140//1155 2158//1155 2156//1153
f 2140//1155 2141//1156 2159//1156 2158//1155
f 2141//1156 2142//1157 2160//1157 2159//1156
f 2142//1157 2143//1158 2161//1158 2160//1157
f 2143//1158 2144//1159 2162//1159 2161//1158
f 2144//1159 2145//1160 2163//1160 2162//1159
f 2145//1160 2146//1161 2164//1161 2163//1160
f 2146//1161 2147//1162 2165//1162 2164//1161
f 2147//1162 2148//1163 2166//1163 2165//1162
f 2148//1163 2149//1164 2167//1164 2166//1163
f 2149//1164 2150//1165 2168//1165 2167//1164
f 2150//1165 2151//1166 2169//1166 2168//1165
f 2151//1166 2152//1167 2170//1167 2169//1166
f 2152//1167 2153//1168 2171//1168 2170//1167
f 2153//1168 2154//1169 2172//1169 2171//1168
f 2154//1169 2155//1170 2173//1170 2172//1169
f 2155//1170 2139//1154 2157//1154 2173//1170
f 2157//1154 2156//1153 2174//1153 2175//1154
f 2156//1153 2158//1155 2176//1155 2174//1153
f 2158//1155 2159//1156 2177//1156 2176//1155
f 2159//1156 2160//1157 2178//1157 2177//1156
f 2160//1157 2161//1158 2179//1158 2178//1157
f 2161//1158 2162//1159 2180//1159 2179//1158
f 2162//1159 2163//1160 2181//1160 2180//1159
f 2163//1160 2164//1161 2182//1161 2181//1160
f 2164//1161 2165//1162 2183//1162 2182//1161
f 2165//1162 2166//1163 2184//1163 2183//1162
f 2166//1163 2167//1164 2185//1164 2184//1163
f 2167//1164 2168//1165 2186//1165 2185//1164
f 2168//1165 2169//1166 2187//1166 2186//1165
f 2169//1166 2170//1167 2188//1167 2187//1166
f 2170//1167 2171//1168 2189//1168 2188//1167
f 2171//1168 2172//1169 2190//1169 2189//1168
f 2172//1169 2173//1170 2191//1170 2190//1169
f 2173//1170 2157//1154 2175//1154 2191//1170
f 2175//1154 2174//1153 2192//1171 2193//1172
f 2174//1153 2176//1155 2194//1173 2192//1171
f 2176//1155 2177//1156 2195//1174 2194//1173
f 2177//1156 2178//1157 2196//1175 2195//1174
f 2178//1157 2179//1158 2197//1176 2196//1175
f 2179//1158 2180//1159 2198//1177 2197//1176
f 2180//1159 2181//1160 2199//1178 2198//1177
f 2181//1160 2182//1161 2200//1179 2199//1178
f 2182//1161 2183//1162 2201//1180 2200//1179
f 2183//1162 2184//1163 2202//1181 2201//1180
f 2184//1163 2185//1164 2203//1182 2202//1181
f 2185//1164 2186//1165 2204//1183 2203//1182
f 2186//1165 2187//1166 2205//1184 2204//1183
f 2187//1166 2188//1167 2206//1185 2205//1184
f 2188//1167 2189//1168 2207//1186 2206//1185
f 2189//1168 2190//1169 2208//1187 2207//1186
f 2190//1169 2191//1170 2209//1188 2208//1187
f 2191//1170 2175//1154 2193//1172 2209//1188
f 2210//1189 2209//1188 2193//1172 2192//1171
f 2210//1189 2192//1171 2194//1173 2195//1174
f 2210//1189 2195//1174 2196//1175 2197//1176
f 2210//1189 2197//1176 2198//1177 2199//1178
f 2210//1189 2199//1178 2200//1179 2201//1180
f 2210//1189 2201//1180 2202//1181 2203//1182
f 2210//1189 2203//1182 2204//1183 2205//1184
f 2210//1189 2205//1184 2206//1185 2207//1186
f 2210//1189 2207//1186 2208//1187 2209//1188
f 2211//1134 2212//1190 2213//1136 2214//1137
f 2211//1134 2215//1191 2216//1192 2212//1190
f 2211//1134 2217//1193 2218//1194 2215//1191
f 2211//1134 2219//1195 2220//1143 2217//1193
f 2211//1134 2221//1196 2222//1145 2219//1195
f 2211//1134 2223//1197 2224//1147 2221//1196
f 2211//1134 2225//1198 2226//1199 2223//1197
f 2211//1134 2227//1200 2228//1201 2225//1198
f 2211//1134 2214//1137 2229//1152 2227//1200
f 2214//1137 2213//1136 2230//1153 2231//1154
f 2213//1136 2212//1190 2232//1155 2230//1153
f 2212//1190 2216//1192 2233//1156 2232//1155
f 2216//1192 2215//1191 2234//1202 2233//1156
f 2215//1191 2218//1194 2235//1203 2234//1202
f 2218//1194 2217//1193 2236//1159 2235//1203
f 2217//1193 2220//1143 2237//1160 2236//1159
f 2220//1143 2219//1195 2238//1204 2237//1160
f 2219//1195 2222//1145 2239//1162 2238//1204
f 2222//1145 2221//1196 2240//1163 2239//1162
f 2221//1196 2224//1147 2241//1164 2240//1163
f 2224//1147 2223//1197 2242//1165 2241//1164
f 2223//1197 2226//1199 2243//1205 2242//1165
f 2226//1199 2225//1198 2244//1206 2243//1205
f 2225//1198 2228//1201 2245//1168 2244//1206
f 2228//1201 2227//1200 2246//1169 2245//1168
f 2227//1200 2229//1152 2247//1170 2246//1169
f 2229//1152 2214//1137 2231//1154 2247//1170
f 2231//1154 2230//1153 2248//1153 2249//1154
f 2230//1153 2232//1155 2250//1155 2248//1153
f 2232//1155 2233//1156 2251//1156 2250//1155
f 2233//1156 2234//1202 2252//1202 2251//1156
f 2234//1202 2235//1203 2253//1203 2252//1202
f 2235//1203 2236//1159 2254//1159 2253//1203
f 2236//1159 2237//1160 2255//1160 2254//1159
f 2237//1160 2238//1204 2256//1207 2255//1160
f 2238//1204 2239//1162 2257//1162 2256//1207
f 2239//1162 2240//1163 2258//1208 2257//1162
f 2240//1163 2241//1164 2259//1164 2258//1208
f 2241//1164 2242//1165 2260//1165 2259//1164
f 2242//1165 2243//1205 2261//1205 2260//1165
f 2243//1205 2244//1206 2262//1206 2261//1205
f 2244//1206 2245//1168 2263//1168 2262//1206
f 2245//1168 2246//1169 2264//1169 2263//1168
f 2246//1169 2247//1170 2265//1170 2264//1169
f 2247//1170 2231//1154 2249//1154 2265//1170
f 2249//1154 2248//1153 2266//1153 2267//1154
f 2248//1153 2250//1155 2268//1155 2266//1153
f 2250//1155 2251//1156 2269//1156 2268//1155
f 2251//1156 2252//1202 2270//1202 2269//1156
f 2252//1202 2253//1203 2271//1203 2270//1202
f 2253//1203 2254//1159 2272//1209 2271//1203
f 2254//1159 2255//1160 2273//1160 2272//1209
f 2255//1160 2256//1207 2274//1161 2273//1160
f 2256//1207 2257//1162 2275//1162 2274//1161
f 2257//1162 2258//1208 2276//1163 2275//1162
f 2258//1208 2259//1164 2277//1164 2276//1163
f 2259//1164 2260//1165 2278//1210 2277//1164
f 2260//1165 2261//1205 2279//1205 2278//1210
f 2261//1205 2262//1206 2280//1206 2279//1205
f 2262//1206 2263//1168 2281//1168 2280//1206
f 2263//1168 2264//1169 2282//1169 2281//1168
f 2264//1169 2265//1170 2283//1170 2282//1169
f 2265//1170 2249//1154 2267//1154 2283//1170
f 2267//1154 2266//1153 2284//1153 2285//1154
f 2266//1153 2268//1155 2286//1155 2284//1153
f 2268//1155 2269//1156 2287//1156 2286//1155
f 2269//1156 2270//1202 2288//1202 2287//1156
f 2270//1202 2271//1203 2289//1203 2288//1202
f 2271//1203 2272//1209 2290//1159 2289//1203
f 2272//1209 2273//1160 2291//1160 2290//1159
f 2273//1160 2274//1161 2292//1161 2291//1160
f 2274//1161 2275//1162 2293//1162 2292//1161
f 2275//1162 2276//1163 2294//1163 2293//1162
f 2276//1163 2277//1164 2295//1164 2294//1163
f 2277//1164 2278//1210 2296//1165 2295//1164
f 2278//1210 2279//1205 2297//1205 2296//1165
f 2279//1205 2280//1206 2298//1206 2297//1205
f 2280//1206 2281//1168 2299//1168 2298//1206
f 2281//1168 2282//1169 2300//1169 2299//1168
f 2282//1169 2283//1170 2301//1170 2300//1169
f 2283//1170 2267//1154 2285//1154 2301//1170
f 2285//1154 2284//1153 2302//1211 2303//1172
f 2284//1153 2286//1155 2304//1173 2302//1211
f 2286//1155 2287//1156 2305//1212 2304//1173
f 2287//1156 2288//1202 2306//1175 2305//1212
f 2288//1202 2289//1203 2307//1213 2306//1175
f 2289//1203 2290//1159 2308//1177 2307//1213
f 2290//1159 2291//1160 2309//1178 2308//1177
f 2291//1160 2292//1161 2310//1179 2309//1178
f 2292//1161 2293//1162 2311//1180 2310//1179
f 2293//1162 2294//1163 2312//1181 2311//1180
f 2294//1163 2295//1164 2313//1182 2312//1181
f 2295//1164 2296//1165 2314//1183 2313//1182
f 2296//1165 2297//1205 2315//1214 2314//1183
f 2297//1205 2298//1206 2316//1185 2315//1214
f 2298//1206 2299//1168 2317//1215 2316//1185
f 2299//1168 2300//1169 2318//1187 2317//1215
f 2300//1169 2301//1170 2319//1216 2318//1187
f 2301//1170 2285//1154 2303//1172 2319//1216
f 2320//1189 2319//1216 2303//1172 2302//1211
f 2320//1189 2302//1211 2304//1173 2305//1212
f 2320//1189 2305//1212 2306//1175 2307//1213
f 2320//1189 2307//1213 2308//1177 2309//1178
f 2320//1189 2309//1178 2310//1179 2311//1180
f 2320//1189 2311//1180 2312//1181 2313//1182
f 2320//1189 2313//1182 2314//1183 2315//1214
f 2320//1189 2315//1214 2316//1185 2317//1215
f 2320//1189 2317//1215 2318//1187 2319//1216
f 2321//1189 2322//1217 2323//1216 2324//1218
f 2321//1189 2325//1185 2326//1219 2322//1217
f 2321//1189 2327//1183 2328//1220 2325//1185
f 2321//1189 2329//1181 2330//1221 2327//1183
f 2321//1189 2331//1179 2332//1180 2329//1181
f 2321//1189 2333//1177 2334//1222 2331//1179
f 2321//1189 2335//1175 2336//1223 2333//1177
f 2321//1189 2337//1224 2338//1225 2335//1175
f 2321//1189 2324//1218 2339//1211 2337//1224
f 2324//1218 2323//1216 2340//1170 2341//1154
f 2323//1216 2322//1217 2342//1226 2340//1170
f 2322//1217 2326//1219 2343//1227 2342//1226
f 2326//1219 2325//1185 2344//1206 2343//1227
f 2325//1185 2328//1220 2345//1205 2344//1206
f 2328//1220 2327//1183 2346//1210 2345//1205
f 2327//1183 2330//1221 2347//1228 2346//1210
f 2330//1221 2329//1181 2348//1163 2347//1228
f 2329//1181 2332//1180 2349//1162 2348//1163
f 2332//1180 2331//1179 2350//1161 2349//1162
f 2331//1179 2334//1222 2351//1160 2350//1161
f 2334//1222 2333//1177 2352//1229 2351//1160
f 2333//1177 2336//1223 2353//1203 2352//1229
f 2336//1223 2335//1175 2354//1202 2353//1203
f 2335//1175 2338//1225 2355//1230 2354//1202
f 2338//1225 2337//1224 2356//1231 2355//1230
f 2337//1224 2339//1211 2357//1153 2356//1231
f 2339//1211 2324//1218 2341//1154 2357//1153
f 2341//1154 2340//1170 2358//1170 2359//1154
f 2340//1170 2342//1226 2360//1232 2358//1170
f 2342//1226 2343//1227 2361//1227 2360//1232
f 2343//1227 2344//1206 2362//1206 2361//1227
f 2344//1206 2345//1205 2363//1205 2362//1206
f 2345//1205 2346//1210 2364//1210 2363//1205
f 2346//1210 2347//1228 2365//1228 2364//1210
f 2347//1228 2348//1163 2366//1233 2365//1228
f 2348//1163 2349//1162 2367//1162 2366//1233
f 2349//1162 2350//1161 2368//1234 2367//1162
f 2350//1161 2351//1160 2369//1235 2368//1234
f 2351//1160 2352//1229 2370//1229 2369//1235
f 2352//1229 2353//1203 2371//1203 2370//1229
f 2353//1203 2354//1202 2372//1202 2371//1203
f 2354//1202 2355//1230 2373//1230 2372//1202
f 2355//1230 2356//1231 2374//1236 2373//1230
f 2356//1231 2357//1153 2375//1153 2374//1236
f 2357//1153 2341//1154 2359//1154 2375//1153
f 2359//1154 2358//1170 2376//1170 2377//1154
f 2358//1170 2360//1232 2378//1232 2376//1170
f 2360//1232 2361//1227 2379//1227 2378//1232
f 2361//1227 2362//1206 2380//1206 2379//1227
f 2362//1206 2363//1205 2381//1205 2380//1206
f 2363//1205 2364//1210 2382//1210 2381//1205
f 2364//1210 2365//1228 2383//1237 2382//1210
f 2365//1228 2366//1233 2384//1238 2383//1237
f 2366//1233 2367//1162 2385//1162 2384//1238
f 2367//1162 2368//1234 2386//1239 2385//1162
f 2368//1234 2369//1235 2387//1235 2386//1239
f 2369//1235 2370//1229 2388//1229 2387//1235
f 2370//1229 2371//1203 2389//1203 2388//1229
f 2371//1203 2372//1202 2390//1202 2389//1203
f 2372//1202 2373//1230 2391//1230 2390//1202
f 2373//1230 2374//1236 2392//1236 2391//1230
f 2374//1236 2375//1153 2393//1153 2392//1236
f 2375//1153 2359//1154 2377//1154 2393//1153
f 2377//1154 2376//1170 2394//1240 2395//1154
f 2376//1170 2378//1232 2396//1226 2394//1240
f 2378//1232 2379//1227 2397//1168 2396//1226
f 2379//1227 2380//1206 2398//1206 2397//1168
f 2380//1206 2381//1205 2399//1205 2398//1206
f 2381//1205 2382//1210 2400//1241 2399//1205
f 2382//1210 2383//1237 2401//1164 2400//1241
f 2383//1237 2384//1238 2402//1238 2401//1164
f 2384//1238 2385//1162 2403//1162 2402//1238
f 2385//1162 2386//1239 2404//1239 2403//1162
f 2386//1239 2387//1235 2405//1160 2404//1239
f 2387//1235 2388//1229 2406//1229 2405//1160
f 2388//1229 2389//1203 2407//1203 2406//1229
f 2389//1203 2390//1202 2408//1202 2407//1203
f 2390//1202 2391//1230 2409//1230 2408//1202
f 2391//1230 2392//1236 2410//1231 2409//1230
f 2392//1236 2393//1153 2411//1153 2410//1231
f 2393//1153 2377//1154 2395//1154 2411//1153
f 2395//1154 2394//1240 2412//1152 2413//1137
f 2394//1240 2396//1226 2414//1200 2412//1152
f 2396//1226 2397//1168 2415//1201 2414//1200
f 2397//1168 2398//1206 2416//1242 2415//1201
f 2398//1206 2399//1205 2417//1243 2416//1242
f 2399//1205 2400//1241 2418//1244 2417//1243
f 2400//1241 2401//1164 2419//1245 2418//1244
f 2401//1164 2402//1238 2420//1246 2419//1245
f 2402//1238 2403//1162 2421//1145 2420//1246
f 2403//1162 2404//1239 2422//1247 2421//1145
f 2404//1239 2405//1160 2423//1248 2422//1247
f 2405//1160 2406//1229 2424//1249 2423//1248
f 2406//1229 2407//1203 2425//1250 2424//1249
f 2407//1203 2408//1202 2426//1251 2425//1250
f 2408//1202 2409//1230 2427//1192 2426//1251
f 2409//1230 2410//1231 2428//1190 2427//1192
f 2410//1231 2411//1153 2429//1136 2428//1190
f 2411//1153 2395//1154 2413//1137 2429//1136
f 2430//1134 2429//1136 2413//1137 2412//1152
f 2430//1134 2412//1152 2414//1200 2415//1201
f 2430//1134 2415//1201 2416//1242 2417//1243
f 2430//1134 2417//1243 2418//1244 2419//1245
f 2430//1134 2419//1245 2420//1246 2421//1145
f 2430//1134 2421//1145 2422//1247 2423//1248
f 2430//1134 2423//1248 2424//1249 2425//1250
f 2430//1134 2425//1250 2426//1251 2427//1192
f 2430//1134 2427//1192 2428//1190 2429//1136
f 2431//1189 2432//1252 2433//1188 2434//1253
f 2431//1189 2435//1254 2436//1215 2432//1252
f 2431//1189 2437//1183 2438//1255 2435//1254
f 2431//1189 2439//1256 2440//1257 2437//1183
f 2431//1189 2441//1258 2442//1180 2439//1256
f 2431//1189 2443//1177 2444//1259 2441//1258
f 2431//1189 2445//1260 2446//1261 2443//1177
f 2431//1189 2447//1262 2448//1212 2445//1260
f 2431//1189 2434//1253 2449//1263 2447//1262
f 2434//1253 2433//1188 2450//1170 2451//1154
f 2433//1188 2432//1252 2452//1169 2450//1170
f 2432//1252 2436//1215 2453//1227 2452//1169
f 2436//1215 2435//1254 2454//1206 2453//1227
f 2435//1254 2438//1255 2455//1205 2454//1206
f 2438//1255 2437//1183 2456//1241 2455//1205
f 2437//1183 2440//1257 2457//1264 2456//1241
f 2440//1257 2439//1256 2458//1238 2457//1264
f 2439//1256 2442//1180 2459//1162 2458//1238
f 2442//1180 2441//1258 2460//1239 2459//1162
f 2441//1258 2444//1259 2461//1265 2460//1239
f 2444//1259 2443//1177 2462//1229 2461//1265
f 2443//1177 2446//1261 2463//1203 2462//1229
f 2446//1261 2445//1260 2464//1202 2463//1203
f 2445//1260 2448//1212 2465//1156 2464//1202
f 2448//1212 2447//1262 2466//1155 2465//1156
f 2447//1262 2449//1263 2467//1153 2466//1155
f 2449//1263 2434//1253 2451//1154 2467//1153
f 2451//1154 2450//1170 2468//1170 2469//1154
f 2450//1170 2452//1169 2470//1169 2468//1170
f 2452//1169 2453//1227 2471//1168 2470//1169
f 2453//1227 2454//1206 2472//1206 2471//1168
f 2454//1206 2455//1205 2473//1205 2472//1206
f 2455//1205 2456//1241 2474//1241 2473//1205
f 2456//1241 2457//1264 2475//1164 2474//1241
f 2457//1264 2458//1238 2476//1238 2475//1164
f 2458//1238 2459//1162 2477//1162 2476//1238
f 2459//1162 2460//1239 2478//1239 2477//1162
f 2460//1239 2461//1265 2479//1160 2478//1239
f 2461//1265 2462//1229 2480//1229 2479//1160
f 2462//1229 2463//1203 2481//1203 2480//1229
f 2463//1203 2464//1202 2482//1202 2481//1203
f 2464//1202 2465//1156 2483//1156 2482//1202
f 2465//1156 2466//1155 2484//1155 2483//1156
f 2466//1155 2467//1153 2485//1153 2484//1155
f 2467//1153 2451//1154 2469//1154 2485//1153
f 2469//1154 2468//1170 2486//1170 2487//1154
f 2468//1170 2470//1169 2488//1169 2486//1170
f 2470//1169 2471//1168 2489//1168 2488//1169
f 2471//1168 2472//1206 2490//1206 2489//1168
f 2472//1206 2473//1205 2491//1205 2490//1206
f 2473//1205 2474//1241 2492//1241 2491//1205
f 2474//1241 2475//1164 2493//1164 2492//1241
f 2475//1164 2476//1238 2494//1233 2493//1164
f 2476//1238 2477//1162 2495//1162 2494//1233
f 2477//1162 2478//1239 2496//1161 2495//1162
f 2478//1239 2479//1160 2497//1160 2496//1161
f 2479//1160 2480//1229 2498//1229 2497//1160
f 2480//1229 2481//1203 2499//1203 2498//1229
f 2481//1203 2482//1202 2500//1202 2499//1203
f 2482//1202 2483//1156 2501//1156 2500//1202
f 2483//1156 2484//1155 2502//1155 2501//1156
f 2484//1155 2485//1153 2503//1266 2502//1155
f 2485//1153 2469//1154 2487//1154 2503//1266
f 2487//1154 2486//1170 2504//1170 2505//1154
f 2486//1170 2488//1169 2506//1169 2504//1170
f 2488//1169 2489//1168 2507//1168 2506//1169
f 2489//1168 2490//1206 2508//1206 2507//1168
f 2490//1206 2491//1205 2509//1205 2508//1206
f 2491//1205 2492//1241 2510//1241 2509//1205
f 2492//1241 2493//1164 2511//1164 2510//1241
f 2493//1164 2494//1233 2512//1233 2511//1164
f 2494//1233 2495//1162 2513//1162 2512//1233
f 2495//1162 2496//1161 2514//1234 2513//1162
f 2496//1161 2497//1160 2515//1160 2514//1234
f 2497//1160 2498//1229 2516//1229 2515//1160
f 2498//1229 2499//1203 2517//1203 2516//1229
f 2499//1203 2500//1202 2518//1202 2517//1203
f 2500//1202 2501//1156 2519//1156 2518//1202
f 2501//1156 2502//1155 2520//1155 2519//1156
f 2502//1155 2503//1266 2521//1153 2520//1155
f 2503//1266 2487//1154 2505//1154 2521//1153
f 2505//1154 2504//1170 2522//1152 2523//1137
f 2504//1170 2506//1169 2524//1150 2522//1152
f 2506//1169 2507//1168 2525//1267 2524//1150
f 2507//1168 2508//1206 2526//1242 2525//1267
f 2508//1206 2509//1205 2527//1243 2526//1242
f 2509//1205 2510//1241 2528//1244 2527//1243
f 2510//1241 2511//1164 2529//1268 2528//1244
f 2511//1164 2512//1233 2530//1246 2529//1268
f 2512//1233 2513//1162 2531//1145 2530//1246
f 2513//1162 2514//1234 2532//1247 2531//1145
f 2514//1234 2515//1160 2533//1269 2532//1247
f 2515//1160 2516//1229 2534//1249 2533//1269
f 2516//1229 2517//1203 2535//1250 2534//1249
f 2517//1203 2518//1202 2536//1251 2535//1250
f 2518//1202 2519//1156 2537//1270 2536//1251
f 2519//1156 2520//1155 2538//1135 2537//1270
f 2520//1155 2521//1153 2539//1271 2538//1135
f 2521//1153 2505//1154 2523//1137 2539//1271
f 2540//1134 2539//1271 2523//1137 2522//1152
f 2540//1134 2522//1152 2524//1150 2525//1267
f 2540//1134 2525//1267 2526//1242 2527//1243
f 2540//1134 2527//1243 2528//1244 2529//1268
f 2540//1134 2529//1268 2530//1246 2531//1145
f 2540//1134 2531//1145 2532//1247 2533//1269
f 2540//1134 2533//1269 2534//1249 2535//1250
f 2540//1134 2535//1250 2536//1251 2537//1270
f 2540//1134 2537//1270 2538//1135 2539//1271
f 2541//1272 2542//1273 2543//1274 2544//1275
f 2541//1272 2545//1276 2546//1277 2542//1273
f 2541//1272 2547//1278 2548//1279 2545//1276
f 2541//1272 2549//1280 2550//1281 2547//1278
f 2541//1272 2551//1282 2552//1283 2549//1280
f 2541//1272 2553//1284 2554//1285 2551//1282
f 2541//1272 2555//1286 2556//1287 2553//1284
f 2541//1272 2557//1288 2558//1289 2555//1286
f 2541//1272 2544//1275 2559//1290 2557//1288
f 2544//1275 2543//1274 2560//1291 2561//1292
f 2543//1274 2542//1273 2562//1293 2560//1291
f 2542//1273 2546//1277 2563//1294 2562//1293
f 2546//1277 2545//1276 2564//1295 2563//1294
f 2545//1276 2548//1279 2565//1296 2564//1295
f 2548//1279 2547//1278 2566//1297 2565//1296
f 2547//1278 2550//1281 2567//1298 2566//1297
f 2550//1281 2549//1280 2568//1299 2567//1298
f 2549//1280 2552//1283 2569//1300 2568//1299
f 2552//1283 2551//1282 2570//1301 2569//1300
f 2551//1282 2554//1285 2571//1302 2570//1301
f 2554//1285 2553//1284 2572//1303 2571//1302
f 2553//1284 2556//1287 2573//1304 2572//1303
f 2556//1287 2555//1286 2574//1305 2573//1304
f 2555//1286 2558//1289 2575//1306 2574//1305
f 2558//1289 2557//1288 2576//1307 2575//1306
f 2557//1288 2559//1290 2577//1308 2576//1307
f 2559//1290 2544//1275 2561//1292 2577//1308
f 2561//1292 2560//1291 2578//1291 2579//1309
f 2560//1291 2562//1293 2580//1293 2578//1291
f 2562//1293 2563//1294 2581//1310 2580//1293
f 2563//1294 2564//1295 2582//1311 2581//1310
f 2564//1295 2565//1296 2583//1296 2582//1311
f 2565//1296 2566//1297 2584//1297 2583//1296
f 2566//1297 2567//1298 2585//1298 2584//1297
f 2567//1298 2568//1299 2586//1299 2585//1298
f 2568//1299 2569//1300 2587//1300 2586//1299
f 2569//1300 2570//1301 2588//1312 2587//1300
f 2570//1301 2571//1302 2589//1302 2588//1312
f 2571//1302 2572//1303 2590//1313 2589//1302
f 2572//1303 2573//1304 2591//1304 2590//1313
f 2573//1304 2574//1305 2592//1305 2591//1304
f 2574//1305 2575//1306 2593//1314 2592//1305
f 2575//1306 2576//1307 2594//1307 2593//1314
f 2576//1307 2577//1308 2595//1308 2594//1307
f 2577//1308 2561//1292 2579//1309 2595//1308
f 2579//1309 2578//1291 2596//1315 2597//1316
f 2578//1291 2580//1293 2598//1293 2596//1315
f 2580//1293 2581//1310 2599//1317 2598//1293
f 2581//1310 2582//1311 2600//1311 2599//1317
f 2582//1311 2583//1296 2601//1318 2600//1311
f 2583//1296 2584//1297 2602//1319 2601//1318
f 2584//1297 2585//1298 2603//1298 2602//1319
f 2585//1298 2586//1299 2604//1299 2603//1298
f 2586//1299 2587//1300 2605//1320 2604//1299
f 2587//1300 2588//1312 2606//1312 2605//1320
f 2588//1312 2589//1302 2607//1302 2606//1312
f 2589//1302 2590//1313 2608//1313 2607//1302
f 2590//1313 2591//1304 2609//1304 2608//1313
f 2591//1304 2592//1305 2610//1305 2609//1304
f 2592//1305 2593//1314 2611//1321 2610//1305
f 2593//1314 2594//1307 2612//1307 2611//1321
f 2594//1307 2595//1308 2613//1308 2612//1307
f 2595//1308 2579//1309 2597//1316 2613//1308
f 2597//1316 2596//1315 2614//1322 2615//1316
f 2596//1315 2598//1293 2616//1323 2614//1322
f 2598//1293 2599//1317 2617//1310 2616//1323
f 2599//1317 2600//1311 2618//1311 2617//1310
f 2600//1311 2601//1318 2619//1324 2618//1311
f 2601//1318 2602//1319 2620//1319 2619//1324
f 2602//1319 2603//1298 2621//1298 2620//1319
f 2603//1298 2604//1299 2622//1325 2621//1298
f 2604//1299 2605//1320 2623//1320 2622//1325
f 2605//1320 2606//1312 2624//1312 2623//1320
f 2606//1312 2607//1302 2625//1326 2624//1312
f 2607//1302 2608//1313 2626//1313 2625//1326
f 2608//1313 2609//1304 2627//1327 2626//1313
f 2609//1304 2610//1305 2628//1305 2627//1327
f 2610//1305 2611//1321 2629//1321 2628//1305
f 2611//1321 2612//1307 2630//1307 2629//1321
f 2612//1307 2613//1308 2631//1328 2630//1307
f 2613//1308 2597//1316 2615//1316 2631//1328
f 2615//1316 2614//1322 2632//1329 2633//1330
f 2614//1322 2616//1323 2634//1331 2632//1329
f 2616//1323 2617//1310 2635//1332 2634//1331
f 2617//1310 2618//1311 2636//1333 2635//1332
f 2618//1311 2619//1324 2637//1334 2636//1333
f 2619//1324 2620//1319 2638//1335 2637//1334
f 2620//1319 2621//1298 2639//1336 2638//1335
f 2621//1298 2622//1325 2640//1337 2639//1336
f 2622//1325 2623//1320 2641//1338 2640//1337
f 2623//1320 2624//1312 2642//1339 2641//1338
f 2624//1312 2625//1326 2643//1340 2642//1339
f 2625//1326 2626//1313 2644//1341 2643//1340
f 2626//1313 2627//1327 2645//1342 2644//1341
f 2627//1327 2628//1305 2646//1343 2645//1342
f 2628//1305 2629//1321 2647//1344 2646//1343
f 2629//1321 2630//1307 2648//1345 2647//1344
f 2630//1307 2631//1328 2649//1346 2648//1345
f 2631//1328 2615//1316 2633//1330 2649//1346
f 2650//1347 2649//1346 2633//1330 2632//1329
f 2650//1347 2632//1329 2634//1331 2635//1332
f 2650//1347 2635//1332 2636//1333 2637//1334
f 2650//1347 2637//1334 2638//1335 2639//1336
f 2650//1347 2639//1336 2640//1337 2641//1338
f 2650//1347 2641//1338 2642//1339 2643//1340
f 2650//1347 2643//1340 2644//1341 2645//1342
f 2650//1347 2645//1342 2646//1343 2647//1344
f 2650//1347 2647//1344 2648//1345 2649//1346
f 2651//1272 2652//1348 2653//1349 2654//1350
f 2651//1272 2655//1351 2656//1352 2652//1348
f 2651//1272 2657//1353 2658//1279 2655//1351
f 2651//1272 2659//1280 2660//1281 2657//1353
f 2651//1272 2661//1354 2662//1355 2659//1280
f 2651//1272 2663//1356 2664//1285 2661//1354
f 2651//1272 2665//1357 2666//1358 2663//1356
f 2651//1272 2667//1359 2668//1360 2665//1357
f 2651//1272 2654//1350 2669//1361 2667//1359
f 2654//1350 2653//1349 2670//1315 2671//1316
f 2653//1349 2652//1348 2672//1293 2670//1315
f 2652//1348 2656//1352 2673//1294 2672//1293
f 2656//1352 2655//1351 2674//1311 2673//1294
f 2655//1351 2658//1279 2675//1296 2674//1311
f 2658//1279 2657//1353 2676//1297 2675//1296
f 2657//1353 2660//1281 2677//1298 2676//1297
f 2660//1281 2659//1280 2678//1325 2677//1298
f 2659//1280 2662//1355 2679//1300 2678//1325
f 2662//1355 2661//1354 2680//1312 2679//1300
f 2661//1354 2664//1285 2681//1362 2680//1312
f 2664//1285 2663//1356 2682//1363 2681//1362
f 2663//1356 2666//1358 2683//1304 2682//1363
f 2666//1358 2665//1357 2684//1364 2683//1304
f 2665//1357 2668//1360 2685//1321 2684//1364
f 2668//1360 2667//1359 2686//1307 2685//1321
f 2667//1359 2669//1361 2687//1365 2686//1307
f 2669//1361 2654//1350 2671//1316 2687//1365
f 2671//1316 2670//1315 2688//1315 2689//1309
f 2670//1315 2672//1293 2690//1323 2688//1315
f 2672//1293 2673//1294 2691//1317 2690//1323
f 2673//1294 2674//1311 2692//1311 2691//1317
f 2674//1311 2675//1296 2693//1296 2692//1311
f 2675//1296 2676//1297 2694//1297 2693//1296
f 2676//1297 2677//1298 2695//1298 2694//1297
f 2677//1298 2678//1325 2696//1299 2695//1298
f 2678//1325 2679//1300 2697//1300 2696//1299
f 2679//1300 2680//1312 2698//1312 2697//1300
f 2680//1312 2681//1362 2699//1362 2698//1312
f 2681//1362 2682//1363 2700//1363 2699//1362
f 2682//1363 2683//1304 2701//1366 2700//1363
f 2683//1304 2684//1364 2702//1367 2701//1366
f 2684//1364 2685//1321 2703//1321 2702//1367
f 2685//1321 2686//1307 2704//1368 2703//1321
f 2686//1307 2687//1365 2705//1365 2704//1368
f 2687//1365 2671//1316 2689//1309 2705//1365
f 2689//1309 2688//1315 2706//1315 2707//1292
f 2688//1315 2690//1323 2708//1323 2706//1315
f 2690//1323 2691//1317 2709//1317 2708//1323
f 2691//1317 2692//1311 2710//1311 2709//1317
f 2692//1311 2693//1296 2711//1296 2710//1311
f 2693//1296 2694//1297 2712//1297 2711//1296
f 2694//1297 2695//1298 2713//1298 2712//1297
f 2695//1298 2696//1299 2714//1369 2713//1298
f 2696//1299 2697//1300 2715//1320 2714//1369
f 2697//1300 2698//1312 2716//1301 2715//1320
f 2698//1312 2699//1362 2717//1302 2716//1301
f 2699//1362 2700//1363 2718//1303 2717//1302
f 2700//1363 2701//1366 2719//1366 2718//1303
f 2701//1366 2702//1367 2720//1305 2719//1366
f 2702//1367 2703//1321 2721//1314 2720//1305
f 2703//1321 2704//1368 2722//1307 2721//1314
f 2704//1368 2705//1365 2723//1328 2722//1307
f 2705//1365 2689//1309 2707//1292 2723//1328
f 2707//1292 2706//1315 2724//1315 2725//1292
f 2706//1315 2708//1323 2726//1323 2724//1315
f 2708//1323 2709//1317 2727//1317 2726//1323
f 2709//1317 2710//1311 2728//1295 2727//1317
f 2710//1311 2711//1296 2729//1296 2728//1295
f 2711//1296 2712//1297 2730//1370 2729//1296
f 2712//1297 2713//1298 2731//1371 2730//1370
f 2713//1298 2714//1369 2732//1369 2731//1371
f 2714//1369 2715//1320 2733//1320 2732//1369
f 2715//1320 2716//1301 2734//1301 2733//1320
f 2716//1301 2717//1302 2735//1302 2734//1301
f 2717//1302 2718//1303 2736//1313 2735//1302
f 2718//1303 2719//1366 2737//1304 2736//1313
f 2719//1366 2720//1305 2738//1305 2737//1304
f 2720//1305 2721//1314 2739//1314 2738//1305
f 2721//1314 2722//1307 2740//1307 2739//1314
f 2722//1307 2723//1328 2741//1328 2740//1307
f 2723//1328 2707//1292 2725//1292 2741//1328
f 2725//1292 2724//1315 2742//1372 2743//1373
f 2724//1315 2726//1323 2744//1374 2742//1372
f 2726//1323 2727//1317 2745//1375 2744//1374
f 2727//1317 2728//1295 2746//1376 2745//1375
f 2728//1295 2729//1296 2747//1377 2746//1376
f 2729//1296 2730//1370 2748//1378 2747//1377
f 2730//1370 2731//1371 2749//1379 2748//1378
f 2731//1371 2732//1369 2750//1337 2749//1379
f 2732//1369 2733//1320 2751//1380 2750//1337
f 2733//1320 2734//1301 2752//1381 2751//1380
f 2734//1301 2735//1302 2753//1382 2752//1381
f 2735//1302 2736//1313 2754//1383 2753//1382
f 2736//1313 2737//1304 2755//1384 2754//1383
f 2737//1304 2738//1305 2756//1385 2755//1384
f 2738//1305 2739//1314 2757//1386 2756//1385
f 2739//1314 2740//1307 2758//1387 2757//1386
f 2740//1307 2741//1328 2759//1388 2758//1387
f 2741//1328 2725//1292 2743//1373 2759//1388
f 2760//1389 2759//1388 2743//1373 2742//1372
f 2760//1389 2742//1372 2744//1374 2745//1375
f 2760//1389 2745//1375 2746//1376 2747//1377
f 2760//1389 2747//1377 2748//1378 2749//1379
f 2760//1389 2749//1379 2750//1337 2751//1380
f 2760//1389 2751//1380 2752//1381 2753//1382
f 2760//1389 2753//1382 2754//1383 2755//1384
f 2760//1389 2755//1384 2756//1385 2757//1386
f 2760//1389 2757//1386 2758//1387 2759//1388
f 2761//1390 2762//1391 2763//1392 2764//1393
f 2761//1390 2765//1394 2766//1395 2762//1391
f 2761//1390 2767//1396 2768//1397 2765//1394
f 2761//1390 2769//1398 2770//1399 2767//1396
f 2761//1390 2771//1400 2772//1401 2769//1398
f 2761//1390 2773//1402 2774//1403 2771//1400
f 2761//1390 2775//1404 2776//1405 2773//1402
f 2761//1390 2777//1406 2778//1407 2775//1404
f 2761//1390 2764//1393 2779//1408 2777//1406
f 2764//1393 2763//1392 2780//1409 2781//1134
f 2763//1392 2762//1391 2782//1410 2780//1409
f 2762//1391 2766//1395 2783//1411 2782//1410
f 2766//1395 2765//1394 2784//1412 2783//1411
f 2765//1394 2768//1397 2785//1413 2784//1412
f 2768//1397 2767//1396 2786//1414 2785//1413
f 2767//1396 2770//1399 2787//1415 2786//1414
f 2770//1399 2769//1398 2788//1416 2787//1415
f 2769//1398 2772//1401 2789//1189 2788//1416
f 2772//1401 2771//1400 2790//1417 2789//1189
f 2771//1400 2774//1403 2791//1418 2790//1417
f 2774//1403 2773//1402 2792//1419 2791//1418
f 2773//1402 2776//1405 2793//1420 2792//1419
f 2776//1405 2775//1404 2794//1421 2793//1420
f 2775//1404 2778//1407 2795//1422 2794//1421
f 2778//1407 2777//1406 2796//1423 2795//1422
f 2777//1406 2779//1408 2797//1424 2796//1423
f 2779//1408 2764//1393 2781//1134 2797//1424
f 2781//1134 2780//1409 2798//1409 2799//1134
f 2780//1409 2782//1410 2800//1410 2798//1409
f 2782//1410 2783//1411 2801//1411 2800//1410
f 2783//1411 2784//1412 2802//1412 2801//1411
f 2784//1412 2785//1413 2803//1413 2802//1412
f 2785//1413 2786//1414 2804//1414 2803//1413
f 2786//1414 2787//1415 2805//1415 2804//1414
f 2787//1415 2788//1416 2806//1416 2805//1415
f 2788//1416 2789//1189 2807//1189 2806//1416
f 2789//1189 2790//1417 2808//1417 2807//1189
f 2790//1417 2791//1418 2809//1418 2808//1417
f 2791//1418 2792//1419 2810//1419 2809//1418
f 2792//1419 2793//1420 2811//1425 2810//1419
f 2793//1420 2794//1421 2812//1421 2811//1425
f 2794//1421 2795//1422 2813//1422 2812//1421
f 2795//1422 2796//1423 2814//1426 2813//1422
f 2796//1423 2797//1424 2815//1424 2814//1426
f 2797//1424 2781//1134 2799//1134 2815//1424
f 2799//1134 2798//1409 2816//1409 2817//1134
f 2798//1409 2800//1410 2818//1427 2816//1409
f 2800//1410 2801//1411 2819//1411 2818//1427
f 2801//1411 2802//1412 2820//1412 2819//1411
f 2802//1412 2803//1413 2821//1413 2820//1412
f 2803//1413 2804//1414 2822//1414 2821//1413
f 2804//1414 2805//1415 2823//1428 2822//1414
f 2805//1415 2806//1416 2824//1416 2823//1428
f 2806//1416 2807//1189 2825//1189 2824//1416
f 2807//1189 2808//1417 2826//1417 2825//1189
f 2808//1417 2809//1418 2827//1418 2826//1417
f 2809//1418 2810//1419 2828//1419 2827//1418
f 2810//1419 2811//1425 2829//1420 2828//1419
f 2811//1425 2812//1421 2830//1421 2829//1420
f 2812//1421 2813//1422 2831//1422 2830//1421
f 2813//1422 2814//1426 2832//1429 2831//1422
f 2814//1426 2815//1424 2833//1424 2832//1429
f 2815//1424 2799//1134 2817//1134 2833//1424
f 2817//1134 2816//1409 2834//1409 2835//1134
f 2816//1409 2818//1427 2836//1410 2834//1409
f 2818//1427 2819//1411 2837//1411 2836//1410
f 2819//1411 2820//1412 2838//1412 2837//1411
f 2820//1412 2821//1413 2839//1413 2838//1412
f 2821//1413 2822//1414 2840//1414 2839//1413
f 2822//1414 2823//1428 2841//1428 2840//1414
f 2823//1428 2824//1416 2842//1416 2841//1428
f 2824//1416 2825//1189 2843//1189 2842//1416
f 2825//1189 2826//1417 2844//1417 2843//1189
f 2826//1417 2827//1418 2845//1418 2844//1417
f 2827//1418 2828//1419 2846//1419 2845//1418
f 2828//1419 2829//1420 2847//1420 2846//1419
f 2829//1420 2830//1421 2848//1421 2847//1420
f 2830//1421 2831//1422 2849//1422 2848//1421
f 2831//1422 2832//1429 2850//1429 2849//1422
f 2832//1429 2833//1424 2851//1424 2850//1429
f 2833//1424 2817//1134 2835//1134 2851//1424
f 2835//1134 2834//1409 2852//1430 2853//1431
f 2834//1409 2836//1410 2854//1432 2852//1430
f 2836//1410 2837//1411 2855//1433 2854//1432
f 2837//1411 2838//1412 2856//1434 2855//1433
f 2838//1412 2839//1413 2857//1435 2856//1434
f 2839//1413 2840//1414 2858//1436 2857//1435
f 2840//1414 2841//1428 2859//1437 2858//1436
f 2841//1428 2842//1416 2860//1438 2859//1437
f 2842//1416 2843//1189 2861//1439 2860//1438
f 2843//1189 2844//1417 2862//1440 2861//1439
f 2844//1417 2845//1418 2863//1441 2862//1440
f 2845//1418 2846//1419 2864//1442 2863//1441
f 2846//1419 2847//1420 2865//1443 2864//1442
f 2847//1420 2848//1421 2866//1444 2865//1443
f 2848//1421 2849//1422 2867//1445 2866//1444
f 2849//1422 2850//1429 2868//1446 2867//1445
f 2850//1429 2851//1424 2869//1447 2868//1446
f 2851//1424 2835//1134 2853//1431 2869//1447
f 2870//1448 2869//1447 2853//1431 2852//1430
f 2870//1448 2852//1430 2854//1432 2855//1433
f 2870//1448 2855//1433 2856//1434 2857//1435
f 2870//1448 2857//1435 2858//1436 2859//1437
f 2870//1448 2859//1437 2860//1438 2861//1439
f 2870//1448 2861//1439 2862//1440 2863//1441
f 2870//1448 2863//1441 2864//1442 2865//1443
f 2870//1448 2865//1443 2866//1444 2867//1445
f 2870//1448 2867//1445 2868//1446 2869//1447
